time_seconds,PM3,PM4,PM5,PM6,PM7,PM8,CC8,CC9,CC10,PA1,SA1,CR1
0.000000000e+00,6.286434086e-06,-2.026815285e-06,2.813166747e-07,-1.033939149e-05,-4.638767572e-06,-4.536014365e-06,-1.346838944e-07,-2.535581724e-06,1.142664434e-05,-6.763961855e-06,1.240307629e-05,-9.168621273e-06
1.000000000e-02,5.556329701e-06,2.756728210e-06,4.119255978e-06,-1.946129470e-06,5.929700856e-06,-1.433113155e-05,-1.037913712e-05,5.343080529e-06,1.324179833e-05,1.558198390e-05,8.891860079e-06,1.113676746e-05
2.000000000e-02,2.121582872e-06,1.126549633e-05,6.165542889e-06,1.041911513e-05,4.248993167e-06,3.281555272e-06,7.103959334e-07,2.954904998e-06,6.793621338e-06,2.540593804e-06,2.239113033e-06,1.453780724e-05
3.000000000e-02,9.002790942e-06,7.245195429e-06,-8.355224068e-06,1.007982415e-05,1.009375338e-08,8.544419635e-06,-3.318708885e-07,4.127472830e-06,4.380766416e-06,1.270760921e-05,-7.480334059e-06,1.163858716e-05
4.000000000e-02,1.549300701e-07,-3.368196683e-06,8.874291839e-06,1.752939083e-05,-1.172867452e-06,1.154359360e-06,5.774916686e-06,2.684311117e-06,-1.435003110e-06,2.535125118e-06,1.302282193e-05,8.691128866e-06
5.000000000e-02,4.114450473e-06,1.274746113e-05,5.874142961e-06,6.306006862e-06,3.148272942e-06,2.025303748e-05,-2.826530689e-06,-2.303491682e-06,3.299723539e-06,-1.929974796e-06,4.489683444e-06,-7.144301002e-07
6.000000000e-02,1.202059885e-06,5.782250454e-06,-2.641037628e-06,1.120391572e-05,-1.345047942e-06,8.035961311e-06,2.368563121e-06,1.195114227e-05,-5.419483853e-06,-1.153116960e-06,7.779767484e-07,-1.027414948e-05
7.000000000e-02,-7.415252714e-06,-3.282702989e-06,7.816664945e-06,1.078046986e-05,1.904861307e-06,-1.518732752e-06,1.483319018e-06,1.519311994e-05,-1.136131249e-06,-8.958335833e-06,-9.269452922e-06,-1.023715380e-05
8.000000000e-02,1.338707075e-06,-2.173775947e-07,7.192276523e-06,4.494530366e-06,4.393902481e-06,4.336494889e-06,1.175979401e-05,6.733665678e-07,5.569670387e-06,-1.113061222e-05,7.958692975e-06,-4.411112411e-06
9.000000000e-02,-1.161861222e-05,-1.279145599e-05,3.686471380e-06,-6.930774051e-06,2.352731720e-07,-3.322293153e-06,2.151774223e-06,-1.158141785e-05,-3.742012111e-06,3.802019569e-06,1.011823043e-06,-1.036146894e-05
1.000000000e-01,-1.081682614e-05,1.268517289e-05,-2.387397259e-06,-2.900686924e-06,-1.585311067e-06,5.821290816e-06,-1.013742795e-05,6.538976280e-06,-2.340626940e-06,3.214140385e-06,-3.791488367e-06,8.815193313e-07
1.100000000e-01,-1.000269882e-06,7.965900001e-06,6.713948035e-06,3.383640378e-06,-4.988000021e-07,-1.431676043e-06,-4.775200339e-06,-6.725017591e-06,-2.796841358e-06,-4.280190553e-06,1.514847792e-06,4.833418262e-06
1.200000000e-01,1.434097020e-06,-1.044076792e-05,6.596799467e-06,-8.606846471e-07,3.864143319e-06,8.209194977e-06,-5.930249604e-06,-1.831799668e-06,7.793336190e-07,2.482765102e-06,1.873902900e-06,1.208000478e-05
1.300000000e-01,1.508868266e-05,6.006930622e-06,-5.525817714e-06,-1.475285537e-06,8.316855731e-06,9.634648084e-06,4.482941756e-06,-7.235899694e-06,-1.794777842e-06,9.586381609e-06,7.659486564e-06,-1.472958953e-05
1.400000000e-01,2.842740417e-06,1.080059989e-05,1.530895283e-06,1.497051109e-07,7.393959899e-06,2.194688726e-06,1.115257231e-05,-6.903535725e-07,8.639197580e-06,1.309007977e-05,-1.543752846e-06,1.360203513e-06
1.500000000e-01,1.540685340e-05,1.419265298e-05,-1.666017213e-06,-9.127547024e-06,3.727068205e-06,1.374864897e-05,1.109636182e-05,4.376604978e-06,7.913236728e-06,-4.949998347e-06,7.991198448e-07,2.015052870e-05
1.600000000e-01,1.471821013e-06,-1.832078591e-06,5.845231569e-06,-1.332092052e-05,-9.137337693e-06,1.385416361e-05,6.251562778e-07,8.989892360e-06,-7.388220673e-07,8.252686668e-06,5.431619873e-06,-2.668612085e-06
1.700000000e-01,-3.940455017e-06,2.737097262e-06,-6.149119772e-06,-1.278624694e-05,-5.104033403e-06,-9.925438012e-08,-8.212484440e-06,-4.903646966e-06,5.540051350e-06,6.154619618e-07,-9.525019990e-06,-1.404232960e-05
1.800000000e-01,-2.275259765e-07,-4.116360941e-07,-1.376224480e-05,3.402834758e-06,5.210916824e-07,7.464168180e-06,-5.371196739e-06,-5.942198286e-06,1.667288312e-07,-8.395859214e-06,-1.761796316e-06,-1.583947426e-05
1.900000000e-01,-6.419942862e-06,-2.896583816e-06,-6.160579736e-06,3.348622774e-07,-4.051447336e-06,-1.308253849e-07,-7.791813218e-06,-3.706410726e-06,-6.348508340e-06,-8.225981881e-06,-5.472169017e-06,-1.488624954e-06
2.000000000e-01,-4.403897408e-06,-5.329122969e-06,-1.199832728e-05,-9.149738912e-06,-2.609690226e-07,-6.315825007e-06,-1.226466942e-05,-6.122076172e-06,-1.468592706e-05,-9.403455684e-06,-3.433047602e-06,8.727806331e-07
2.100000000e-01,-1.013074280e-05,-7.691105207e-06,-1.128382065e-05,-1.388439874e-05,-1.030254620e-05,-1.446035370e-06,2.213613071e-06,-6.192148536e-06,-6.107437720e-06,-1.553769097e-05,-4.402010828e-06,-1.636967257e-05
2.200000000e-01,-1.752730700e-06,-1.111614212e-05,-1.594186539e-05,5.050007852e-06,-4.683622792e-06,6.015150719e-06,-3.587168419e-06,-5.764538373e-06,8.134383057e-06,-7.915330756e-06,-5.502664755e-06,-5.824680643e-06
2.300000000e-01,1.068309378e-06,1.385638655e-06,-7.819212874e-06,-2.180599666e-06,8.309413527e-06,-1.366798934e-05,-4.136475359e-06,-1.105411861e-05,-9.777758283e-06,3.271119454e-06,4.174844002e-06,-1.965515885e-06
2.400000000e-01,-6.522711756e-06,-7.135137079e-06,2.844368379e-06,3.944133064e-06,9.255002400e-06,-3.365671752e-06,3.092166995e-06,-5.205433931e-06,3.662574485e-06,8.578545226e-06,7.428823801e-06,8.322515502e-08
2.500000000e-01,3.736133324e-07,9.923526303e-07,4.771938558e-06,1.485979651e-05,-1.429060418e-06,8.892377803e-06,-2.402816658e-06,4.322744568e-07,1.871369117e-05,-8.989708517e-07,-2.483681807e-06,1.898554695e-05
2.600000000e-01,-1.212559188e-05,3.462110590e-06,7.415786091e-07,-2.914619754e-06,1.380839431e-05,-1.176995110e-06,1.021993221e-05,8.725516998e-07,4.073498389e-06,2.790096465e-06,1.654474307e-06,-4.724707106e-06
2.700000000e-01,2.318057064e-07,1.244218583e-05,-2.873163236e-06,1.058794351e-05,-1.819670845e-06,-1.875334815e-06,6.483467765e-06,-1.029324170e-05,-2.850048098e-06,-6.193803623e-06,3.964195454e-06,4.530391363e-06
2.800000000e-01,-1.008735773e-05,-1.928930984e-06,5.001769924e-06,-1.164256598e-05,-2.199706349e-05,6.588251281e-06,-5.088914070e-06,5.153243114e-06,1.087482923e-06,-7.454325869e-06,-3.962448882e-06,-1.103499239e-05
2.900000000e-01,-6.135182268e-06,-7.659296058e-06,-8.401327766e-06,-5.608377836e-06,-8.065205002e-06,-2.339986874e-06,-6.302310075e-06,-2.284057427e-06,-4.037151026e-06,-9.769254436e-06,-4.430207602e-06,-9.742366306e-06
3.000000000e-01,-8.185684529e-06,-5.584097460e-07,-1.972338162e-05,-1.829306004e-06,8.156325192e-06,-1.920537218e-05,-2.198856451e-05,-1.215374785e-05,-7.168291084e-06,-1.849638171e-06,-9.452040782e-06,-6.962891293e-06
3.100000000e-01,5.795425291e-06,-5.623213412e-06,-1.734872872e-05,2.995018878e-06,2.268715227e-06,-4.129233090e-06,-3.676888847e-06,1.971735772e-06,4.227259163e-06,-1.866515179e-06,-3.842816602e-06,-1.773526171e-05
3.200000000e-01,-1.376822185e-05,-2.039188569e-06,-1.132702803e-06,-1.444819147e-05,-1.514399785e-06,3.581408610e-06,-9.448090365e-06,-3.324514480e-06,-1.443268875e-05,-5.151938053e-06,4.249645507e-06,-8.144136624e-06
3.300000000e-01,-1.409077896e-05,1.408611394e-05,1.236128983e-05,-1.683427142e-06,-1.293988743e-05,-1.699218379e-06,-4.165223110e-06,6.154169929e-06,1.724149926e-05,-1.271132108e-05,-2.630693491e-06,-6.191760343e-06
3.400000000e-01,3.755992209e-06,8.123448871e-06,-5.759617198e-07,4.326163515e-06,-9.035132843e-06,3.632008227e-06,1.948576391e-06,-1.722111583e-06,-4.301979382e-06,-6.709795275e-06,-1.316359211e-05,-8.964152078e-06
3.500000000e-01,3.493741347e-06,1.327679422e-05,1.431637476e-05,2.196863458e-06,2.203698097e-05,-8.033151788e-07,9.073461894e-06,2.538653262e-06,1.149556201e-05,5.770709037e-06,1.243415589e-05,-4.775204707e-06
3.600000000e-01,3.175273269e-05,-6.480513867e-06,1.934826824e-06,3.765754030e-06,9.560512732e-07,1.328877867e-05,1.289897078e-05,5.120769047e-06,1.100757879e-06,4.778849429e-06,-5.474104069e-07,1.781976400e-05
3.700000000e-01,6.601980891e-06,1.575645603e-06,1.435207541e-05,4.710484729e-07,2.299650550e-05,8.413182887e-06,1.108484623e-05,1.740975209e-05,4.679343529e-06,-4.695791830e-06,5.922238429e-06,8.726493798e-06
3.800000000e-01,5.180737216e-07,1.414600736e-05,7.995698247e-06,8.012735718e-06,7.998996445e-06,1.096319871e-05,8.901406615e-06,8.622086572e-06,5.887644923e-06,1.282480575e-05,7.573604500e-06,3.345987056e-06
3.900000000e-01,-1.887131192e-05,1.194842310e-05,2.154644794e-06,-5.314696825e-06,3.891347573e-06,-1.060700123e-05,2.066584284e-06,2.976547630e-06,7.427304220e-06,4.349370755e-06,-1.409375458e-05,7.930991735e-06
4.000000000e-01,1.885180065e-06,-1.957982870e-05,-7.398434635e-06,3.765540629e-06,-5.792531996e-06,1.060104525e-05,-6.288178345e-06,4.038286174e-06,-3.400046945e-06,-1.006032365e-05,-5.926421222e-06,2.476238553e-06
4.100000000e-01,-1.171181027e-05,-6.173972476e-06,6.648490286e-07,-2.176148283e-06,5.154591354e-06,7.228723581e-06,-2.473489012e-06,-1.225912801e-05,-6.973717323e-06,-1.433169449e-05,-4.149400468e-06,-2.420635049e-06
4.200000000e-01,3.756143762e-06,-8.850324749e-06,2.046257132e-06,-5.795838525e-07,-1.867166551e-06,-6.584909894e-06,-5.935866083e-06,-1.494379028e-06,-8.313897831e-07,-1.758693622e-05,5.567476776e-06,6.274196256e-06
4.300000000e-01,1.600778869e-06,7.849167377e-06,-1.939787756e-06,-2.165170612e-06,-3.594978777e-06,6.194910095e-06,7.012010450e-06,1.778700378e-06,4.687178721e-06,3.968640961e-06,8.487669698e-06,4.185819057e-06
4.400000000e-01,5.832900781e-06,-1.461359398e-06,1.743285725e-06,1.374013454e-06,-1.406525867e-06,9.862688745e-07,-1.073861635e-06,1.087671128e-05,5.296962607e-06,-8.210813812e-06,-6.878113113e-07,8.879779217e-06
4.500000000e-01,1.728369916e-05,4.013564851e-06,7.156074517e-06,-6.698629896e-06,1.306555219e-05,6.147458606e-06,5.733521506e-06,3.926272585e-06,-9.760040691e-07,1.208686665e-05,1.028650652e-06,5.883676758e-06
4.600000000e-01,1.918011720e-05,-3.248710993e-06,4.093957234e-06,5.138474666e-06,1.712012712e-06,1.053524854e-05,3.107787021e-06,1.338043643e-06,3.102620286e-07,1.407662323e-05,-1.729947875e-06,2.819877438e-06
4.700000000e-01,1.718613312e-05,1.097572948e-05,-1.359491227e-07,3.209292076e-06,7.429561265e-06,7.513625027e-06,6.733324617e-06,2.798654980e-06,7.588127069e-06,8.040910747e-06,5.547249187e-06,1.314887634e-05
4.800000000e-01,6.655477567e-06,1.478338089e-05,-1.549028964e-06,8.863509892e-07,2.131637802e-05,1.729904035e-05,4.516087010e-07,-2.718744702e-06,9.993800985e-06,3.394597992e-06,3.243726023e-06,7.420600003e-06
4.900000000e-01,1.905327128e-06,3.100197042e-06,3.150720527e-06,9.701889304e-06,-3.647660760e-06,-9.575627301e-06,7.223659728e-06,7.577298568e-06,-6.037759035e-06,8.931032026e-06,1.012728638e-05,-6.015588568e-06
5.000000000e-01,1.062357892e-05,-2.158733144e-06,-9.030303251e-07,-2.661809837e-06,1.666430039e-05,6.176003785e-07,1.526585667e-05,-2.642919420e-06,9.687805147e-06,-1.549660009e-06,5.788642357e-07,-7.526492064e-06
5.100000000e-01,3.547292700e-06,-7.853191784e-06,-1.982490738e-05,-4.847428147e-06,1.740532557e-06,-4.885297604e-07,-2.877358068e-06,-9.966925574e-07,-6.565146049e-06,5.080401355e-07,1.067348665e-05,-7.174286070e-06
5.200000000e-01,-8.119275007e-06,-4.556406759e-06,-2.780640630e-06,-8.730460360e-06,-1.757857700e-06,-4.530979622e-06,-3.642243750e-06,-4.693510193e-07,-6.291727680e-06,-1.878293614e-06,-1.369064466e-05,-9.863220847e-06
5.300000000e-01,-7.672223688e-06,-7.964903167e-06,-7.766692890e-06,-1.116912984e-05,-1.410561082e-05,-5.089096692e-07,1.054914319e-06,-6.746791594e-06,-3.168621071e-06,8.798194815e-07,-1.426066078e-05,-1.564780220e-05
5.400000000e-01,-1.343799422e-05,-1.277481103e-05,-7.076744536e-06,-7.226667774e-06,3.828977529e-06,-1.435668105e-05,-8.561945427e-06,2.167221101e-07,-8.466373723e-06,-1.180874024e-05,-3.401071655e-06,-1.070922976e-05
5.500000000e-01,-8.997559196e-06,9.663261408e-06,-2.202397033e-06,-8.288245401e-06,-4.139915129e-06,-8.064930114e-06,-2.771054760e-06,-1.152703579e-05,-1.657526854e-05,-1.041709333e-05,-1.096046505e-05,-7.848577925e-06
5.600000000e-01,1.316483253e-07,-3.634042646e-06,-8.780288214e-06,1.417178461e-06,-5.501131158e-06,-3.591825138e-06,-6.186511772e-06,-1.607288362e-05,6.810309342e-06,-1.908597150e-06,1.370412660e-06,-4.117239576e-06
5.700000000e-01,-9.698330929e-06,4.213549913e-07,1.451410583e-05,2.908265754e-06,-5.727855317e-06,3.616983562e-06,9.885940045e-06,-5.493769641e-07,2.371469734e-06,4.071514488e-06,-1.783868174e-06,8.276006747e-06
5.800000000e-01,-4.414463511e-06,-1.118577538e-06,-3.753741531e-06,-1.572673322e-05,1.507357193e-06,-5.245943073e-06,8.574065523e-06,-1.121308076e-05,3.240912934e-07,1.845650435e-06,1.617143910e-06,4.877018126e-06
5.900000000e-01,-2.151150594e-06,1.661625156e-05,4.447969950e-06,-4.228392339e-06,-5.336908342e-06,7.277074906e-07,5.786499911e-06,7.666961235e-06,9.084786177e-06,4.808819470e-06,1.443481224e-05,6.935289926e-06
6.000000000e-01,-4.924665753e-06,1.028527479e-05,-3.354807067e-06,1.573675947e-06,4.769929714e-06,-8.794232352e-07,-2.581991643e-06,1.715267126e-07,5.535478491e-06,5.057483400e-06,-1.538839135e-06,-1.326154916e-06
6.100000000e-01,-9.514135117e-06,-1.257489309e-05,-7.807076886e-06,2.456519263e-06,9.821547490e-07,5.120755108e-07,8.925372344e-06,1.852409990e-06,3.350906894e-06,-6.155897065e-06,-9.174724060e-06,-7.886194310e-06
6.200000000e-01,-1.805969842e-06,7.010316009e-06,-5.279883523e-07,-3.976946537e-06,2.333101033e-06,-9.064754074e-06,-9.112877086e-07,-5.929035622e-06,-1.011590470e-05,2.192467324e-06,-1.868300238e-06,-1.383259177e-05
6.300000000e-01,-1.545138108e-05,-1.417839287e-06,2.934249106e-06,1.464032345e-06,-7.975654688e-07,-1.949626795e-05,-1.342187674e-06,-7.986947300e-06,1.810549380e-06,-2.548625906e-06,4.879359973e-06,-4.931714860e-06
6.400000000e-01,1.053840231e-06,8.529134315e-07,4.434843216e-07,9.798838251e-06,-2.707554081e-06,-2.167484275e-06,7.054626436e-06,5.448863436e-06,-4.724771857e-06,-7.806203436e-06,-1.235583566e-05,-8.030241357e-06
6.500000000e-01,-3.811013486e-06,2.900664426e-06,-2.840371966e-06,-3.735992517e-06,1.150844082e-05,2.887679029e-06,4.711792084e-06,2.489519595e-06,-7.332602766e-06,-7.819135708e-06,-1.326110765e-07,-4.171591617e-06
6.600000000e-01,1.249557678e-05,-3.092952165e-06,-2.070390348e-06,-6.326497355e-06,-4.003403138e-06,9.475232704e-08,-7.526507050e-06,-5.712424026e-06,5.702382766e-06,8.654342270e-06,-8.932568847e-06,2.855791136e-06
6.700000000e-01,1.221922442e-05,-1.157575302e-05,-8.563823655e-07,1.075541930e-05,7.598958698e-06,-3.528828782e-06,9.033403387e-06,-5.040663533e-06,-9.619779597e-06,8.130485769e-06,-6.722322781e-06,1.402267377e-06
6.800000000e-01,6.521392535e-06,-6.019522051e-06,-7.296937507e-06,-2.009573977e-06,-8.266936829e-06,4.508681573e-06,-6.855146557e-06,9.418989983e-06,-5.047317278e-06,-8.957961963e-07,1.538895403e-05,8.058700588e-06
6.900000000e-01,-6.387611699e-06,3.182994737e-06,7.816193441e-06,2.187964539e-05,4.217698724e-06,2.846002034e-06,1.263498032e-05,1.007676939e-05,-6.287662026e-06,1.361404894e-05,1.098146319e-05,5.295493103e-06
7.000000000e-01,2.544361582e-06,-6.693516260e-06,8.752018851e-06,6.933371959e-06,1.395682877e-05,1.621777830e-06,1.371359887e-05,-4.614279969e-06,1.392860399e-05,-6.630359353e-06,1.999171266e-06,3.482436109e-07
7.100000000e-01,3.805302991e-06,1.349343062e-05,2.058963782e-06,-2.171083984e-07,7.767748355e-06,6.795170640e-06,1.073156395e-05,9.231277824e-06,4.407936420e-06,-7.400740215e-07,5.798878756e-06,1.587988725e-06
7.200000000e-01,-1.061096221e-06,2.898855042e-07,-1.012166211e-06,5.237356712e-07,1.997358904e-06,-2.388962780e-06,1.548387740e-05,-1.684145376e-05,4.428509214e-07,9.250831781e-06,2.378909666e-06,2.285205945e-06
7.300000000e-01,8.577419020e-06,-1.431909687e-06,-1.126694437e-05,1.358081733e-05,1.079192140e-05,-2.272725112e-06,6.869934965e-06,-7.851855228e-07,-7.377204511e-06,1.412811410e-05,-2.928490138e-06,5.863250405e-06
7.400000000e-01,-5.523425127e-06,7.186470991e-06,5.994802392e-09,6.795845550e-07,-1.331442585e-05,-8.610369654e-06,5.149072370e-06,5.349844758e-06,1.304325323e-05,-5.487998955e-06,3.454676045e-06,6.368773603e-08
7.500000000e-01,1.224873863e-05,4.104412972e-06,1.350411118e-06,8.426169874e-07,2.123429157e-06,-4.238980957e-06,-1.841570813e-06,-5.040362882e-06,-8.523862936e-06,-5.965410745e-06,-1.287460559e-05,1.146354767e-05
7.600000000e-01,-1.586142830e-05,-1.427725470e-06,-2.609639034e-06,-2.766786676e-06,7.131723082e-06,-1.041016526e-05,-1.336209563e-05,-2.024748967e-06,-6.875235431e-06,-9.529903657e-06,-9.246028442e-06,-1.142479930e-05
7.700000000e-01,2.747276750e-07,1.656590679e-05,7.195620206e-06,-2.235947939e-07,1.225391217e-05,-1.068102173e-05,1.367578147e-05,-9.293829924e-06,2.500274591e-06,8.259552757e-06,-1.064341516e-05,-6.245926824e-06
7.800000000e-01,-3.099240263e-06,-5.031387080e-06,5.309275714e-06,1.463279665e-05,8.079243114e-06,1.477807769e-06,1.155145781e-05,1.978515650e-05,5.217775808e-06,5.437513434e-06,1.823726746e-06,-2.798036824e-06
7.900000000e-01,1.235573609e-05,-5.201685390e-06,-1.768456665e-06,2.338932417e-05,-2.958975685e-06,4.624298572e-07,3.548399450e-06,7.931432519e-06,-7.218811877e-06,3.574044826e-06,1.906785999e-05,9.687356056e-06
8.000000000e-01,1.188766262e-05,1.532580863e-05,1.124213988e-05,1.547537688e-05,-3.006540336e-06,1.219449869e-05,1.693909655e-05,3.443366357e-06,1.298902743e-06,1.130444072e-05,-7.167416713e-07,-3.136231943e-06
8.100000000e-01,1.721817094e-06,5.140590409e-06,3.279868652e-06,1.674318758e-05,7.288613052e-06,8.966961841e-06,4.607009242e-07,2.415142237e-05,3.175464117e-06,5.832649011e-07,8.049724334e-06,8.539977447e-06
8.200000000e-01,3.274956618e-06,1.053166797e-05,5.634754315e-06,-4.486185302e-06,1.082833087e-06,-7.451154232e-06,-2.522836799e-06,7.029797663e-06,5.680587798e-06,5.081289556e-06,5.414554202e-06,2.770063686e-06
8.300000000e-01,6.894837704e-07,9.081518079e-06,5.822608253e-06,3.276540462e-06,-5.859671542e-06,3.484510333e-06,1.133920213e-06,-3.563170416e-06,3.950765739e-06,4.354935600e-06,1.802318949e-07,-7.616780420e-06
8.400000000e-01,-3.705267184e-06,-1.300986755e-05,4.801212023e-06,-1.695939492e-06,-1.174414408e-05,7.644370197e-06,3.032014964e-06,-6.821932107e-06,-8.996869426e-06,8.114712219e-06,5.129170149e-06,-6.139950046e-06
8.500000000e-01,5.648940630e-06,-1.812628365e-05,-5.636181213e-06,-7.300027904e-07,1.813500284e-07,-1.102721260e-05,3.916981089e-06,9.436291054e-08,-1.246917560e-06,-8.950004463e-08,-4.304503316e-06,7.418662550e-06
8.600000000e-01,-4.133194634e-06,6.299439514e-06,-1.429633125e-05,-2.401011107e-06,1.256508243e-06,-8.002259914e-06,-1.347986323e-05,-6.742010852e-06,-7.763028065e-06,1.292387278e-07,-8.838854290e-06,-1.181388034e-05
8.700000000e-01,6.295538931e-06,2.099880687e-06,-2.503363463e-05,-9.799018567e-06,1.812461467e-06,-1.315123292e-05,9.136942193e-06,-1.175505072e-05,-1.125892042e-05,-9.881815291e-06,-6.226462441e-06,-6.613786929e-06
8.800000000e-01,-1.061103165e-05,-1.774365078e-05,3.033697130e-07,5.021743449e-06,-1.363160387e-05,4.545208242e-07,3.974263291e-06,-7.269818024e-06,-2.622201115e-06,-4.775690207e-06,-7.387207949e-06,-1.093118155e-05
8.900000000e-01,-1.456876302e-05,6.230728623e-06,7.515461990e-06,1.929497675e-06,4.958799636e-07,-8.875107183e-07,-4.091978206e-06,6.330321084e-07,-1.798089624e-06,2.294780031e-06,-2.277288641e-06,-3.192583248e-06
9.000000000e-01,8.026018314e-06,5.332890112e-06,3.358846251e-06,-2.305085703e-06,-3.524071690e-06,2.534078997e-06,-2.527875736e-06,-6.258547656e-06,1.125523367e-06,-1.007252965e-05,-1.455684716e-06,-1.463265594e-06
9.100000000e-01,-2.130033356e-06,1.014719385e-05,7.549935602e-06,-3.429514917e-06,3.272828410e-06,4.599524484e-06,1.230832310e-05,1.098334904e-05,-1.167125248e-05,1.830335950e-06,9.588010023e-06,-8.442528430e-06
9.200000000e-01,-1.923498954e-07,8.198639525e-08,-4.177824057e-06,2.389329287e-06,1.132404781e-05,2.169160297e-07,2.826177213e-06,7.505488298e-07,3.246492598e-06,2.216399714e-06,8.714288145e-08,3.269537263e-06
9.300000000e-01,-7.430418711e-06,-2.163527927e-06,3.911722042e-07,1.014467361e-05,5.789436376e-06,-2.408658484e-06,4.648463868e-06,9.834309072e-06,-1.026395618e-05,1.607313379e-06,-1.095395547e-05,-2.231731323e-06
9.400000000e-01,7.328939578e-06,1.082389802e-05,-6.196395271e-06,2.870039260e-06,-5.339019697e-06,-7.017810919e-06,5.690519654e-06,6.514458660e-06,-8.224572890e-06,-9.669044123e-06,-3.972239962e-06,9.297677877e-06
9.500000000e-01,2.512933125e-06,-5.431065013e-06,-1.023568778e-05,-1.508841908e-06,-1.505357685e-06,1.016993430e-06,-1.880121735e-05,-2.641363401e-06,2.182597979e-06,-1.733738571e-07,-6.154361391e-07,8.611294815e-07
9.600000000e-01,-6.063658962e-06,-1.171208814e-06,-1.419435884e-05,2.865832035e-06,-1.067959582e-05,-1.041365251e-05,-7.614861234e-06,-9.310175715e-06,-5.043082559e-06,3.249144154e-06,-8.069129786e-06,-1.661675926e-05
9.700000000e-01,-7.546276142e-06,-1.050998235e-05,-1.007183663e-05,-3.977486959e-06,-1.786152156e-05,-1.386718633e-05,-2.041245586e-05,-1.407605514e-05,1.294362585e-06,-1.689233031e-05,-1.931320442e-05,-1.118665259e-05
9.800000000e-01,-2.923938676e-05,-2.707630154e-06,-1.258690709e-05,-8.317240567e-07,9.164301902e-07,-5.368165621e-07,9.314034176e-08,-7.569250045e-07,-1.509963033e-05,-3.785864213e-06,-1.700720130e-05,-1.155638693e-05
9.900000000e-01,3.562195616e-06,-1.295211731e-06,5.618827353e-06,-5.756185800e-06,-3.334991902e-06,2.323488194e-06,5.112837429e-06,-7.657937167e-06,-1.766835933e-06,-2.043244981e-06,1.294250167e-07,3.554364838e-06
1.000000000e+00,-7.763871994e-08,-9.920824790e-06,7.481258540e-06,-6.410094448e-06,-2.038121497e-06,3.789650294e-06,-4.374173512e-06,-4.469937055e-06,-1.503526165e-06,-2.856649395e-06,1.555214284e-06,1.225117914e-05
1.010000000e+00,2.385240932e-06,6.566348494e-06,-2.803142724e-06,1.194460337e-06,-9.323837387e-06,-5.715470386e-07,1.127923446e-05,4.865407849e-06,-1.852028105e-06,-4.632364889e-06,-7.572780662e-06,7.424844908e-06
1.020000000e+00,1.110741280e-05,2.677927921e-06,1.237204701e-05,-2.888947925e-06,1.549344982e-05,-6.193057542e-06,6.019711869e-06,8.567159111e-06,-4.195550421e-07,7.543402360e-06,1.460254625e-05,-6.291341803e-08
1.030000000e+00,1.221167292e-05,-2.642188082e-07,2.726176042e-06,9.012860623e-06,1.676305739e-05,1.040901711e-05,-7.988508918e-06,7.995887443e-06,8.431019260e-06,5.852800381e-06,4.023291729e-06,-4.191822220e-06
1.040000000e+00,6.835275948e-06,8.679122338e-06,2.607524486e-06,5.474893131e-06,4.402428756e-07,-2.529200757e-06,-2.419121471e-06,8.063582271e-06,-6.134252497e-07,6.732084253e-06,4.723645823e-06,-7.073887705e-07
1.050000000e+00,6.752823157e-06,8.956579652e-06,1.189127240e-05,5.420277774e-06,1.426596091e-05,-1.302028722e-05,-1.119725816e-05,1.883837659e-06,3.807358206e-06,1.011205753e-06,1.399421657e-07,-3.089199582e-07
1.060000000e+00,-6.188732017e-06,3.151994139e-06,1.675429031e-06,-8.744174230e-06,8.891436775e-06,-3.058742699e-06,8.344571417e-06,2.828617703e-06,5.853624317e-06,2.677082123e-06,6.475488395e-06,3.727054809e-06
1.070000000e+00,1.107062032e-05,-5.327726675e-06,1.589710494e-06,4.270230927e-06,1.030145799e-05,3.460065775e-06,-6.122167727e-06,-1.617023513e-06,1.737777392e-05,-1.067986458e-05,-4.037560433e-07,-3.458863019e-06
1.080000000e+00,7.588489974e-06,-7.206063772e-06,-4.394595423e-06,9.143300188e-06,-7.333256073e-06,4.160350624e-06,-1.558813546e-05,1.073970382e-06,-9.436614686e-06,-1.785999488e-06,1.896376003e-06,1.197859220e-05
1.090000000e+00,1.586257088e-05,-1.115908360e-06,-5.130410008e-06,-9.738843509e-06,-1.796649061e-06,5.807681246e-06,1.145981240e-06,-1.142375512e-05,1.246526554e-05,-1.615387148e-05,3.797765019e-06,-1.917885851e-06
1.100000000e+00,5.077920032e-06,1.711250196e-06,-3.860807164e-06,2.616738747e-06,-6.517196722e-06,-4.982378372e-06,-3.650732030e-06,-4.931578180e-06,1.638245706e-06,1.012264223e-05,-1.963505402e-06,-6.384802382e-06
1.110000000e+00,3.166681845e-07,8.367613945e-06,-2.544458498e-08,1.935182492e-06,1.693247629e-05,1.838756631e-05,-4.367553333e-06,-3.482350247e-06,-8.766469324e-06,6.476421147e-06,-1.168679173e-06,1.541274370e-05
1.120000000e+00,6.812271907e-06,3.835377974e-06,4.235604375e-06,-1.212328205e-05,1.664990507e-05,5.338546453e-06,-2.060641947e-06,1.952118075e-07,-5.412478226e-06,8.020604636e-06,4.624123741e-06,8.796711880e-06
1.130000000e+00,9.003463815e-06,1.731221973e-05,4.318741725e-06,1.045668612e-05,-2.067132442e-06,5.633560175e-06,1.393704241e-05,1.434477760e-05,-4.282030588e-06,2.656226639e-06,-2.133032422e-06,4.199164468e-06
1.140000000e+00,5.050596938e-06,4.935015755e-06,-3.479572823e-06,1.041088573e-05,7.730357448e-06,-1.921283641e-06,4.201766793e-06,-4.169926323e-06,1.112559232e-05,1.529221616e-05,-7.696262266e-06,1.615514991e-05
1.150000000e+00,7.426514632e-06,-1.802740850e-06,1.040732094e-05,5.916889393e-07,6.994978381e-06,2.804451403e-06,-7.819789266e-06,3.762368788e-06,1.039711491e-05,7.156648402e-06,3.048444059e-06,6.683049964e-06
1.160000000e+00,-1.033045301e-06,-1.911964216e-06,-7.172131101e-07,8.205664386e-06,-9.194843915e-06,9.802714265e-06,1.095557457e-06,-3.354892086e-06,2.601188747e-06,5.282805723e-06,3.884300410e-07,9.818379381e-06
1.170000000e+00,5.140469401e-06,-5.404110505e-06,-2.174915726e-06,7.013641311e-06,-5.408638418e-06,-4.308542825e-06,-9.552568552e-07,-2.807902071e-06,2.017903719e-06,-1.571284039e-06,-1.012451363e-05,-8.477224923e-06
1.180000000e+00,-3.205036348e-06,-1.770592931e-05,-1.370690239e-05,-9.089663175e-06,5.612307797e-06,1.392621188e-06,-3.576325436e-06,-7.192150588e-06,-1.181345047e-05,1.509360188e-06,-1.406985197e-05,-5.944986005e-06
1.190000000e+00,-9.583737158e-06,-1.109923061e-05,-6.565277356e-06,9.874879013e-06,-3.764723177e-06,-8.628865594e-06,4.017200922e-06,-5.272248382e-06,3.323008325e-06,6.316662511e-07,-5.227882184e-06,-1.904473975e-07
1.200000000e+00,-1.583625062e-05,-1.520406830e-07,-4.440499387e-06,-7.790570500e-06,-4.139995729e-06,-1.604826224e-05,-1.024127239e-05,-6.032335319e-06,-4.072881333e-07,-8.023154713e-06,-3.417695373e-06,-7.587764858e-06
1.210000000e+00,-3.611034787e-06,-1.634361634e-06,-1.272080090e-05,-2.897401654e-06,1.145455789e-05,-1.053298991e-05,-1.412600743e-05,-5.912661448e-06,-9.316135444e-06,5.855882518e-06,-5.373195430e-06,-6.755886303e-06
1.220000000e+00,3.308063937e-06,5.770150002e-06,-7.088966583e-06,5.409223052e-06,-5.051433639e-06,-2.576474111e-06,-1.526309082e-06,-1.462555674e-05,-3.772257193e-07,-5.278057628e-06,-6.299813980e-06,3.423916398e-06
1.230000000e+00,-1.533778155e-05,-9.757502556e-06,1.960947060e-05,9.055863073e-07,-5.513353362e-06,8.936291089e-06,9.082922914e-06,2.170833877e-06,-8.246530577e-06,-4.916151123e-06,6.100407227e-07,1.874964756e-05
1.240000000e+00,-8.256214325e-06,9.489592575e-06,-7.317139740e-06,6.181554051e-06,2.008617309e-06,1.103162987e-05,1.285359759e-05,1.637550987e-07,1.762095767e-06,-5.159323318e-06,8.520912983e-06,-2.679230171e-06
1.250000000e+00,1.924045284e-06,1.487864586e-05,-6.378295047e-06,-2.269185093e-06,-2.941578210e-06,3.829599042e-06,4.158666044e-06,2.830742701e-06,3.323265700e-06,8.791244931e-06,2.031020486e-05,-1.071447836e-05
1.260000000e+00,5.456112558e-06,-3.531945304e-06,8.492940744e-06,9.585440994e-06,5.958448853e-06,-3.158511525e-08,-4.674303537e-06,8.109438119e-06,3.686203657e-06,4.418010444e-06,4.171081827e-06,1.066003359e-06
1.270000000e+00,9.847765269e-06,-2.821168826e-06,-5.496652927e-07,9.971784968e-07,-1.096358366e-05,2.031332525e-06,6.406996240e-06,-3.665983634e-06,6.328726207e-06,-6.257159679e-06,-1.337720075e-05,-5.498995117e-06
1.280000000e+00,-5.189113014e-06,-2.786075890e-06,3.458234307e-06,-1.282408402e-06,-4.677146948e-06,-5.385438959e-06,-1.828258859e-05,-5.931940456e-06,-1.168268775e-06,-1.856861763e-05,9.339602769e-07,1.068736742e-05
1.290000000e+00,-8.703777170e-06,-7.750524183e-06,-1.182051991e-05,-1.613827597e-05,-6.257628044e-06,-9.856232185e-06,-2.395950380e-06,-9.081380148e-06,-5.248450764e-06,-7.204661818e-06,-6.470559421e-06,-4.403528069e-08
1.300000000e+00,-1.017081681e-06,-8.125182842e-06,-1.016043135e-06,-3.193283468e-06,-2.684687530e-07,-7.391351923e-06,7.494704281e-07,2.914345287e-07,-2.643910311e-06,-2.124379326e-06,-5.208888434e-06,-5.002015290e-06
1.310000000e+00,-4.854546279e-07,-1.658292335e-06,-5.500802878e-06,-6.711172288e-06,-1.684955039e-05,3.321745520e-06,1.004986743e-06,1.052949096e-06,-4.810573337e-06,-8.057390761e-06,-2.868324923e-06,-8.491391598e-06
1.320000000e+00,2.171787240e-06,-6.085403798e-06,-8.764544307e-06,-1.306627102e-05,3.260727206e-06,1.895248211e-06,-9.800735623e-07,-1.958339252e-05,-4.640531012e-06,3.723619528e-06,-1.052650766e-05,-1.058334125e-06
1.330000000e+00,-1.689690532e-05,-9.475946396e-06,-4.146916134e-06,-3.972486673e-06,-8.461123483e-06,-1.184389404e-05,-1.066398713e-05,-9.226289154e-09,9.999015668e-06,-6.605872718e-06,-6.025433234e-06,-7.134743571e-06
1.340000000e+00,3.567489388e-06,1.659948799e-05,1.809559465e-06,3.552321184e-07,6.397014124e-06,1.941530754e-06,5.870381154e-06,-1.676740643e-06,1.516600880e-06,1.543089812e-07,1.053689200e-06,1.519880415e-05
1.350000000e+00,1.023080219e-05,2.588904619e-06,3.930129370e-06,-7.001979085e-06,7.381822259e-06,7.674515804e-07,9.937760085e-06,1.577561255e-05,-3.790082725e-07,-2.835652373e-06,-8.551299780e-08,6.773313270e-06
1.360000000e+00,-9.929885397e-06,2.203451879e-06,7.254346123e-06,1.168930687e-05,7.028423536e-06,7.495363949e-07,6.931287135e-06,6.050651746e-06,-1.691790213e-06,-5.073747061e-06,-8.042476692e-06,2.163377610e-06
1.370000000e+00,9.675335475e-06,2.955105244e-06,-3.543130741e-06,1.403041485e-06,1.265600480e-05,9.759616866e-06,1.773268111e-05,1.330196675e-05,1.246537502e-05,4.377517603e-06,1.096917528e-05,7.271160229e-06
1.380000000e+00,5.571065425e-06,-1.778187978e-06,7.925203014e-06,-4.059083519e-06,1.568262959e-05,-1.932145433e-06,1.217869135e-05,-1.138533240e-05,6.882033147e-08,1.651750401e-05,8.344689819e-06,8.591601244e-06
1.390000000e+00,1.286786566e-05,3.928618385e-06,2.266529115e-06,4.572035043e-06,-5.828489742e-06,1.006290233e-05,-4.592010750e-06,-9.583483869e-06,1.657931244e-06,-1.496799649e-05,-6.339551119e-06,1.048801737e-06
1.400000000e+00,-8.310556245e-06,-1.051347411e-05,2.144596036e-06,1.913933209e-06,-3.341827108e-06,-1.205194206e-06,2.659169587e-06,3.660753134e-06,-5.339300763e-07,-2.805705401e-06,-9.133506149e-06,1.749525850e-06
1.410000000e+00,-6.706506779e-06,3.925253448e-06,8.145105922e-06,7.483574792e-06,-2.871106539e-06,-1.274847556e-06,7.082569771e-06,-8.090503922e-06,-1.828971644e-06,-7.112630774e-06,4.861914873e-06,-8.952274603e-07
1.420000000e+00,5.371589417e-06,1.022472394e-05,-5.651107981e-06,-5.063229515e-06,-5.861708264e-06,-9.210935358e-06,-1.398211191e-06,-5.200927171e-06,7.669982905e-07,-7.827487050e-06,2.397700075e-06,8.962411502e-06
1.430000000e+00,-1.196458578e-06,-1.247414525e-05,-7.668126282e-06,-7.585803375e-08,3.508285242e-06,-7.796148598e-06,-9.575821280e-06,4.532068189e-06,-4.988267196e-06,-5.781415030e-06,-8.753749856e-06,-1.051650783e-05
1.440000000e+00,1.464622752e-05,-6.769487744e-06,-7.019813992e-06,1.405539767e-06,9.207496931e-06,-1.856012804e-06,3.264687279e-07,-1.960012622e-06,-8.965496808e-06,1.782423974e-06,1.004731178e-06,-5.470397436e-06
1.450000000e+00,6.097556466e-06,-7.080163678e-06,5.035332356e-07,1.121766494e-05,4.748384353e-07,3.417544179e-06,2.894691513e-06,2.848784098e-06,1.513394091e-07,-8.149184989e-07,-3.037585671e-06,-4.586270708e-06
1.460000000e+00,-2.639777660e-07,9.177507385e-06,1.555199705e-05,6.235889201e-06,3.180276920e-06,3.550131964e-06,6.399134218e-06,2.144367270e-05,8.176047202e-06,-2.108961770e-06,2.317414427e-05,1.455496431e-05
1.470000000e+00,8.650282959e-06,-2.178121227e-06,1.762384054e-05,2.150474593e-06,5.171093949e-06,7.581587640e-06,-7.622769250e-06,1.148290854e-05,1.036402405e-05,1.463474847e-05,1.966979183e-05,2.456992093e-06
1.480000000e+00,3.180245591e-06,5.088532593e-06,1.715342369e-05,-6.456490533e-07,4.268958556e-06,3.774569554e-06,-4.423870476e-06,1.617964237e-05,3.368442275e-06,1.797818706e-05,2.535036003e-06,2.154786894e-06
1.490000000e+00,-7.065215350e-06,-3.837571921e-06,1.099202592e-05,1.134027018e-05,7.946452692e-06,8.647864405e-06,-1.332857872e-06,-7.644738073e-06,3.858319199e-06,1.144337214e-05,9.721760476e-06,4.333219646e-06
1.500000000e+00,1.259428292e-05,-8.934804851e-06,4.515280968e-06,-2.672911420e-08,-7.622409121e-06,-3.517338722e-06,4.159784237e-06,-2.364308256e-06,5.582804044e-06,4.811384558e-06,1.607395946e-05,-1.792513456e-06
1.510000000e+00,1.243915316e-05,-5.628319536e-06,2.366304905e-06,1.328836524e-06,1.025491823e-06,-6.568279230e-06,-2.092385642e-05,-1.143902858e-05,-5.228873153e-06,-8.433372992e-06,-1.816597001e-06,-9.388972528e-07
1.520000000e+00,-4.826146036e-06,-1.262148686e-05,-4.043770732e-06,-8.534626800e-06,-6.472987953e-06,-1.342474425e-05,-1.921412150e-05,-9.236820371e-07,1.789924051e-06,-6.463891528e-06,-7.326670770e-06,8.907422506e-07
1.530000000e+00,-3.748284412e-06,5.279550154e-06,5.476337581e-06,-4.794662037e-06,-4.466491924e-06,-6.060778770e-06,-1.332340833e-05,2.777276673e-06,-1.376350904e-05,-7.719449659e-06,-3.498399549e-06,-1.953108848e-06
1.540000000e+00,-3.330103447e-06,-1.633763296e-05,1.815104742e-06,-6.148842136e-07,-1.037296178e-05,-1.042064537e-05,2.898861896e-06,-6.378009952e-06,-4.202852262e-06,7.513243561e-06,-1.696403982e-05,4.160611211e-06
1.550000000e+00,-8.632671094e-06,7.219970060e-06,2.570350990e-06,2.178673110e-06,8.550479369e-07,5.083039573e-06,4.932188243e-06,-1.737496204e-05,2.431101034e-06,-5.081315496e-06,-1.116661344e-05,-1.531383640e-05
1.560000000e+00,-3.914688043e-06,3.130739733e-06,2.031610329e-06,-1.692245482e-06,-3.257401546e-06,-7.420127030e-06,-9.829592773e-06,-1.192245276e-05,-2.502678554e-07,-1.061719328e-06,1.566004983e-05,-4.043016439e-06
1.570000000e+00,-1.220088604e-05,9.574345945e-06,-1.504655435e-07,2.286464726e-06,-7.953713097e-06,7.366722220e-06,2.259453495e-06,9.465466884e-08,-1.426480255e-05,-1.043793088e-05,5.208354277e-06,2.304688814e-06
1.580000000e+00,-8.794439204e-06,3.481469449e-06,-1.183395109e-06,-3.361351280e-06,-7.841628294e-06,5.734402998e-06,2.593032579e-06,-1.052152278e-05,-3.862514531e-07,6.015005906e-06,1.031841122e-05,-8.893178450e-07
1.590000000e+00,-8.159552347e-07,-4.409467244e-06,7.605458617e-06,1.282898905e-05,-3.335332902e-06,-3.937718638e-06,5.384157123e-06,5.135948972e-06,-6.511273629e-07,4.249346599e-06,-5.596644324e-06,-5.487961834e-07
1.600000000e+00,5.914831652e-06,1.488087680e-05,-3.035078401e-06,9.656452464e-06,1.308266655e-06,-6.606636935e-06,-3.218065048e-06,6.745281445e-06,-7.688282550e-06,3.443995153e-07,-5.927672580e-06,1.002074571e-05
1.610000000e+00,-3.914973130e-06,4.305928105e-06,3.355551803e-07,-1.225427087e-05,-5.921280753e-06,-9.840932294e-06,-2.351318826e-06,-3.201645609e-06,2.032786039e-06,-7.058442670e-06,6.360369714e-06,-7.601152453e-06
1.620000000e+00,-2.006688011e-05,-1.207474215e-05,2.023791875e-06,1.008327819e-05,1.513585061e-05,-6.674549003e-06,-2.347370373e-06,7.239971732e-06,-1.547076006e-05,3.303124502e-06,-9.141239898e-06,-5.702261962e-06
1.630000000e+00,-5.414967010e-06,-5.933960474e-06,-7.540483972e-06,-1.061838204e-05,-4.077057805e-06,-1.378936800e-05,-5.308577280e-06,-3.023903505e-06,-1.936218865e-07,-9.021743513e-06,5.042115803e-06,2.301887019e-06
1.640000000e+00,3.859573408e-06,-3.584379809e-06,1.223153072e-06,-5.450004774e-06,-1.141372401e-05,-1.585214458e-05,-8.530405301e-06,9.694958028e-06,-1.349968179e-05,1.868347044e-06,-9.939674379e-06,-7.142485081e-06
1.650000000e+00,-3.492065339e-06,-3.118156779e-06,3.380575132e-06,-1.021808908e-05,-9.152575900e-06,-9.685990775e-06,-3.855396972e-06,-1.505152950e-05,-1.552233899e-06,-3.241162624e-06,-1.278333449e-05,-8.840085430e-06
1.660000000e+00,-5.492439643e-06,3.077401380e-07,-4.219454332e-06,-1.297134129e-06,2.130552923e-06,9.144432261e-06,7.182485738e-06,-1.082236474e-05,-1.161955086e-05,7.998059057e-06,-6.285541084e-06,1.216492392e-06
1.670000000e+00,-1.032499947e-05,5.450836877e-06,-1.120411115e-05,-8.548259540e-06,-3.282687852e-06,-4.320247002e-06,8.555651200e-06,-7.261622184e-06,1.412214286e-05,4.905522974e-06,1.467877557e-05,-9.928239049e-06
1.680000000e+00,2.359141413e-06,7.310139311e-06,-1.886998145e-06,1.071896324e-05,8.315684791e-06,5.204827701e-06,8.015933091e-06,9.488042776e-06,1.272390694e-05,3.738377752e-06,3.427388707e-07,1.499751566e-05
1.690000000e+00,3.652628646e-06,8.749840278e-07,5.402631646e-06,1.112086215e-05,5.449849875e-06,1.624862172e-05,-2.432168288e-06,-6.674212039e-07,2.122163272e-06,1.688748575e-05,-3.157938731e-06,3.810715196e-06
1.700000000e+00,-2.268101819e-06,1.153716015e-05,-1.963588543e-06,-6.373635223e-06,2.423154663e-05,7.454295712e-06,2.894191754e-06,4.586442438e-06,8.950192937e-06,7.955439476e-06,9.827887925e-07,1.580188637e-06
1.710000000e+00,1.452614413e-05,4.153851808e-06,6.142874840e-06,3.637574199e-07,-9.255878109e-06,1.172103797e-06,1.010371572e-05,1.001811321e-05,2.773337317e-06,-2.602573930e-06,4.675098621e-06,2.943051814e-06
1.720000000e+00,1.595373622e-06,-4.788377984e-06,2.660684825e-07,-1.112968273e-05,-6.622859452e-06,2.629208648e-06,-2.720674964e-06,-3.980253067e-06,-4.555212103e-06,5.699117649e-06,4.014264539e-06,5.132243420e-06
1.730000000e+00,6.522756383e-06,-1.466046473e-06,6.548902077e-06,4.903159125e-06,-2.106843406e-07,-4.955627273e-06,-1.320716397e-06,3.494134578e-06,-7.747884318e-07,5.594790287e-06,1.307766509e-05,4.743334678e-06
1.740000000e+00,7.612974702e-07,8.696816434e-07,4.098058207e-06,-8.084079168e-06,2.331994326e-06,1.506472818e-06,-2.193241182e-06,-2.949493946e-06,5.743467857e-06,5.430398789e-06,1.187434274e-06,-1.049392518e-05
1.750000000e+00,-8.941140480e-06,3.332877536e-06,-4.750449540e-06,-1.324895972e-05,-9.864104147e-06,4.033502026e-06,5.314759777e-07,-1.389640122e-05,-8.670911843e-06,-1.435497700e-05,-3.708396712e-06,1.060599356e-06
1.760000000e+00,-6.151846501e-06,-4.623441238e-06,9.994225311e-07,9.000075011e-06,4.244051862e-06,4.659795095e-06,1.080718948e-05,2.128225970e-06,-6.310096392e-06,-9.899708543e-06,2.848918912e-06,7.639466217e-06
1.770000000e+00,5.993170272e-06,9.557130405e-06,5.262860354e-06,1.727802029e-06,1.251060247e-05,7.675402206e-06,1.394700541e-05,2.640570564e-07,-5.127514563e-06,9.475355541e-07,4.946685605e-06,9.212842066e-07
1.780000000e+00,-1.133059213e-06,-3.498127547e-06,1.342622998e-05,2.740345457e-06,-6.650367889e-07,3.419722402e-06,3.533514721e-06,3.426124370e-06,-3.466444470e-06,1.906003339e-06,7.934925127e-06,-4.467791557e-08
1.790000000e+00,5.507537690e-06,-6.387595493e-06,6.802339265e-06,3.290077795e-06,7.442618853e-07,6.802099064e-06,1.745950600e-05,1.394995998e-05,1.121841966e-05,6.814666164e-06,1.384118401e-05,6.953741205e-06
1.800000000e+00,1.151611361e-05,2.604797562e-05,1.523890537e-05,5.721357861e-06,-2.195509112e-06,-1.340403432e-06,9.097865392e-06,1.995361962e-05,7.151114938e-06,1.009697166e-05,4.184552658e-06,1.141164494e-05
1.810000000e+00,-6.076471770e-06,1.883854326e-06,-1.651713488e-06,1.202306969e-07,-3.446468454e-06,5.248059610e-06,-4.490513382e-06,7.622518911e-06,4.955523160e-06,1.983337501e-05,5.981840326e-06,-4.956755141e-07
1.820000000e+00,5.483808416e-06,1.359475884e-05,5.712200624e-06,-4.470034505e-06,1.035749804e-05,7.451592831e-07,1.812272918e-05,-2.289427429e-06,1.297927179e-05,2.238124389e-06,-8.522265850e-06,5.455371110e-06
1.830000000e+00,3.459651421e-07,2.573990020e-06,3.750578747e-07,-3.433819183e-06,5.534314518e-06,1.785002286e-06,-7.090363781e-07,2.830355453e-07,1.183232427e-05,1.774156530e-06,-1.161164911e-05,8.421984767e-06
1.840000000e+00,1.784355425e-06,9.824979663e-06,1.013064713e-07,-9.199836054e-06,-8.071350657e-06,-9.073152856e-07,-6.588051746e-06,3.935684611e-06,-9.509392999e-06,-6.584695180e-06,-9.267672247e-07,-3.228712884e-06
1.850000000e+00,6.801365031e-06,-4.842351252e-06,-9.573504362e-06,2.063752901e-06,-7.156293483e-07,1.365806195e-05,6.189124883e-06,-1.240998052e-05,1.378481530e-06,-2.206949746e-06,-2.459810834e-06,-8.560778295e-06
1.860000000e+00,-1.923098497e-05,7.622602149e-06,2.759504693e-06,-1.280437760e-05,-1.080651835e-06,-1.233150104e-07,4.209765581e-06,-2.912396571e-06,-2.209518208e-06,-8.767488605e-06,-1.894968277e-06,-1.217026562e-05
1.870000000e+00,-3.491839222e-06,-2.148167482e-06,-1.160779840e-05,-3.015069809e-06,1.233139282e-05,-9.278204797e-06,-1.649696823e-05,-2.105922381e-06,-5.828225644e-06,-4.325302268e-06,-5.736754967e-06,-2.794109792e-06
1.880000000e+00,-1.380533125e-06,3.521385338e-06,-5.944161848e-06,-1.385249135e-06,-1.069535993e-05,-1.528879673e-05,-1.158307562e-05,-1.460585657e-05,-4.916469339e-06,1.191393342e-05,-1.280539318e-05,-1.256088439e-05
1.890000000e+00,1.035568291e-05,9.683921961e-06,-1.273009087e-05,1.312558333e-05,8.045493463e-06,-5.200905015e-06,5.423293469e-06,-7.104586260e-06,6.126676398e-06,-1.176893837e-05,-3.378849710e-06,4.108903107e-06
1.900000000e+00,7.713718092e-06,-4.358331762e-08,-3.247295057e-06,6.323323589e-07,5.651478161e-06,-5.012124501e-06,3.965692047e-08,-8.026661967e-06,-1.009240085e-05,9.192143505e-06,-8.852500038e-06,-9.811695939e-06
1.910000000e+00,8.346426953e-06,-1.136401220e-05,2.746952724e-07,-8.296946754e-06,5.093689787e-07,9.481711873e-06,4.967970247e-06,5.558997662e-06,-9.157382282e-06,7.618067248e-06,1.329046463e-05,5.066419058e-06
1.920000000e+00,3.575054068e-06,-3.127420246e-06,3.479314804e-07,-4.661986506e-06,1.809929556e-05,2.110184118e-06,4.629601840e-06,-2.660707180e-06,2.616000990e-06,-1.139956325e-05,1.425629566e-07,1.111632632e-05
1.930000000e+00,-2.795641110e-06,-8.766859773e-06,-2.160769949e-05,-7.145126877e-06,5.604883000e-06,-1.328540412e-05,-6.647586124e-06,-1.049309528e-05,-1.135688751e-05,7.862514004e-06,2.331773420e-06,-1.496426138e-05
1.940000000e+00,-7.354353261e-06,-3.880926181e-06,-5.573061170e-06,2.865443437e-06,-2.364183671e-06,5.772771559e-06,4.927001389e-06,-1.633034961e-05,-5.284461480e-06,4.018915463e-06,-6.599358993e-06,6.922472240e-06
1.950000000e+00,-6.088598953e-06,-1.078056985e-05,3.061054558e-06,-8.459563994e-06,-5.544911962e-06,-3.915844282e-06,-2.698934149e-07,2.003922491e-06,-1.498626290e-05,3.735115967e-06,-9.338979005e-06,-1.230124118e-05
1.960000000e+00,-1.443648088e-05,-4.713285365e-06,-1.162606788e-05,-1.589286291e-06,-9.667228593e-07,-5.627286272e-06,-8.936252336e-06,-1.605666736e-05,8.262696989e-06,-1.009910888e-05,-4.190914979e-06,-5.359551421e-07
1.970000000e+00,-2.409180750e-06,-2.263680397e-05,1.523330209e-06,5.047055159e-06,-4.230970216e-06,-1.904245499e-06,-2.062652268e-06,-7.517157553e-06,-3.626238019e-06,-1.602480582e-05,-9.143456076e-06,-1.899305501e-06
1.980000000e+00,-1.318593488e-05,-8.083997549e-06,-3.987874424e-06,-9.973790901e-06,-7.734081568e-06,-1.519491272e-05,-1.063504237e-05,-1.254104186e-06,-2.951451891e-06,-1.352026422e-05,-9.988059979e-06,6.910636648e-06
1.990000000e+00,-4.164776958e-06,3.164470951e-06,5.281301214e-06,-1.120943461e-05,1.693671182e-06,-1.570701711e-06,-1.454623582e-05,1.289447864e-05,-7.278275441e-06,-9.319402086e-06,-5.059834424e-06,4.862023097e-06
2.000000000e+00,-3.704594805e-06,-7.251407352e-06,-2.547967848e-07,-8.632165931e-07,-3.443716651e-06,-1.310951517e-06,4.351608679e-06,-9.404464029e-06,1.964867310e-06,1.114684831e-06,-7.241542062e-06,9.433336854e-06
2.010000000e+00,-4.838779709e-06,1.063625914e-05,6.230286054e-07,1.236060211e-05,-2.222136479e-06,9.806079433e-06,1.071497324e-05,1.085093935e-05,-2.549619136e-08,1.023363760e-05,-9.779642652e-06,9.476550412e-07
2.020000000e+00,6.455702287e-06,6.406778153e-06,2.046697407e-05,7.170623557e-06,1.003929536e-05,3.073416321e-06,-1.999203684e-06,9.035619698e-06,8.528299699e-06,8.799630879e-06,2.716745617e-06,-2.207661874e-06
2.030000000e+00,1.845304579e-05,5.255270816e-06,-5.526300862e-07,1.425821247e-05,6.086613450e-06,5.678377186e-06,2.007350311e-05,2.204418305e-06,7.254784812e-06,1.175391980e-05,-1.704505322e-06,1.394064847e-05
2.040000000e+00,8.894019492e-06,2.379599561e-06,-5.756455209e-06,1.491721096e-05,7.267817760e-06,6.236770103e-06,8.865907102e-06,-7.697928609e-06,1.137592942e-05,-1.552050313e-06,-2.849830354e-06,5.976468120e-06
2.050000000e+00,9.777889486e-06,-2.180302659e-06,2.443125209e-06,2.888834474e-06,1.007888357e-05,-5.609656422e-06,-2.496822584e-06,7.035173751e-06,1.492081506e-05,7.396477041e-06,1.343394193e-05,8.775382833e-06
2.060000000e+00,6.619395914e-06,-5.881644659e-06,6.672480451e-07,5.239444243e-06,-5.075232190e-06,7.642279916e-06,1.198639307e-05,7.497134137e-06,5.499156552e-06,1.552394016e-06,-9.461287695e-06,5.108328550e-06
2.070000000e+00,-5.625880741e-06,-2.279528396e-07,-5.009974920e-06,-2.791616760e-06,-1.106890455e-05,-2.023953218e-06,-7.781344674e-06,1.639410361e-05,3.549505894e-06,1.024357443e-05,2.214620112e-06,1.942706206e-05
2.080000000e+00,-5.965715845e-06,-1.188408751e-05,-7.799732584e-06,-1.916128982e-06,-8.336850304e-06,-5.392094210e-06,7.755245053e-08,3.614026424e-06,-8.929713375e-06,1.368319444e-05,8.041956349e-06,-5.422909840e-06
2.090000000e+00,9.502523051e-07,-4.699030387e-06,-8.835219631e-06,5.876398270e-07,-9.482269687e-06,-3.151104119e-07,-1.215584237e-05,-4.057940657e-06,-5.023445692e-06,-1.096285822e-05,-9.540213888e-06,-7.897665916e-06
2.100000000e+00,8.779662380e-06,-8.796823217e-06,8.927181962e-07,-8.635290269e-06,3.348395981e-06,6.289685547e-06,-9.764468219e-06,2.001341436e-06,-1.858884917e-05,1.147865832e-05,-4.802346195e-07,-2.186556229e-06
2.110000000e+00,4.284248287e-06,-4.372062957e-06,-6.596013888e-06,7.671129717e-07,9.331961032e-06,-1.674439540e-05,6.734369117e-06,1.072603968e-06,4.072085423e-06,5.478926062e-06,2.397539282e-06,1.103439355e-05
2.120000000e+00,6.734048500e-07,3.515815272e-06,1.030568024e-06,-5.124757853e-06,1.650053526e-06,7.797969308e-06,4.581255564e-06,1.308126256e-05,3.115395131e-06,1.074976744e-05,1.227119933e-05,-4.438776028e-06
2.130000000e+00,1.059106116e-06,3.645949619e-06,1.901479178e-06,1.738560267e-05,1.479946712e-06,1.345067267e-05,1.133523633e-05,-8.837340375e-06,3.264890446e-06,1.834962293e-05,5.731605107e-06,5.690912594e-07
2.140000000e+00,1.272696512e-05,8.633177780e-06,5.015795181e-06,9.197090494e-06,7.446133414e-06,2.823023126e-06,4.780805150e-06,4.939030658e-06,1.255196584e-05,3.680386658e-06,1.895820251e-05,3.057264787e-06
2.150000000e+00,1.832081636e-05,1.250994326e-05,9.072873246e-06,1.993544137e-06,1.093842862e-05,-3.503238163e-06,4.336233934e-06,1.455433011e-05,6.749188792e-06,1.627899409e-05,-1.051757792e-06,4.433086154e-06
2.160000000e+00,4.995392468e-08,1.143038232e-05,-1.246177604e-05,-6.106330490e-07,1.030888330e-05,5.413923757e-06,2.073174695e-06,-5.557983248e-06,5.710955294e-06,6.300194503e-06,-9.969908304e-07,-7.577621157e-06
2.170000000e+00,1.006192594e-05,-3.228577605e-06,-3.596104271e-06,-1.032854771e-06,2.013707622e-06,1.842214881e-06,1.382604457e-06,-4.045114945e-06,-5.420635521e-06,5.761941906e-06,-1.100607787e-05,1.105710329e-06
2.180000000e+00,1.550987833e-05,1.323768157e-05,2.317090199e-06,4.081142436e-07,-5.180829862e-06,-5.883533013e-06,-6.852702564e-06,-1.439340197e-06,-4.725600293e-06,4.769967172e-07,3.680142993e-06,-5.794085275e-06
2.190000000e+00,-1.903530531e-05,-9.627659863e-06,-1.237991162e-05,8.177460421e-07,-9.476812710e-06,-3.894228560e-06,-7.411912436e-06,-5.747714137e-06,-1.403203963e-05,-1.138600804e-07,4.963641360e-07,-6.507610992e-06
2.200000000e+00,-1.054585316e-05,-6.453961987e-06,-1.441896160e-06,-8.918800240e-06,1.484310096e-06,-1.664305981e-05,-1.311932448e-05,-1.312020035e-05,-2.553936994e-06,-1.363172445e-05,-1.364392533e-05,-1.068276328e-05
2.210000000e+00,-9.649381521e-06,-7.002038458e-06,2.739408298e-06,2.345963421e-06,-3.100521485e-06,1.084549257e-06,6.148686848e-06,-2.587875436e-06,-1.203585837e-05,-7.471955410e-06,1.574832895e-06,3.160696973e-07
2.220000000e+00,-1.566217125e-08,-1.797231930e-05,-8.172865900e-06,-1.019460029e-05,-8.714351659e-06,6.055500563e-06,-1.775879837e-06,7.368127691e-06,-7.566547250e-06,-3.283842426e-06,-1.216159515e-05,-2.286719659e-06
2.230000000e+00,-4.008571599e-06,-7.576768185e-06,-2.068179230e-06,-4.152555209e-07,-3.875807598e-06,1.335536244e-05,-5.623979764e-06,-6.109377728e-06,6.408492428e-06,8.497504249e-06,-4.374045931e-06,-1.166731123e-06
2.240000000e+00,-4.215555277e-07,3.724754339e-06,-1.658845513e-07,-1.073108317e-05,1.186397983e-06,6.045438618e-06,9.859980330e-06,-7.895102814e-06,1.472527398e-05,5.471791608e-06,-3.765823719e-07,1.029359473e-05
2.250000000e+00,5.918252019e-06,-3.370072587e-06,-6.952035248e-06,5.461641364e-06,-6.709581095e-06,1.450996368e-06,9.494908830e-06,6.073395732e-06,6.995219015e-06,1.633238129e-06,5.450137875e-06,1.794448857e-05
2.260000000e+00,3.066621724e-06,3.921546810e-06,7.134551198e-06,5.888752367e-06,-3.594113938e-06,1.207833162e-07,7.922950491e-07,3.644779232e-07,-2.180499990e-06,-6.890142121e-06,-2.705030746e-06,5.685055936e-06
2.270000000e+00,-4.046269565e-06,4.094306517e-06,8.466228104e-06,-5.551389567e-06,-7.164786916e-07,-8.607492769e-06,5.356647428e-06,1.714153308e-05,3.350675965e-06,-1.435608517e-07,5.936355383e-06,5.298884786e-06
2.280000000e+00,4.033278568e-06,-1.210934097e-05,9.559599496e-06,-3.633661747e-07,-1.036212947e-05,9.794117074e-07,-2.646777805e-06,-1.928152405e-05,8.804267489e-06,-7.372502303e-07,-5.288882905e-06,-1.084889851e-05
2.290000000e+00,-7.604007563e-06,-4.228477527e-06,1.616917810e-06,-6.996582693e-06,2.256832577e-07,-1.921407202e-05,-3.106221248e-06,-1.369214350e-07,-1.062312092e-05,-2.522679436e-06,7.511637615e-06,-1.120224899e-05
2.300000000e+00,-1.190726249e-05,-1.016396058e-05,-8.877936125e-06,-6.715755562e-06,2.898992350e-06,5.309445064e-06,-5.870619218e-06,3.516650216e-06,3.081241026e-06,-1.852845093e-05,-2.098602900e-06,-7.252687573e-06
2.310000000e+00,-6.717912340e-06,-1.149669290e-05,-1.021596211e-06,-7.855256007e-06,-1.439773535e-06,-1.170622721e-05,-1.200349608e-05,-6.164704436e-06,-9.170450226e-06,-5.630150921e-06,3.676028962e-06,-4.854944216e-06
2.320000000e+00,-8.896664440e-06,-3.544022421e-06,1.796481565e-06,-6.338686555e-07,-1.354090341e-05,-4.415307157e-06,-6.135056471e-06,-9.604442763e-06,-1.714388961e-05,-4.023359311e-06,-1.406616589e-05,-1.321119334e-05
2.330000000e+00,-2.789520733e-06,1.974036667e-06,6.913827240e-06,-4.807400944e-06,-1.203655031e-05,-5.801703214e-06,-4.883196738e-06,-6.973954889e-06,-1.797203538e-05,-1.372592121e-06,-8.213010026e-06,6.360885136e-06
2.340000000e+00,1.257274444e-06,1.101671851e-05,-4.094367231e-06,6.307215052e-06,-4.646104708e-06,-2.149206364e-06,5.262701382e-08,6.966125973e-06,3.914099302e-06,9.362035199e-06,-2.449622064e-06,-1.609742848e-06
2.350000000e+00,5.656258921e-06,1.648917238e-06,1.605823082e-05,5.833219850e-08,7.368436465e-06,-1.345928995e-05,1.315864254e-05,-9.833900046e-08,-5.723125169e-06,2.480707494e-06,4.583881226e-06,1.357766051e-05
2.360000000e+00,7.719710380e-06,8.442777164e-07,3.520688360e-06,1.218950570e-05,4.842188437e-06,4.430529505e-06,1.570891413e-05,1.469823697e-06,6.447720022e-06,7.414639288e-07,2.071570033e-05,9.014885928e-06
2.370000000e+00,1.021833188e-06,-2.419397173e-06,1.007119277e-05,8.603831053e-06,1.829801214e-05,7.314032715e-06,3.406643811e-06,-6.264119470e-07,9.901392766e-06,1.188028572e-05,9.679270670e-06,1.370180960e-05
2.380000000e+00,4.773028701e-06,4.370635350e-06,9.343793575e-07,-7.068828214e-06,6.833122010e-06,1.543218441e-05,1.212544989e-05,5.436574681e-06,-9.778283620e-07,1.158804917e-05,7.613713401e-06,1.502183611e-05
2.390000000e+00,-7.727810670e-06,5.914599807e-06,4.649716070e-06,-1.715556517e-07,-3.645034329e-06,3.683951705e-06,-1.634733585e-06,9.881027186e-06,-1.029699653e-05,1.072342969e-05,-2.564848102e-06,1.200135390e-05
2.400000000e+00,-3.397393467e-06,3.418666092e-06,7.182167031e-07,-4.010069897e-07,4.054459498e-06,6.702554911e-06,-3.272484613e-06,-2.077952423e-06,1.093176935e-05,8.825598367e-06,1.625508284e-05,2.695683801e-06
2.410000000e+00,3.525486648e-06,-1.316924522e-05,-9.497696246e-06,-4.015114346e-06,-7.047145695e-06,-5.775407859e-06,-2.250402082e-06,-8.521577535e-06,-3.713489949e-06,3.254042940e-06,3.063948982e-06,-2.317196191e-06
2.420000000e+00,-1.300483251e-05,-1.271639522e-05,-4.202788034e-06,-1.596513541e-05,-4.955909029e-06,-1.574310375e-06,-1.197759284e-05,6.944498508e-06,8.624489339e-06,-1.391728568e-05,-6.820312925e-06,4.307748457e-06
2.430000000e+00,3.194551865e-06,3.638089797e-06,5.821364873e-06,-3.916307127e-06,1.251453234e-05,-2.706030476e-06,2.841864976e-06,-8.429467052e-06,2.111504068e-06,7.058123157e-06,8.630427267e-06,-7.611987892e-06
2.440000000e+00,-5.633280211e-07,-5.379204217e-07,-9.506261642e-07,5.574534822e-06,1.253273309e-05,-8.349346997e-06,5.182094342e-06,4.103262528e-06,-5.359837629e-06,7.865676971e-06,2.839487008e-06,-4.432980852e-06
2.450000000e+00,-3.131931943e-06,-3.277969348e-06,5.415430895e-06,9.525488409e-06,1.973953385e-06,3.102718977e-06,6.108890866e-06,1.220800056e-05,4.272013075e-06,2.556009016e-06,1.666615077e-05,3.949953031e-06
2.460000000e+00,1.482476391e-05,5.592346611e-06,-5.199232350e-07,1.312721799e-05,1.789602012e-05,1.929640997e-06,1.335741619e-06,4.558008464e-06,3.569282123e-06,6.120751495e-06,2.815878725e-06,-4.499134279e-06
2.470000000e+00,1.243202730e-05,1.498100033e-05,6.574682399e-06,-7.691614859e-06,1.003514786e-05,5.490652193e-06,8.037872522e-06,1.610497006e-05,1.118327059e-05,8.843892329e-06,1.694553978e-05,1.455158813e-05
2.480000000e+00,-3.854525142e-06,-2.761482747e-06,-7.338538235e-06,-2.442041338e-06,-7.290315633e-06,6.814437947e-06,4.233488830e-07,-3.311520525e-06,1.538906565e-05,1.681833876e-06,1.349334844e-05,6.594075711e-06
2.490000000e+00,-1.496969119e-06,8.448537927e-06,2.410224086e-05,2.593040444e-06,3.753611742e-06,1.821946023e-05,4.895793907e-06,1.503461566e-05,2.658318782e-06,-4.790622298e-06,1.060020890e-05,9.337611257e-06
2.500000000e+00,-4.870457760e-07,6.507003954e-06,5.449654785e-06,-1.888126411e-06,1.026582484e-06,-1.109675906e-06,6.650818235e-06,7.594070785e-06,5.594963042e-06,6.734505634e-06,1.124441450e-06,7.130867630e-06
2.510000000e+00,-3.370211932e-06,-3.875103300e-07,4.681101061e-06,-5.500654993e-06,-1.514005032e-05,-1.941675846e-05,-7.349168349e-06,-1.181033959e-05,-1.209205228e-05,-2.905740594e-06,5.664568535e-06,3.595141575e-06
2.520000000e+00,2.344898909e-06,-1.772098661e-06,8.371880118e-07,-2.886579863e-06,-1.788764933e-05,-7.257117879e-06,7.084010730e-07,-1.267822577e-05,-8.442711926e-06,-5.459045605e-06,-8.580612805e-06,-6.612576825e-07
2.530000000e+00,-9.074326951e-06,-1.564425170e-06,-1.345585420e-05,-5.464674307e-06,-4.134206271e-06,4.886405255e-07,-2.410924972e-05,7.317709729e-06,-3.127515638e-06,-3.121638347e-06,-7.589511784e-06,2.527509302e-06
2.540000000e+00,-9.331230209e-06,2.429881109e-07,-9.780501749e-06,-1.933886202e-05,-1.132119097e-05,-1.246959363e-05,-8.868581343e-06,-8.320544383e-06,-1.230033421e-05,-4.510399109e-06,-5.322234818e-06,-6.599248142e-06
2.550000000e+00,-2.943206819e-07,-3.404323540e-06,-1.897004750e-05,-8.349840855e-06,-6.092593633e-06,-1.904233526e-06,-1.069381650e-05,-3.216581811e-06,-3.653357387e-08,-7.996068271e-06,-5.416867882e-06,-8.486722035e-06
2.560000000e+00,-2.830928377e-06,-4.357840469e-06,-4.877980732e-06,5.074074742e-07,-1.899183443e-06,-1.352449198e-05,-2.009173510e-06,-7.551283911e-06,-1.074216480e-05,-4.007246329e-06,-1.316165298e-06,-6.635907579e-07
2.570000000e+00,6.280491838e-06,6.088975261e-06,5.290078528e-06,2.285638422e-06,-5.305855597e-06,1.439630600e-05,4.521409517e-06,-1.331904835e-06,-1.955357811e-06,9.914715601e-06,3.083205973e-06,-8.507618487e-07
2.580000000e+00,4.320322548e-06,2.842193912e-06,1.465548752e-05,2.048360919e-05,5.480652471e-06,-1.352554745e-06,2.891880825e-06,-2.448330164e-06,-1.334873770e-06,-1.129959193e-05,6.440710713e-06,7.731712532e-07
2.590000000e+00,4.063449586e-07,1.728049263e-05,-1.629279447e-05,-5.962636480e-06,-2.806180960e-06,1.073913855e-05,-2.467977149e-06,1.446419496e-05,-1.804189145e-06,4.578692535e-06,-6.915409268e-07,5.632632632e-06
2.600000000e+00,6.778107210e-06,3.355892920e-06,4.362752479e-06,-1.041852615e-05,-8.137050849e-06,5.305041917e-07,3.897975744e-06,2.266683646e-06,-2.957703987e-06,-1.146445574e-06,-5.090889146e-06,-8.845703173e-06
2.610000000e+00,-9.393894737e-07,3.414045170e-06,8.580358310e-07,1.097152080e-05,2.813503522e-06,-3.853772108e-07,2.255606775e-06,-6.363130742e-06,1.387929995e-06,-9.394950452e-07,-1.605504799e-05,-6.800014224e-06
2.620000000e+00,-1.236488941e-05,-6.789418356e-06,-2.095498989e-05,6.974902838e-07,-2.236676123e-05,-9.170695887e-06,-6.486703147e-06,-4.881899107e-06,-1.836791562e-05,-1.100364158e-06,-4.968025377e-06,2.914601324e-06
2.630000000e+00,-4.861319628e-06,-1.106728188e-05,7.356892427e-06,-3.113010223e-06,2.488413259e-06,-2.404974252e-05,1.144708357e-05,-1.439626247e-05,-7.838606197e-06,-8.672236364e-06,8.264430157e-06,-2.474451425e-06
2.640000000e+00,-1.535100620e-05,-5.951934630e-06,-1.013149516e-05,-6.900142410e-06,6.314770002e-06,4.886013996e-06,-7.119429874e-07,-2.983584814e-06,-8.604747182e-06,3.248593860e-07,-8.459783187e-06,-1.009057390e-05
2.650000000e+00,-5.737957347e-07,-5.999828801e-06,-8.556604145e-06,-1.481474235e-05,-7.911701355e-08,1.751865475e-06,-4.552333529e-06,4.863038928e-06,-3.607129699e-06,-8.791042572e-06,-3.274126012e-07,2.620487908e-06
2.660000000e+00,-4.943034854e-06,-9.893388466e-06,-1.032935794e-05,1.042814513e-05,-1.245752550e-06,-9.114002404e-06,-7.486497372e-06,-3.199206728e-06,-6.950670930e-06,3.300648856e-06,-1.668201337e-05,-6.111655965e-06
2.670000000e+00,-9.456246115e-06,2.967641750e-06,1.388029670e-05,1.169602217e-05,-7.734483699e-06,-2.889365740e-06,-5.359439220e-06,8.066480195e-06,2.757267024e-06,-6.842139552e-06,-6.541946792e-06,-9.123978085e-06
2.680000000e+00,1.608855146e-05,1.117302971e-05,1.085788449e-06,1.508346857e-05,5.872464934e-06,1.213716425e-06,6.844165297e-06,1.271071630e-05,-5.084924495e-06,8.206210206e-06,-9.215280762e-07,7.407260355e-06
2.690000000e+00,7.291787696e-07,6.051980871e-06,4.760242430e-06,4.321009437e-06,6.544904911e-06,1.427669169e-05,1.924720110e-06,1.036681645e-05,7.162739459e-06,-1.052796579e-06,1.041997793e-05,1.381886102e-05
2.700000000e+00,-1.670016051e-06,1.078347338e-05,1.005543238e-06,3.259820893e-06,1.172006160e-05,1.373962399e-05,-4.816594606e-06,1.158279347e-05,8.660070489e-06,5.222275185e-06,1.427779882e-05,4.256929173e-06
2.710000000e+00,-1.209042708e-05,3.140250622e-06,1.714012888e-05,1.536904442e-06,9.353738716e-07,4.965665016e-06,2.718736854e-06,1.194561661e-05,9.282287701e-06,1.204218265e-05,1.221933057e-05,6.174362054e-06
2.720000000e+00,5.708902135e-06,-1.746260533e-06,7.651482070e-06,6.876390808e-06,1.328479753e-05,1.044878210e-05,1.148849883e-06,8.354542053e-06,1.796765936e-07,1.582198197e-05,-3.982938482e-06,4.712070210e-06
2.730000000e+00,1.327928560e-05,3.079402184e-06,5.888364490e-06,5.937862366e-06,4.858899624e-06,-8.220807820e-06,-5.889809203e-06,-2.057162720e-06,7.277078617e-06,8.551469805e-06,8.549238554e-06,-6.555525878e-06
2.740000000e+00,4.092132294e-06,-4.209478609e-06,-1.677107269e-06,-9.692687889e-06,1.170476812e-06,7.618345066e-06,-6.913130033e-06,-1.803954347e-06,-1.224983714e-06,-4.795373407e-06,3.920502710e-06,-3.758288388e-06
2.750000000e+00,2.609163721e-06,-5.688263841e-06,4.335951395e-06,1.043218751e-05,-5.537426825e-06,-3.297189777e-06,-5.199273339e-06,-6.695026123e-06,9.121047162e-08,1.004360410e-05,-1.589085227e-05,-7.847996724e-06
2.760000000e+00,-7.241607761e-07,-1.383864394e-06,-1.532231252e-06,-5.197079805e-06,-5.318382034e-06,1.197328351e-05,1.104493510e-06,-1.079168123e-05,7.029127355e-06,8.955940621e-06,2.970613516e-06,-8.383331164e-07
2.770000000e+00,2.099248155e-07,9.777343964e-06,3.114230864e-06,1.299880035e-05,5.216128534e-06,-8.617255102e-06,6.298640672e-06,4.439914637e-06,6.117686845e-06,-5.590461685e-06,2.035757528e-06,4.418918854e-06
2.780000000e+00,4.793064105e-07,1.088810000e-05,-2.868132908e-06,-2.107342918e-06,-1.875726953e-06,-6.556324755e-06,-6.775320662e-06,3.426174901e-06,4.203130556e-06,5.923737729e-06,2.381559916e-06,-1.079114552e-05
2.790000000e+00,6.664422412e-06,8.406134263e-06,1.137262559e-05,1.551118114e-05,1.027820781e-05,-3.864983758e-06,1.252944863e-05,4.406991213e-06,5.124203529e-06,-2.534063411e-07,1.889860931e-05,1.718559584e-05
2.800000000e+00,-1.551081476e-06,1.132835168e-05,-4.322893514e-06,9.628322791e-06,1.245904805e-05,6.752022951e-06,-1.019173047e-06,9.289543063e-06,-4.646628301e-06,5.839445124e-06,4.997827748e-06,1.268167842e-05
2.810000000e+00,1.002028595e-05,1.305350074e-05,1.465994676e-05,1.142330634e-05,1.133317283e-05,9.290293763e-06,1.013558490e-05,7.575591357e-06,3.341350639e-07,8.771755775e-06,1.453337135e-05,7.021725805e-06
2.820000000e+00,8.733725038e-06,4.667653113e-06,1.394190828e-05,-7.937693704e-07,-2.757150898e-06,1.262922402e-05,4.437895196e-07,1.215259995e-05,7.703310852e-07,9.464769531e-06,5.466988793e-06,5.230214891e-06
2.830000000e+00,-9.037450348e-06,-1.391019504e-06,2.159687885e-06,-2.952819374e-06,-4.763779248e-06,1.089756341e-06,-3.999500133e-06,6.889470731e-06,-5.116389041e-06,-4.201688400e-06,3.783782236e-06,9.378040217e-06
2.840000000e+00,-7.285188718e-06,4.128907447e-06,5.679246996e-06,-3.897070280e-06,-1.297057755e-05,-2.034354545e-06,-4.210708181e-06,-5.837533224e-06,-1.183769377e-05,-5.890794977e-06,-5.840415498e-06,-8.535904067e-06
2.850000000e+00,-6.841184890e-06,-1.108426893e-05,2.932837833e-06,-1.462397099e-05,-9.194912765e-06,-4.229470355e-06,-4.369510217e-06,-9.212741415e-06,-5.125813830e-06,-7.926806325e-06,-2.327686967e-05,-9.167344986e-06
2.860000000e+00,-3.651628913e-06,3.821259318e-06,-6.050401375e-06,-6.351473411e-06,-1.267774484e-05,-1.286234694e-05,-2.014080091e-05,-1.531011714e-05,-8.411333523e-06,-3.487675354e-06,-1.076564399e-06,-2.833422428e-06
2.870000000e+00,-1.822993714e-05,-9.218791649e-06,-4.665672800e-06,-7.198425821e-06,-9.023220639e-06,-1.536656029e-05,-9.322701957e-06,-1.886817578e-06,-5.960961806e-06,-6.257444112e-06,-7.017218812e-06,-1.046128563e-05
2.880000000e+00,6.314680939e-07,1.717496330e-06,-2.671938610e-06,-4.845035254e-06,-8.585093614e-06,-8.333029567e-07,-1.579712834e-06,-1.061200876e-05,-2.562669968e-06,-2.272429887e-06,-6.407840411e-06,-1.162041620e-05
2.890000000e+00,-3.896485118e-06,-1.720489799e-05,2.706665010e-06,-7.275017661e-06,-5.116059634e-06,-4.604988636e-06,-9.790837855e-07,3.067756119e-06,-9.618613336e-06,-3.388837872e-06,-1.054734737e-05,-2.390686859e-07
2.900000000e+00,1.975615039e-06,-1.160642223e-06,-1.404962682e-05,-3.854225345e-06,-1.131866187e-06,-1.240689299e-05,-3.608962833e-06,-4.636760602e-06,7.011180560e-06,-4.115415929e-06,7.245849699e-07,7.050270580e-06
2.910000000e+00,8.928230435e-06,-1.036220335e-05,5.425321864e-06,1.247058896e-06,7.452866765e-06,-4.155391595e-06,8.028211288e-06,2.695584793e-06,9.921215727e-08,1.139462320e-05,9.065232066e-06,-2.061590342e-06
2.920000000e+00,8.042299570e-06,-1.208563937e-05,3.227257616e-07,1.358455504e-05,-2.971005886e-06,5.462411987e-06,1.704624452e-05,8.945151299e-06,8.045726973e-06,-3.347369171e-06,-1.742702669e-06,7.470447975e-08
2.930000000e+00,1.527500870e-05,1.288924414e-05,-5.154006017e-06,7.969094796e-06,1.301048719e-06,-5.657326791e-07,3.239463626e-06,-8.406002671e-06,8.518725113e-07,5.066957879e-06,5.962124393e-07,-1.374852695e-05
2.940000000e+00,-2.937910224e-07,3.062039815e-06,-3.850226498e-06,7.555819273e-06,3.931004466e-06,-2.033649035e-06,-1.103732053e-05,8.863293609e-06,-4.728606548e-07,-8.882936357e-06,-1.573806897e-05,-2.296216222e-06
2.950000000e+00,-7.851347391e-06,-6.223502259e-06,-1.170749185e-05,8.900954604e-06,-9.076630721e-07,-1.964921321e-07,-1.527468175e-05,-1.720168260e-05,1.135998665e-07,4.589326023e-07,-4.219506101e-07,6.700750135e-06
2.960000000e+00,-1.549883703e-05,-4.252726633e-06,-6.639047099e-06,-1.097007227e-05,-1.014477705e-05,2.078399222e-06,-8.277385347e-06,-1.836460777e-05,3.553821393e-06,-1.485675187e-06,-2.504158838e-06,-7.370423166e-06
2.970000000e+00,-4.770960450e-06,-5.480959572e-06,-1.159673033e-07,-1.673796667e-05,-9.860876363e-06,1.722247889e-07,-2.410276386e-05,-3.681305264e-06,-5.629794720e-06,-1.251457028e-05,-9.043259786e-06,-1.161148367e-05
2.980000000e+00,-2.855614843e-06,-8.309841463e-06,-3.608412133e-06,-9.125587736e-06,-2.012375409e-05,9.581424509e-07,2.421941202e-06,-2.266708892e-05,1.211404358e-06,-7.718969669e-06,-6.854484484e-06,-6.361344519e-06
2.990000000e+00,6.515871592e-07,1.774488847e-05,4.109273409e-06,-2.476766311e-06,-4.435973797e-07,-3.526565722e-06,-4.018257313e-06,6.491196268e-07,-8.787981705e-06,-9.937071302e-06,2.167006364e-08,-8.519288716e-06
3.000000000e+00,7.298046898e-06,-7.353010329e-06,-7.073078290e-06,5.323581667e-09,1.341282208e-05,-3.933205848e-06,-7.347936039e-06,-1.697416223e-06,4.756896511e-06,-3.932136590e-06,1.283695877e-05,-2.392988376e-06
3.010000000e+00,-1.001202486e-05,7.053965500e-06,1.610291509e-05,1.137717101e-06,9.887611651e-07,9.456086152e-06,1.010288548e-06,3.372899245e-06,2.451110271e-06,4.332629522e-06,1.631988428e-05,-3.586551210e-06
3.020000000e+00,1.840202572e-05,4.892700817e-06,9.293208051e-06,-5.826022943e-06,1.364667695e-05,-2.012311481e-06,1.439488119e-05,2.373274396e-06,4.453716461e-07,6.458325334e-06,-5.098453897e-06,6.057919933e-06
3.030000000e+00,2.046298729e-05,1.201261365e-05,1.009721207e-05,5.444332516e-06,1.138802612e-05,5.922462404e-06,2.070445843e-05,1.471012662e-05,2.345846837e-06,1.581687029e-05,1.620283906e-06,-9.810201873e-07
3.040000000e+00,-2.630346959e-06,-1.506863841e-06,-1.771655617e-06,1.252454781e-05,1.283813919e-05,2.010372997e-06,4.629454994e-06,1.324717577e-05,1.348244585e-05,9.788059446e-06,-1.628669632e-06,-5.666933666e-06
3.050000000e+00,6.822631928e-06,6.517155141e-06,9.078774988e-06,-1.785180710e-06,-5.378356421e-06,4.216468239e-06,-4.379215385e-06,7.287086285e-06,-4.949943116e-07,1.132657965e-05,1.818031021e-06,8.363169184e-06
3.060000000e+00,1.085337768e-05,6.248707773e-07,-4.631718450e-06,2.899240536e-06,2.316516438e-06,-7.560838617e-06,-9.356334758e-06,3.896348795e-06,-1.821018451e-06,1.049313064e-06,-1.090386968e-05,-4.312177120e-06
3.070000000e+00,1.036276078e-06,-6.907495607e-06,-1.451840099e-06,-2.153470530e-06,-2.399920594e-06,-5.427344636e-06,-1.330886340e-05,8.743646643e-06,-1.031655693e-05,5.315090523e-07,-2.807323254e-06,-1.086324954e-05
3.080000000e+00,-6.360688918e-06,-1.067871318e-05,-1.830389526e-05,-1.649275990e-06,-1.315607061e-05,3.519364802e-06,-3.561233034e-06,-1.099438697e-05,-1.861464480e-05,-4.369211785e-06,5.584567984e-06,-6.423079661e-06
3.090000000e+00,-6.222289507e-06,-3.332750477e-06,2.888520950e-06,-2.748178779e-06,4.860225951e-06,-8.321033957e-07,-4.177484219e-06,-4.584163258e-07,-1.212520575e-06,-4.527671454e-07,-1.317701327e-06,-1.450509496e-05
3.100000000e+00,1.755686116e-06,4.064760141e-06,6.878708541e-06,-5.009890789e-06,-4.493599956e-06,-6.373729045e-06,-6.985778854e-06,9.203196622e-06,-5.412038460e-06,-7.456929391e-06,-3.513016562e-06,8.085756204e-07
3.110000000e+00,3.477656575e-06,-1.629101242e-06,1.719910073e-06,6.379475799e-06,-2.649942905e-07,1.059329505e-05,-8.944891775e-07,1.047673958e-05,-9.125452524e-07,1.269212218e-05,-4.310644624e-06,2.426670810e-07
3.120000000e+00,7.459905848e-06,9.593883669e-06,6.161827601e-06,-1.381325875e-06,2.869015595e-06,1.049463720e-05,1.595636862e-05,1.320988835e-06,-1.725721991e-06,1.468914226e-05,-7.172691900e-06,-1.251162792e-06
3.130000000e+00,2.503586992e-06,1.370103909e-05,7.427648360e-06,8.012843904e-06,1.284069512e-05,1.914800058e-05,3.606102169e-06,3.663263129e-06,1.043513732e-05,1.118886516e-05,2.430550991e-05,1.861058298e-05
3.140000000e+00,4.268360451e-06,1.014040163e-05,7.256592750e-06,3.935250473e-07,6.745279712e-06,1.277628116e-05,1.209306820e-05,5.551213709e-06,8.880313067e-06,1.394977373e-05,2.282169313e-07,9.091908767e-06
3.150000000e+00,1.333127545e-05,2.085557495e-06,3.960554177e-06,-2.785290520e-06,1.763170429e-05,1.116977845e-05,-3.357390640e-06,1.226885869e-05,4.613285426e-06,1.179560872e-05,1.426704893e-05,1.240101952e-05
3.160000000e+00,-4.286451309e-06,1.491898196e-06,5.754445446e-06,5.714194331e-06,3.902001950e-06,7.343602345e-06,-1.653508511e-05,2.978662312e-06,1.089787050e-06,6.158857500e-06,-1.408067609e-06,8.253826385e-06
3.170000000e+00,4.826627438e-06,2.502055478e-06,-1.537745892e-05,-4.939067937e-06,-1.220250320e-05,6.617418411e-06,-4.478558555e-06,5.897643452e-06,9.975307437e-07,-7.113102588e-06,8.056999410e-06,7.325353661e-06
3.180000000e+00,-4.309176863e-06,-1.214470858e-05,-1.156508538e-05,-6.590140404e-06,-1.930763620e-06,-8.833170667e-07,-7.936636243e-06,3.984703649e-06,-5.251740342e-06,-4.338144773e-06,-1.545947685e-06,-1.379839458e-05
3.190000000e+00,-1.055488289e-05,-1.117105941e-05,-2.260168151e-06,-1.729952276e-05,3.068337161e-06,-4.983851227e-06,-1.015872266e-05,-4.383858841e-06,-3.641593834e-06,-1.302194971e-05,-1.004230408e-05,-2.285554176e-05
3.200000000e+00,-1.463585618e-06,-2.003368747e-06,-1.574346897e-05,4.305015390e-06,5.633166034e-06,1.325513023e-05,-1.485624419e-05,4.716165874e-06,-9.671012249e-06,3.170231940e-06,1.276780124e-06,-1.472752364e-05
3.210000000e+00,-2.010352142e-05,6.278939962e-07,-5.205149813e-06,-3.940373767e-06,3.428168992e-06,-3.693953923e-07,-1.632093902e-05,5.048976328e-06,-3.703465779e-06,5.712342226e-06,-7.679950074e-06,-8.690830390e-06
3.220000000e+00,-5.560675721e-06,2.556527582e-06,-3.062767933e-06,6.009006831e-06,-6.043373314e-06,-5.090223240e-06,-2.510110620e-06,1.244745021e-05,1.116137854e-06,4.720418291e-06,-1.374276038e-05,1.706369931e-05
3.230000000e+00,-3.147512534e-06,1.427781133e-05,4.833092619e-06,9.050752861e-06,-8.453429961e-06,-1.556972847e-05,3.653842893e-06,3.103658375e-06,2.300159049e-06,-3.174043997e-06,-1.383508003e-05,8.802596232e-06
3.240000000e+00,1.148918349e-05,1.068310500e-05,-5.937959333e-06,4.264735457e-06,-1.154190002e-06,-2.470629224e-06,-8.735171367e-06,-1.099308339e-05,3.615846663e-06,-2.626203912e-06,-1.716000392e-06,-3.013373784e-07
3.250000000e+00,1.255512309e-06,5.904627151e-07,-3.900282047e-06,1.238212945e-05,8.859447387e-07,-2.699619196e-06,1.449724367e-06,-5.104297804e-06,2.533320738e-06,1.092386620e-05,2.339427232e-08,5.068974285e-07
3.260000000e+00,-5.994499460e-06,5.266353313e-06,1.035063005e-05,-9.993215780e-06,3.862880116e-06,-6.914812143e-06,2.171612452e-06,1.387841785e-07,-5.278860235e-07,8.535868559e-06,1.676251412e-05,4.243802717e-06
3.270000000e+00,-3.366755797e-06,4.846442470e-06,-4.311617586e-07,9.018216679e-06,-8.113623330e-07,-7.910727257e-06,5.933725622e-06,-1.090565401e-05,1.805718308e-05,-9.708771221e-06,5.155593882e-07,1.411108055e-05
3.280000000e+00,-4.332699603e-06,-1.093532032e-05,-1.927558707e-05,-4.193269488e-06,-6.364294078e-06,-1.011724933e-05,-8.186962972e-06,-1.650647806e-05,7.098500580e-07,-8.409709015e-06,-8.060609693e-06,-6.855898073e-06
3.290000000e+00,-7.895133210e-06,1.294521490e-05,-4.068747655e-06,-1.188373198e-05,6.045900109e-06,-3.088195145e-06,-2.093066654e-05,-3.963800012e-06,-9.251660961e-06,-1.393714243e-05,-3.669338583e-06,-2.151230335e-05
3.300000000e+00,-3.965482870e-06,-3.010239065e-08,-1.081706386e-05,-2.598850199e-06,-7.510582159e-06,3.291705059e-06,-4.965973494e-06,-7.789138197e-07,-9.659820985e-06,-1.085960900e-05,-3.757850402e-07,-4.857037237e-06
3.310000000e+00,-7.152313197e-06,2.365285384e-06,-2.731979720e-06,-1.380521944e-05,-9.910373780e-06,-1.225153568e-05,-5.297343846e-06,-7.434326816e-06,5.346894963e-06,-4.292635234e-06,-8.608497836e-06,-5.359378062e-06
3.320000000e+00,-9.320685663e-06,-4.244160836e-07,-1.994985491e-05,-1.220765572e-07,-8.366882106e-06,3.790826195e-06,3.168280164e-06,-1.009462306e-05,-3.856792936e-06,-1.285623045e-05,-1.235073826e-05,1.185138180e-06
3.330000000e+00,2.772255048e-06,2.494757841e-06,8.542710517e-06,-3.013364019e-06,-1.467253796e-06,-1.682885917e-05,-8.288083130e-06,-9.390722085e-06,-4.522240725e-06,5.749700969e-06,1.905889213e-07,3.654483442e-06
3.340000000e+00,-1.087613289e-05,-2.531381692e-06,1.513002832e-06,4.930475303e-06,-2.544903340e-06,-4.713677341e-06,4.314105802e-06,4.555454625e-06,-7.750607567e-06,1.829213848e-05,1.652098011e-06,3.018348689e-06
3.350000000e+00,1.399687675e-05,1.584511918e-05,1.882478141e-05,1.688399407e-05,2.248425462e-06,1.579575276e-06,5.144051456e-06,3.618031024e-06,1.085361620e-05,4.186697985e-06,-2.135073280e-06,5.639216336e-06
3.360000000e+00,1.118215414e-05,9.731585630e-08,1.684730395e-06,1.096951326e-05,1.239199064e-05,1.312743802e-05,2.574797530e-06,9.405332053e-06,1.351339374e-05,1.104611208e-05,3.622720386e-06,1.159778343e-05
3.370000000e+00,3.969004223e-06,8.780150885e-06,6.492331469e-06,8.788131856e-06,6.381464437e-06,9.585793690e-06,9.084595210e-06,1.818654052e-06,-1.090827477e-05,1.385434776e-05,-1.112994201e-05,1.503165278e-05
3.380000000e+00,6.535143429e-07,-1.927862148e-06,4.797063582e-06,-1.367148688e-06,-5.875696920e-06,1.238619117e-05,-1.266294801e-06,1.101399936e-05,-6.656468403e-06,6.647180605e-06,6.143309467e-06,-3.880885082e-06
3.390000000e+00,4.507765119e-06,2.797414390e-06,9.962628014e-06,3.453772625e-06,7.570319498e-06,1.280785743e-06,1.701671642e-06,1.976129506e-05,1.556335639e-06,8.187375317e-06,6.541810389e-06,4.874352549e-06
3.400000000e+00,-4.013101750e-06,-1.086614033e-05,-6.842745425e-06,6.235210061e-06,2.445913741e-05,-4.150498046e-06,-3.395437864e-07,2.097302850e-06,-1.360872535e-05,3.120752283e-06,5.983875206e-06,2.315870199e-06
3.410000000e+00,3.629759014e-06,-7.417277899e-07,-6.532212740e-07,-4.226569042e-06,-1.473577501e-05,3.982912310e-06,-1.335440309e-05,-5.214637448e-06,9.422540084e-06,-2.466684564e-06,3.852064939e-06,-1.083889863e-05
3.420000000e+00,2.480408679e-06,2.558024312e-06,-8.617265342e-06,7.826209905e-06,4.217691195e-06,8.669773387e-06,-5.348923918e-06,-2.346786410e-06,-1.480297088e-05,-6.366232820e-06,-6.038365191e-06,-1.994634301e-05
3.430000000e+00,-1.019824157e-05,-5.690946597e-07,-5.296619446e-06,7.332556795e-06,3.245745665e-06,5.706994369e-06,3.501957650e-06,5.408461266e-06,-1.378218267e-05,-5.046186698e-06,-2.834703151e-06,4.386951995e-06
3.440000000e+00,-2.247258713e-06,-5.070906868e-06,4.803986748e-06,-3.129144906e-06,-1.367205024e-05,1.044431521e-05,-9.117649084e-06,-3.388015257e-06,1.544051172e-07,3.710288369e-06,-5.283116581e-06,4.081187011e-06
3.450000000e+00,3.868646529e-06,7.673927274e-07,1.600565245e-05,7.730207848e-06,8.698491976e-06,1.289909038e-05,6.945545416e-06,-9.021357100e-07,-4.276208259e-06,6.070007936e-06,8.363450764e-06,7.268779527e-06
3.460000000e+00,1.643431764e-05,1.357129042e-05,7.830514016e-06,1.557520584e-05,9.279701944e-06,-1.928925269e-06,1.326995712e-05,4.178396967e-06,-3.165201679e-06,4.759806135e-06,1.119114942e-05,2.630733665e-06
3.470000000e+00,1.048712438e-05,-1.272258915e-05,-1.114579355e-06,7.351404114e-06,4.669756550e-06,-7.036468523e-06,2.282773135e-06,1.056643630e-05,1.289545269e-05,1.614582439e-05,3.484218175e-06,5.637986617e-06
3.480000000e+00,1.547793044e-05,1.080911026e-05,1.243886485e-05,1.158355477e-05,2.332104709e-07,-8.104823113e-08,5.377461837e-07,9.246373716e-06,1.552997772e-05,2.176477887e-05,1.638921930e-06,2.484781207e-06
3.490000000e+00,5.333191773e-06,-1.331155370e-05,8.774367020e-06,-1.417884807e-06,-2.315171938e-06,-1.354371536e-05,5.450553061e-06,2.465748680e-06,-1.683603056e-06,9.225854442e-06,9.991108542e-06,5.293100475e-06
3.500000000e+00,9.481233560e-06,-1.340003856e-06,-4.718765380e-06,-8.677363821e-06,-3.793906684e-06,-7.481261911e-06,5.940588128e-06,1.817832419e-06,6.678542523e-07,-1.737304892e-05,3.567005184e-06,-1.219132596e-06
3.510000000e+00,-6.853326464e-06,-5.351273619e-06,-2.251538284e-06,-2.071851017e-06,-1.793233378e-05,-4.692050969e-07,-3.877526248e-06,-1.051152720e-07,3.331074396e-06,8.545215447e-06,-5.125244577e-06,4.779743628e-07
3.520000000e+00,-3.141161761e-06,-9.424532538e-06,-4.204325873e-06,-6.128271650e-07,-1.488954979e-05,-1.710312183e-05,4.622002272e-06,-2.046657777e-06,2.417700665e-06,-1.237878522e-05,-1.724845228e-06,-1.323471185e-05
3.530000000e+00,1.053520352e-05,-1.176820469e-05,-1.278688772e-05,-5.315865291e-06,-1.487500374e-05,4.684284871e-06,-6.200410620e-07,-1.088078664e-05,-1.219499249e-06,2.794521054e-06,9.275888977e-07,4.037131917e-07
3.540000000e+00,-1.312976780e-05,-1.688366716e-05,-6.356903201e-06,-5.361525220e-07,-9.549216980e-06,-1.050088369e-05,1.086250851e-05,-9.155827950e-06,-3.271395876e-06,-3.135489109e-06,7.089545009e-06,-7.459117661e-06
3.550000000e+00,-1.356569641e-05,-6.372215159e-06,-7.824516499e-06,-8.404571412e-06,-1.712870731e-05,5.025806439e-07,2.616458272e-07,5.081518944e-06,-3.008350491e-06,-6.173260060e-06,2.505174337e-06,-2.111830873e-06
3.560000000e+00,-2.622417404e-06,1.673425368e-06,8.223247262e-06,-1.693427510e-05,1.171132266e-05,7.480714440e-06,-1.690669084e-06,2.522630831e-06,-3.574729184e-06,-9.475536835e-06,2.444862070e-06,-1.221061692e-05
3.570000000e+00,-8.189681162e-06,-1.046829076e-05,1.436954555e-06,-3.627769931e-06,-5.388683574e-06,-3.198485282e-07,-3.372788403e-06,-1.854356968e-05,-5.672896904e-06,-1.321152094e-07,-7.999350600e-06,2.043843555e-06
3.580000000e+00,5.060816751e-06,-7.052312099e-08,-3.565430118e-06,3.218870248e-06,1.235223756e-05,9.973766162e-06,-4.701203407e-06,1.377692048e-06,-2.516893319e-06,9.614230928e-06,7.057179678e-06,8.558418616e-06
3.590000000e+00,-2.157546757e-06,6.046991318e-06,-5.707795771e-06,-7.476782734e-06,9.016112595e-06,-3.466297472e-06,-3.631751486e-06,8.976214910e-06,-1.848624671e-06,-2.046773679e-06,2.340890629e-06,-8.793347472e-06
3.600000000e+00,1.368957028e-05,5.833429499e-07,-1.254927065e-05,1.672148876e-05,-4.059234020e-06,7.444326522e-06,-6.429611949e-06,8.701212180e-06,-6.141702897e-06,6.977663372e-06,-3.262719126e-06,-9.361659286e-06
3.610000000e+00,-2.651432167e-06,-8.214962263e-06,-1.288728083e-06,5.355349427e-06,-1.118926195e-06,-1.280382419e-05,1.037577974e-05,-5.951966269e-06,-6.572762662e-06,3.460929173e-06,1.076209629e-05,2.547192059e-06
3.620000000e+00,-1.565016680e-06,-4.314335181e-06,3.789615139e-07,-8.830289305e-06,-4.730394196e-06,-1.092860797e-05,-2.288949928e-06,-2.318909688e-05,4.123426228e-07,-1.098443376e-05,8.008724605e-07,-7.946302991e-06
3.630000000e+00,-5.683544998e-06,-8.563736699e-06,5.241242025e-07,-1.368534291e-05,-1.085559276e-05,-6.938843425e-06,-1.497717559e-06,-6.996937958e-06,-1.505957855e-05,-1.107323477e-05,4.942779726e-07,2.740888257e-06
3.640000000e+00,-6.492694155e-06,-1.097794691e-05,-7.562954296e-06,-9.941037896e-06,-1.008758204e-05,4.006813259e-06,-1.303486678e-05,-3.966579708e-06,-1.562522917e-05,-1.420843765e-05,-2.249070098e-06,-1.068243423e-05
3.650000000e+00,1.853629906e-06,-4.950311119e-06,-1.670532504e-05,7.054006928e-06,-6.120840358e-06,1.285876928e-06,4.032275805e-06,-1.851533297e-05,3.400676098e-06,-4.743078805e-06,-9.462668037e-06,-1.553134648e-05
3.660000000e+00,-2.848871413e-06,5.493782256e-06,-4.232661413e-06,-4.219559575e-07,-6.690768309e-06,-4.723377816e-06,3.470662520e-06,-3.856056695e-06,-1.700770489e-05,9.861390382e-06,-7.606791450e-06,7.662931061e-06
3.670000000e+00,-6.872347949e-07,2.275569774e-06,-7.426969365e-06,2.124832621e-06,2.126096500e-06,-1.575732416e-06,-2.862142307e-06,-1.090970943e-05,4.681081197e-06,8.699022394e-06,-6.701533164e-06,-1.223516596e-05
3.680000000e+00,4.345118497e-06,5.990497383e-06,8.755232186e-06,8.885262716e-06,3.666270155e-07,6.002520352e-06,1.668494001e-05,-1.137175026e-05,6.214559396e-06,-4.401501199e-06,1.437931713e-06,6.289708357e-06
3.690000000e+00,7.134081241e-06,7.887184163e-06,-6.740736924e-07,4.563464171e-06,1.480773419e-05,6.963200755e-06,-7.461304125e-06,1.322511429e-05,1.002963489e-05,1.989094941e-05,3.836546129e-06,9.811305022e-06
3.700000000e+00,1.429925464e-05,1.051472706e-06,1.501991059e-06,7.500256443e-06,2.130845348e-06,3.741456553e-06,3.165517040e-06,5.497059424e-06,1.580920904e-05,7.529587952e-06,2.514512449e-06,1.738007802e-05
3.710000000e+00,9.062496016e-06,1.089178686e-05,7.295137564e-06,8.095072635e-06,6.690300069e-08,6.814187608e-06,4.468987748e-06,1.022857062e-05,2.606985217e-05,1.178277119e-05,1.161698679e-05,5.479632585e-06
3.720000000e+00,-4.670533090e-06,-1.140321741e-06,6.051945811e-06,3.916930977e-06,-1.187112990e-05,9.478005667e-06,-2.651485618e-06,4.769746098e-06,-3.482504721e-06,6.232624878e-06,-1.978880139e-06,-9.516874741e-06
3.730000000e+00,3.413948956e-07,-7.338396561e-06,-1.562816158e-06,4.803324203e-06,-2.278873506e-06,2.972867409e-06,-1.559372046e-06,1.679521185e-07,3.152937773e-06,4.600798609e-06,1.125415193e-05,-1.042994332e-07
3.740000000e+00,2.207007256e-06,-1.802775868e-06,-5.957211464e-06,2.317432940e-06,7.050605730e-07,-1.271104966e-05,-7.661636587e-06,-1.106904835e-06,-4.903222978e-06,9.906405917e-06,6.591471670e-06,-7.561387480e-08
3.750000000e+00,-1.687300162e-05,-2.980740378e-06,1.480603176e-06,1.314134126e-05,-5.280084679e-06,-1.398636416e-05,8.866793517e-07,7.384913474e-06,-8.011261353e-08,3.958962751e-06,-1.297020048e-06,-1.306126692e-06
3.760000000e+00,1.178080145e-06,-1.317840130e-06,-2.438966120e-06,6.151856049e-06,3.917846486e-06,-3.909064740e-06,-9.738288673e-07,2.777236763e-06,-9.857145292e-06,-1.001401803e-05,3.138482324e-06,-5.522775299e-06
3.770000000e+00,-1.821177220e-05,-8.643082124e-06,7.810454904e-06,-2.379004666e-06,-7.708643385e-06,-5.970967752e-06,1.136571351e-05,-2.122177558e-06,-7.299685896e-06,2.392038060e-06,5.326811149e-06,1.007310203e-05
3.780000000e+00,9.960081662e-06,-9.379915331e-06,1.568053490e-05,8.311572729e-06,6.201330606e-06,-2.186549979e-06,-1.498102745e-05,1.661267704e-05,1.090644319e-05,1.473655847e-05,1.686222276e-06,2.679635142e-06
3.790000000e+00,1.476052993e-05,-4.350049608e-06,-1.592314197e-07,1.197317218e-05,3.101570724e-06,3.080060807e-06,1.426412436e-05,-1.187787695e-06,-1.026457898e-06,1.042095453e-05,-6.008497238e-06,-1.602717755e-06
3.800000000e+00,2.131975293e-05,-3.630937708e-06,-4.190152878e-08,-2.204490147e-07,1.017509351e-05,8.674620183e-06,3.349021510e-06,1.772150190e-05,4.800363347e-07,5.029583122e-06,9.819053166e-06,1.031375605e-05
3.810000000e+00,2.071677420e-05,1.153660611e-05,7.833450821e-06,1.409050450e-05,1.339243512e-05,-6.312272056e-06,4.274206005e-06,4.203895185e-06,-8.684951957e-06,-3.157351077e-06,1.465440460e-05,4.688888346e-06
3.820000000e+00,-1.578442986e-06,1.796362703e-05,4.519272053e-06,-4.803616066e-06,8.619728853e-06,4.422370955e-06,1.018560179e-05,-2.327648983e-07,-9.998486312e-07,7.502776235e-06,-6.784601941e-06,1.362288640e-05
3.830000000e+00,5.297775822e-06,-3.515107115e-07,5.427441382e-06,7.014963264e-06,1.304617393e-05,-5.181113356e-06,6.204970439e-06,1.392170205e-05,-1.158369149e-05,2.240549819e-06,-4.121114236e-06,-7.185313518e-06
3.840000000e+00,2.151545408e-06,-6.847792995e-06,1.708014120e-06,-1.252124932e-05,-6.448954831e-06,-1.344496363e-05,-1.027906561e-05,-1.171520783e-05,1.667787824e-06,7.816480370e-06,-1.941829016e-06,3.391298813e-06
3.850000000e+00,-8.929851486e-06,-3.123990088e-06,-1.044217305e-05,-7.959908177e-06,-1.458856213e-05,1.489435140e-05,1.829031395e-06,-4.674223527e-06,-5.499865231e-06,-1.057370321e-05,-4.762789920e-06,-1.492121996e-05
3.860000000e+00,-4.534309644e-06,-1.480666468e-06,-5.060323472e-06,-5.531496669e-06,-2.185341846e-06,-4.835622989e-06,-7.085383541e-06,-2.142458575e-05,-9.684011356e-06,-1.003549780e-05,2.750070557e-06,-9.882912346e-06
3.870000000e+00,-1.115876668e-05,-1.588629579e-05,-2.044281405e-05,-1.496038584e-05,-1.519546150e-05,3.530041370e-06,3.338310873e-07,1.190045468e-06,-7.740779385e-07,-7.207306941e-06,-2.101113675e-06,1.712781005e-06
3.880000000e+00,-8.800651458e-06,-1.028188393e-05,-4.505480275e-06,-4.277549182e-06,-6.680910059e-06,-2.231289226e-06,-6.005205617e-06,3.527117629e-06,1.508246714e-06,-1.173048158e-05,-4.226928376e-06,-4.603268470e-06
3.890000000e+00,1.230768008e-06,-4.883769775e-06,-5.161408287e-06,-8.704211982e-06,9.418545558e-06,4.854654389e-06,-7.845704324e-06,-1.072814905e-05,3.563842242e-06,-1.221163916e-05,2.181050542e-07,-4.722575790e-07
3.900000000e+00,-1.931172271e-06,3.645642443e-06,-7.226482274e-06,4.346031689e-06,1.226374750e-06,-2.478238575e-06,-4.655359858e-06,2.474401108e-06,3.551082149e-06,1.033206849e-06,1.152269281e-05,-2.790306329e-06
3.910000000e+00,5.922943200e-06,1.310200949e-05,3.559345202e-06,2.671112590e-06,-4.832518922e-06,3.274014903e-06,-9.567861763e-06,7.825247311e-06,-5.147327063e-06,1.483103008e-06,6.319856714e-06,4.593838790e-06
3.920000000e+00,-7.397534477e-07,-1.139347567e-06,5.652392065e-06,-3.377043406e-06,-4.132042846e-06,6.372793950e-07,-1.612087926e-06,1.006731661e-05,4.962969586e-06,-1.198434510e-05,-1.538009856e-06,-1.608341803e-07
3.930000000e+00,1.311407463e-05,3.831313626e-06,-6.088055961e-06,-5.249688376e-06,-3.590767757e-07,-1.181695347e-08,-6.162803149e-06,6.614921324e-07,7.392094283e-06,8.409740643e-06,-8.143681600e-06,5.760235876e-06
3.940000000e+00,-2.235585066e-06,-8.696483348e-07,-1.148552273e-05,9.337899501e-06,-2.260170096e-05,-5.754521733e-06,-1.655839721e-05,9.237705263e-06,3.918574943e-06,6.902616205e-06,1.064059503e-06,1.303553633e-06
3.950000000e+00,-9.406671653e-06,-1.815571441e-06,-1.584857398e-05,-4.257797817e-06,-5.775208793e-06,-1.124453999e-05,-5.210450795e-06,-2.484477266e-06,-8.107587853e-06,-6.197794557e-06,-1.399885351e-05,-8.300236643e-06
3.960000000e+00,-1.070786915e-05,-1.427212707e-05,-1.314911730e-05,-7.845582739e-06,4.515511371e-06,-5.052331883e-06,-2.436853461e-06,-1.113477401e-05,1.046070699e-05,-1.070502936e-05,-1.951758612e-05,-2.462262257e-06
3.970000000e+00,-1.184936529e-05,-9.873518260e-06,-1.600330576e-05,-1.015802143e-05,-5.076237138e-06,-3.262594792e-06,-7.789531580e-06,1.204504461e-06,-3.125635755e-06,-1.254465638e-05,-1.598869976e-05,-1.812982969e-06
3.980000000e+00,-4.784540725e-07,-4.850756073e-06,-1.207260749e-05,1.786934992e-06,-1.183301518e-05,-2.367100181e-08,1.142379615e-05,3.275268277e-07,-6.487187508e-06,-7.906329851e-06,-1.456039716e-05,-4.831594805e-06
3.990000000e+00,-1.741475972e-06,5.563195851e-06,-3.823271562e-06,-7.756011281e-06,-1.454419108e-05,-8.441533363e-06,2.669268770e-06,5.651666353e-06,-2.606734259e-06,-8.851773617e-06,-7.664968217e-07,2.450693784e-06
4.000000000e+00,8.469535627e-06,3.916609234e-06,-8.202779562e-06,-8.984527535e-07,-2.737053262e-06,-3.662382062e-06,4.095616102e-06,3.817980799e-06,-2.590893576e-06,7.136983772e-06,-1.885144054e-06,-9.214088745e-07
4.010000000e+00,5.370736497e-06,9.760934098e-06,1.888874174e-05,1.464833938e-05,1.190857115e-05,1.579626113e-05,-1.014570489e-05,1.127623752e-05,-2.311017199e-07,1.444019648e-05,1.485133458e-05,5.899289733e-06
4.020000000e+00,1.136410231e-05,5.627912528e-07,-2.738851733e-06,9.780116506e-06,2.588366517e-06,2.377452478e-05,-8.932566322e-07,1.157445835e-05,9.745915754e-06,5.041271924e-06,2.914030041e-06,1.283005694e-05
4.030000000e+00,7.446759777e-06,1.267976166e-05,3.330699402e-06,5.490801266e-06,6.464424092e-06,-3.210754723e-06,1.143445461e-05,-3.051415221e-06,3.505550746e-07,2.514750990e-06,8.295032232e-06,9.346128400e-06
4.040000000e+00,2.412656345e-06,-4.241997480e-07,8.634398681e-06,4.850903468e-06,-2.459139375e-06,1.220543940e-05,-4.134519168e-06,1.199762560e-06,7.055678671e-06,-1.844833100e-06,8.747353646e-06,1.251160805e-05
4.050000000e+00,5.261400312e-06,1.053159084e-06,9.978228441e-06,-5.870330603e-07,1.882496939e-06,8.653346841e-06,1.009196282e-05,2.882639284e-06,1.889847461e-06,8.600546125e-06,9.447779740e-06,-3.510443580e-06
4.060000000e+00,1.167586290e-05,-1.891436382e-07,-3.826230994e-06,1.634698463e-06,1.667100458e-05,-6.005242334e-06,2.986744972e-06,-1.461160625e-05,7.763650665e-06,2.064815405e-06,8.612993038e-06,2.032687762e-07
4.070000000e+00,-7.473299287e-06,8.685108069e-06,1.187440754e-06,-1.332979590e-05,7.481465126e-06,6.441257166e-06,9.291564836e-06,9.029413755e-06,9.955049822e-06,-8.578828283e-06,-9.419766383e-07,2.149122830e-06
4.080000000e+00,-1.113238999e-05,3.152344521e-06,2.154605887e-06,-6.235282902e-06,-3.850799059e-06,4.616868761e-06,-1.605734409e-05,-1.212072298e-05,1.076855975e-06,-6.676412786e-06,-1.189032115e-05,-4.042449421e-06
4.090000000e+00,-8.399411300e-06,-5.267757568e-06,-7.885623140e-06,2.698808278e-06,6.941242967e-08,-5.900295432e-06,-9.256859495e-07,-1.216323203e-05,-9.055107510e-06,-1.267335287e-05,2.253368587e-06,7.049667324e-06
4.100000000e+00,-1.744251696e-05,1.327155136e-05,5.624160893e-06,4.717950907e-07,-1.172004724e-05,1.556550012e-06,7.558666646e-06,-6.770247332e-06,-7.683253302e-06,4.200607521e-06,-3.526413970e-06,1.617015612e-06
4.110000000e+00,-1.022953416e-05,-9.115296780e-07,-4.201296774e-06,1.333790343e-05,3.620874474e-06,-1.348228703e-06,6.699981515e-07,3.083614669e-06,-1.876741486e-07,2.969867128e-06,1.016273103e-05,5.430333904e-06
4.120000000e+00,1.242762415e-05,-4.841930896e-06,1.129954137e-06,1.402325586e-05,1.052875501e-05,4.099902345e-06,4.970529459e-06,2.710534652e-06,9.354517517e-06,2.118885068e-05,9.200199025e-06,1.117586805e-05
4.130000000e+00,-2.598982649e-06,5.104673403e-06,4.652323686e-06,3.057691765e-06,-4.937278933e-06,6.209692296e-06,4.697860176e-06,2.883395026e-06,6.182718145e-06,2.257006419e-06,1.042512953e-06,1.085419892e-05
4.140000000e+00,8.917927486e-06,1.567962145e-05,1.228489808e-05,2.233236337e-06,8.080789344e-06,-1.191200749e-06,6.148364610e-06,1.035818112e-06,-5.123795624e-07,1.193978558e-05,7.532774578e-06,9.679473817e-06
4.150000000e+00,1.123345153e-05,1.193510375e-05,-3.365669858e-06,2.812013777e-06,-2.198952655e-06,4.955560605e-06,2.813408179e-05,9.728943894e-06,1.270739063e-05,-1.053628245e-07,8.202307262e-06,4.231055620e-06
4.160000000e+00,5.474782626e-06,4.715584986e-06,4.823012195e-06,-4.722308700e-06,7.766939708e-06,-5.349237320e-07,1.288598818e-05,4.934547589e-06,9.241749941e-07,-1.356780608e-06,-1.775124246e-06,4.469245655e-06
4.170000000e+00,-1.238192747e-05,-1.778595166e-05,-4.039298336e-06,5.288422984e-06,1.124916664e-05,8.105262615e-06,-6.638985694e-06,4.294329898e-06,1.533068651e-06,-3.595247592e-06,-7.369017983e-06,5.411495835e-06
4.180000000e+00,-4.042149783e-06,6.879689596e-06,-7.814233695e-06,2.131966949e-06,-4.942308199e-06,3.016959736e-06,-3.991614898e-06,-6.554633621e-06,-1.517271569e-06,1.887498028e-06,-7.084741664e-06,7.773307661e-06
4.190000000e+00,-7.529938758e-06,8.161213272e-06,3.894316825e-06,-4.872445073e-06,-6.057721799e-06,-1.605321782e-05,-4.359364416e-06,-7.226495462e-07,-7.619421477e-06,7.278709713e-07,-4.275727799e-06,-2.035482998e-06
4.200000000e+00,-1.019546684e-05,6.032505756e-06,-8.888528930e-06,-1.121649792e-05,-6.766716932e-06,-1.293896506e-05,-1.319157265e-05,-1.551311926e-05,-1.180594549e-05,-9.469019841e-06,4.098817706e-06,-1.159570922e-05
4.210000000e+00,6.795438261e-06,-5.605558898e-06,-5.513487384e-06,-3.582084265e-06,-1.122075118e-05,-1.348513801e-05,6.255655857e-06,-4.385006917e-06,-1.013861292e-05,-8.392403607e-06,-5.475462283e-06,3.187756052e-06
4.220000000e+00,-7.026829582e-06,-8.519617422e-06,1.729468745e-07,-1.002754469e-05,-7.096939818e-06,-6.319747483e-06,-2.968460970e-06,9.130655596e-07,2.134949962e-06,7.271385385e-06,-6.517521783e-07,-1.067777258e-05
4.230000000e+00,-1.690961505e-06,-3.287609930e-06,7.360268643e-06,-1.959066656e-06,8.299664226e-06,-8.762572063e-07,-1.581760843e-06,-9.864260456e-06,2.069414147e-06,-7.298934609e-06,-5.313643762e-06,-1.167642496e-05
4.240000000e+00,5.513594791e-06,-3.434257006e-06,-1.126634955e-05,-9.951525982e-06,-1.156237981e-05,-1.254545185e-05,7.384822171e-06,8.252129414e-06,-1.912442894e-06,1.078088132e-05,1.005938060e-05,4.017115508e-07
4.250000000e+00,-1.392466361e-05,1.830380599e-06,9.099035827e-07,-1.727189094e-06,1.383426998e-05,1.507179181e-05,1.214602951e-05,-5.589555050e-07,1.142351185e-05,-1.549240916e-05,6.309870686e-06,-7.726783715e-06
4.260000000e+00,1.768743095e-06,6.578114291e-06,3.218656659e-06,-8.407313819e-08,-6.316994591e-06,7.694303867e-06,-9.344829039e-07,9.859495494e-06,5.633420428e-06,-2.776940516e-06,1.520258351e-06,5.178007759e-06
4.270000000e+00,-1.450645919e-06,-1.546635727e-05,-5.788912341e-06,6.993888013e-06,-2.652300721e-06,3.527684508e-06,-2.975516646e-06,-2.650087928e-06,-3.691911428e-06,6.089611325e-07,5.147268771e-06,2.372026962e-07
4.280000000e+00,-4.645219991e-06,6.968781016e-06,2.089888522e-06,-1.028094389e-05,-1.048150381e-05,-4.040033020e-06,2.561770636e-06,-7.077682527e-06,-3.930168059e-06,-5.678078748e-06,-3.083679494e-06,-9.803333394e-06
4.290000000e+00,-2.383637971e-05,-8.008657072e-07,-7.894580179e-06,-1.366714498e-05,-1.130626249e-05,-6.622353166e-06,-1.066063928e-05,-3.624094231e-06,-1.791576742e-05,-5.295669765e-06,8.436431794e-06,-1.086076906e-05
4.300000000e+00,-3.418317382e-06,-2.131446277e-06,-3.017849940e-06,-3.477610242e-06,-9.670901361e-06,-1.204023548e-05,-1.351564424e-05,-2.291938129e-06,-6.592481045e-06,-3.501986979e-06,-5.726555707e-06,-1.393619660e-05
4.310000000e+00,-8.316315467e-06,-5.055236978e-06,-1.590608949e-06,-9.766104753e-06,-8.943589673e-06,-1.456763028e-05,-1.122916646e-06,-4.007899001e-06,1.538117120e-06,-1.421974322e-05,-1.552640148e-05,-8.840796641e-06
4.320000000e+00,-9.702409457e-06,-6.579438027e-06,-8.358997517e-06,-7.020845120e-06,-1.067535244e-05,1.086892924e-05,-5.969894873e-06,-5.461021515e-06,-5.848215448e-06,-4.653501604e-06,-5.471845534e-06,1.821629342e-05
4.330000000e+00,3.008273530e-06,3.150941189e-08,-5.270419519e-06,-1.455235466e-05,-1.430533686e-07,-6.377347698e-06,-8.264125768e-07,-1.038693304e-05,1.017342283e-07,-2.365167806e-07,2.123157764e-07,-9.199645904e-06
4.340000000e+00,2.227650185e-06,7.092590990e-06,2.320538031e-06,-8.231808523e-06,1.819257044e-05,1.351559240e-05,1.885210845e-06,-6.946301426e-06,2.265113711e-06,-5.626098211e-06,6.374963234e-06,9.165388786e-07
4.350000000e+00,4.942706230e-06,1.103515139e-06,4.063875019e-06,-9.077101629e-06,1.217949459e-05,6.754189476e-06,1.205666906e-05,2.056390502e-06,9.112205596e-06,-5.987532137e-07,1.449448194e-06,-6.262441539e-06
4.360000000e+00,8.799601077e-06,1.003602029e-05,-8.646203201e-06,7.994945057e-06,1.416197276e-05,1.202765570e-05,8.689522364e-06,1.754780022e-05,1.383644355e-05,1.360020324e-06,7.101812899e-08,8.844488292e-06
4.370000000e+00,1.625876263e-05,3.359348083e-06,1.199389850e-05,-2.206106489e-06,1.882299377e-05,5.397273508e-07,1.484542809e-05,5.989133738e-06,3.964819724e-06,1.098927389e-05,1.566133879e-05,-1.470784245e-06
4.380000000e+00,9.237298711e-06,1.030791180e-05,1.254715278e-05,-6.778456147e-06,-6.017836286e-07,5.051893616e-06,-1.162461744e-06,6.386400710e-06,4.170348994e-06,1.340638301e-05,1.708629419e-05,8.459598703e-06
4.390000000e+00,4.058657811e-06,-1.108347971e-05,-7.876413742e-07,9.404883704e-06,2.326292594e-06,1.029875101e-05,-8.587072971e-06,1.596049233e-05,2.830187002e-06,1.095688397e-05,-7.963839019e-06,8.869611975e-06
4.400000000e+00,-7.174999669e-06,-1.557430410e-06,1.635149395e-06,2.888815807e-06,9.690860545e-07,9.054557409e-06,-4.752094524e-06,-6.571985643e-06,-1.757098242e-06,-1.009619601e-05,6.839652430e-06,-8.147168213e-06
4.410000000e+00,-1.643448796e-05,-3.741178396e-06,1.766440121e-05,7.805041998e-06,1.824714736e-05,-1.523957666e-06,6.014524349e-06,-4.123737857e-06,-7.175558043e-06,-1.435079425e-05,-5.241683991e-06,4.337932859e-06
4.420000000e+00,6.797945241e-06,-3.417898881e-06,-4.642347959e-06,-1.589763589e-06,-6.753984692e-06,-7.323545264e-06,6.405604826e-06,-1.358276194e-05,-4.005968465e-06,-2.855041627e-06,-8.844089899e-06,-4.239342021e-06
4.430000000e+00,-1.329610951e-06,-1.065123607e-05,4.274398215e-06,-3.304345289e-06,-1.306303237e-05,-1.029311976e-05,-4.450293854e-06,1.535945395e-05,8.442931356e-06,5.119537511e-06,1.163103509e-05,8.111423281e-06
4.440000000e+00,-6.593230542e-06,1.755048559e-06,-7.817110589e-06,-3.665950366e-06,1.165076741e-05,6.466024474e-06,-9.398253886e-06,1.103195965e-05,-7.988709438e-06,5.588970591e-06,2.623349716e-06,1.013747022e-05
4.450000000e+00,9.350008596e-06,-1.369945469e-06,-3.082349065e-07,9.257451667e-07,-7.403510266e-07,9.646507721e-07,-7.933569086e-07,6.806623818e-06,1.478348490e-05,6.711726989e-06,-9.188392048e-06,-3.971551021e-06
4.460000000e+00,4.374827985e-06,-6.368166568e-06,1.067810326e-05,9.822975980e-07,-7.280640112e-06,-2.986273410e-06,1.087793174e-05,1.929537259e-05,1.044665868e-05,4.281805690e-06,1.668361051e-05,1.176190759e-05
4.470000000e+00,5.984302100e-06,-3.209699289e-06,-1.057040870e-06,1.065432058e-05,6.942023636e-06,8.897274614e-06,-6.760147556e-07,9.761494946e-07,6.755891001e-06,1.863118497e-05,1.410240967e-05,1.273974311e-05
4.480000000e+00,-7.659885658e-06,1.541476741e-05,8.096248300e-06,1.169226799e-05,9.080737753e-06,-1.034903805e-05,2.628262080e-06,1.353273281e-05,8.218165336e-06,2.756492247e-06,1.760277390e-08,5.765315885e-06
4.490000000e+00,1.586225053e-07,1.089357762e-05,6.398186996e-06,-1.536207858e-06,6.417377470e-06,7.126934399e-06,4.994527180e-06,-2.197152352e-06,2.559340711e-06,3.810050018e-06,-1.086969905e-06,-7.371592033e-06
4.500000000e+00,4.140660935e-06,9.119857891e-06,4.174892443e-06,4.051659231e-06,7.362687180e-06,2.737039856e-06,1.061040377e-05,-1.313965084e-06,-1.054246747e-05,-9.202454081e-06,-1.237932662e-06,4.440259933e-06
4.510000000e+00,-6.279386720e-06,-9.516291938e-06,-1.303869210e-05,6.890477093e-06,-1.052293266e-05,-1.917393362e-06,2.064344097e-06,-6.587710550e-06,7.732648270e-06,-1.769814704e-05,-8.904952043e-06,-2.213963104e-06
4.520000000e+00,-6.638214332e-06,-2.703127460e-06,-7.030705062e-06,-7.642078760e-06,-2.937141944e-06,-1.255987918e-06,-4.941671821e-06,-1.458218594e-06,3.881447939e-06,-7.011106038e-07,-1.273401834e-05,-7.973062313e-06
4.530000000e+00,-6.972747118e-06,9.523509174e-07,-8.605694820e-06,-9.078694679e-06,-1.212663722e-05,-1.313780244e-05,-1.589996251e-05,5.496258897e-06,-6.245634400e-06,-1.870217727e-05,-1.054416394e-05,-1.972047528e-05
4.540000000e+00,-4.183239700e-06,3.364578424e-06,-1.247980123e-05,-1.350290534e-05,-1.112913814e-05,-6.317957605e-06,-1.666636550e-07,-5.788275807e-06,-3.628097857e-07,-7.778195665e-06,-6.302508445e-06,-8.673860160e-06
4.550000000e+00,1.037243568e-05,1.251670666e-06,-1.347760487e-05,-3.327730334e-06,1.017910202e-05,-6.048290054e-06,2.589515367e-06,1.749392902e-06,2.493907214e-07,2.997746069e-06,3.054218199e-06,-1.450676630e-05
4.560000000e+00,3.615810276e-06,9.925233749e-06,8.076751963e-07,-1.310372086e-05,5.575811804e-07,-4.892372643e-06,-2.223597389e-06,-5.593556560e-06,6.718217885e-06,9.909616550e-06,-9.829372939e-07,3.869268014e-06
4.570000000e+00,1.167690308e-05,6.716522162e-06,-1.534685874e-05,-1.419487716e-05,-1.785049127e-06,2.608616250e-07,-2.070009151e-06,2.736527705e-06,1.109453515e-05,-8.543048699e-06,-1.952859045e-06,5.994435950e-06
4.580000000e+00,-2.540147775e-06,2.124433954e-06,1.188907055e-05,-1.449583035e-06,-3.516300567e-07,-3.558673367e-06,-2.097353108e-06,3.127881760e-06,-3.841949103e-06,-1.604483917e-06,-4.760065112e-06,7.447030670e-07
4.590000000e+00,1.257389380e-05,7.366962508e-06,7.434782186e-07,-1.413011177e-06,4.101794928e-06,9.889341071e-07,7.033553809e-06,4.405703207e-06,4.716151536e-06,8.325735269e-06,8.769211080e-07,-9.449302264e-07
4.600000000e+00,1.100193967e-05,7.755347198e-08,-8.955850032e-06,2.350692828e-06,5.625367195e-06,4.314062885e-06,-8.923960458e-06,3.496815015e-07,-4.911237594e-06,1.995488695e-06,1.447280579e-06,-5.371517175e-06
4.610000000e+00,-5.105191786e-06,2.641968577e-06,-6.718928253e-06,1.153879917e-05,6.203043076e-06,-1.055521464e-05,1.073718783e-06,5.448315396e-06,3.349767039e-06,8.481830218e-06,-1.758216968e-06,-7.461461178e-06
4.620000000e+00,-1.267954131e-05,-2.113442071e-06,-3.786720036e-06,-1.673739787e-05,-2.066694242e-06,-5.803700443e-06,-1.053868325e-05,-3.745230138e-06,-1.034043694e-05,-2.231387205e-06,-8.140753566e-06,4.095190954e-06
4.630000000e+00,-3.404782109e-07,-9.458845245e-06,-1.173010136e-06,-1.802369184e-08,-8.716265345e-06,6.032038725e-06,1.511660564e-06,-2.556833522e-06,-1.711987728e-05,-7.448772071e-06,-1.741730561e-06,-1.014923263e-05
4.640000000e+00,-1.293081114e-05,-4.732102394e-06,-5.142810982e-06,2.811747825e-06,-1.428836622e-05,-1.507817232e-05,-2.759505165e-06,-6.199037732e-06,-1.050415268e-05,-1.854400189e-06,2.235414100e-06,8.683620388e-07
4.650000000e+00,6.494512203e-06,-6.747679915e-06,-1.158714034e-05,-1.892099094e-06,-9.808707235e-06,-1.071720256e-05,9.352673959e-07,-6.594145623e-06,-3.395805348e-06,-4.126559458e-06,-5.690060136e-06,4.074098864e-07
4.660000000e+00,-8.891468441e-06,1.089682546e-05,-3.154651328e-06,-3.972865695e-06,1.752531263e-06,-4.799542853e-07,-2.094682554e-05,1.638711880e-06,2.906511051e-06,4.651103709e-06,-1.093342986e-05,-2.984966118e-06
4.670000000e+00,3.108316757e-06,-3.449013736e-06,9.565240489e-06,8.945862254e-06,1.120574650e-05,-3.473558120e-06,-5.626716419e-06,-8.860531294e-07,-7.032566312e-06,1.169700941e-05,1.048998845e-07,8.991385180e-06
4.680000000e+00,-1.533172604e-06,2.883034313e-06,5.630460026e-06,8.907770186e-06,-6.964433998e-07,3.130369108e-06,-4.459071283e-06,-1.397109099e-06,-4.916557312e-06,2.219390606e-05,6.647123908e-06,8.612151945e-06
4.690000000e+00,1.632792048e-05,6.876556138e-07,3.861691461e-06,2.446539106e-06,1.245900936e-05,4.825104674e-07,-6.961880210e-06,-2.416544518e-06,9.038846543e-06,2.968112777e-07,-3.873434595e-06,8.399051797e-06
4.700000000e+00,6.097694728e-06,5.034702694e-06,-7.040171218e-07,9.372587605e-06,1.096547146e-05,-6.245440112e-06,8.209264215e-06,1.592772733e-06,-2.074034481e-06,6.875647160e-06,1.279515508e-05,1.486757264e-05
4.710000000e+00,1.420599808e-05,1.280041544e-05,2.717676000e-06,1.464126511e-06,-2.576664010e-06,4.854137563e-06,4.596388041e-06,1.093448650e-05,2.150228932e-06,-4.492817758e-07,-1.174488381e-06,4.488612134e-06
4.720000000e+00,2.905114773e-06,-6.523245111e-06,1.897446385e-05,6.752426287e-06,1.347295980e-05,7.136004520e-06,6.518924069e-06,-3.382869076e-06,1.410987984e-06,1.406050645e-05,3.347135440e-06,4.735605550e-06
4.730000000e+00,5.143739346e-06,1.488073006e-06,-4.502022010e-06,-3.159440780e-06,3.124072181e-06,-5.403366705e-06,1.827086524e-06,8.370251160e-06,1.524000895e-05,6.250111119e-07,-4.568395242e-06,1.291421886e-06
4.740000000e+00,-1.997296180e-06,-3.149651563e-06,-7.569592990e-06,-7.334317839e-06,-3.005066017e-06,-3.319211819e-06,3.963481271e-06,8.237069677e-06,-9.426229575e-06,2.425126912e-07,-2.170281610e-06,1.500062334e-06
4.750000000e+00,5.730286305e-06,2.894703971e-06,8.819900778e-06,-5.184301881e-06,-5.614425272e-06,-3.040149061e-06,5.309647629e-06,6.271305776e-07,-6.298589640e-06,1.054934739e-05,-1.600108551e-05,-2.677866437e-06
4.760000000e+00,2.087030636e-06,3.424319908e-06,-1.187714517e-05,-5.952725108e-06,-3.070911408e-06,-4.289367608e-06,-1.156514364e-05,-6.676249055e-06,-1.314418370e-05,-1.222972842e-06,-9.437489620e-06,2.345146897e-07
4.770000000e+00,1.245360942e-06,-3.087935330e-06,3.043943415e-06,-1.130153699e-06,4.320125765e-06,9.898061013e-06,6.940121231e-06,-5.025568011e-06,-3.779442469e-06,7.294221601e-06,-1.806630323e-06,-1.090013823e-06
4.780000000e+00,-2.808307396e-06,1.777000067e-05,3.651457295e-06,5.913529273e-06,-1.098513546e-06,7.357518594e-06,2.641229605e-06,3.029870478e-06,2.073984065e-06,1.721343524e-06,3.139818389e-06,8.617887838e-06
4.790000000e+00,7.172434320e-06,1.284898236e-05,8.769855843e-06,-2.288971351e-06,6.393304750e-06,-8.967060644e-06,7.014582695e-06,-6.264036820e-06,9.474674156e-06,9.588820353e-06,1.556360339e-07,4.496509017e-06
4.800000000e+00,-9.292010376e-07,1.068558088e-05,5.942348634e-06,2.017558441e-07,1.269131404e-05,2.954212765e-06,-3.579687260e-06,1.342622340e-05,1.249662344e-05,2.450305679e-05,9.435747426e-06,6.087130962e-06
4.810000000e+00,9.518406583e-06,5.918914612e-06,5.647616062e-06,8.618354756e-07,4.888044325e-06,-7.554956344e-06,9.655829171e-06,1.448894367e-05,1.151245286e-05,8.344775360e-06,1.662149300e-06,1.108788355e-05
4.820000000e+00,-1.561562687e-06,7.141601208e-07,5.706387673e-06,1.704839927e-05,2.054315196e-06,8.556798909e-06,-7.404353278e-06,9.680235849e-06,-7.282306503e-06,1.683290301e-05,1.035408921e-05,1.000746233e-05
4.830000000e+00,1.052922129e-05,-1.260690973e-06,-1.276260774e-05,4.341887569e-06,1.695756921e-06,1.045513231e-05,-7.228705983e-06,1.312439944e-05,-1.565163325e-05,8.896389856e-06,-6.086982596e-06,-1.186502568e-05
4.840000000e+00,-8.478976135e-06,-1.132444248e-05,-7.041260908e-06,-6.965511205e-06,-9.988753611e-06,-2.896656670e-06,-2.162647656e-06,6.282045073e-06,-2.337156437e-06,1.636226364e-06,-5.316849413e-06,4.055337879e-06
4.850000000e+00,3.882550439e-06,-1.644587533e-05,-7.249225875e-06,-1.391809141e-05,-9.717522582e-06,-1.282924609e-05,4.179719129e-07,-1.445275302e-05,-4.502472611e-06,-6.051530111e-06,-4.803952637e-07,-8.830662618e-06
4.860000000e+00,-3.455903325e-07,-6.830259402e-06,1.056155772e-06,-1.141992967e-05,-1.873698718e-05,-1.493511335e-06,-9.461181896e-06,-3.534203860e-06,-2.540245517e-05,-8.134940102e-06,1.813565243e-06,-1.495676837e-05
4.870000000e+00,-2.237443005e-05,3.936890895e-06,2.294261853e-06,-2.772271505e-06,-4.877650266e-06,-2.623177577e-06,1.479618121e-06,-9.871305392e-06,-6.269646323e-06,-1.060681736e-05,6.819827898e-06,-3.083589246e-06
4.880000000e+00,2.993265042e-06,-3.561427203e-06,-5.410878200e-06,9.966657371e-06,5.591697732e-06,-3.320588685e-06,-2.093521200e-05,-9.422442044e-06,-1.072992452e-05,-1.900362437e-06,-1.132640812e-05,-1.432262060e-07
4.890000000e+00,-5.478582324e-07,-1.527232341e-06,-1.121480830e-06,2.276765009e-06,1.109219239e-05,-4.649576189e-06,-8.772922104e-06,-9.609361725e-06,-1.120323081e-07,2.367899448e-06,-1.313554266e-05,3.197355782e-06
4.900000000e+00,4.270888753e-06,4.555473214e-06,5.900742078e-06,-5.178233870e-06,3.035586244e-06,-7.050251340e-06,9.946984652e-07,-6.009897659e-07,8.141815044e-06,-2.446935158e-05,2.071611076e-06,-7.591159399e-06
4.910000000e+00,-4.787577443e-06,8.286167459e-06,-2.455582680e-06,4.621279475e-06,-2.242348224e-06,2.323160794e-06,2.044566494e-07,-4.316780742e-07,5.801791800e-06,7.085632161e-06,3.955618678e-06,-5.607247176e-07
4.920000000e+00,6.897793657e-06,-6.410681361e-07,-3.917398150e-07,-6.754770732e-06,3.781420967e-06,1.120229586e-05,6.347344093e-06,7.492261777e-06,4.358318720e-06,2.975875590e-06,-1.745156171e-06,-4.764397322e-06
4.930000000e+00,1.395698765e-06,-6.843063092e-06,-1.499551702e-05,7.157522763e-06,8.702838138e-07,1.416852618e-05,-4.644998203e-06,1.191108808e-05,2.836580735e-06,1.030640945e-05,1.099558434e-05,2.105648157e-07
4.940000000e+00,1.102877156e-05,-8.682640936e-07,-7.620264483e-06,-2.065834159e-06,5.642538591e-06,1.636206459e-06,4.412494065e-06,-3.960951289e-06,5.097027444e-06,-3.199932741e-06,-5.264877103e-06,1.676522867e-06
4.950000000e+00,-1.705022745e-07,1.872363694e-05,-4.790758041e-06,-6.346009667e-06,-1.142133001e-05,-2.511806683e-06,-1.354963311e-05,-8.934370856e-06,-4.301528144e-06,-5.544082204e-06,-1.595801796e-05,-4.775011273e-06
4.960000000e+00,-3.943907247e-06,-8.299583545e-06,-3.308579501e-06,-1.461644898e-05,6.960650722e-06,-5.588889150e-06,-6.333771616e-06,-6.564832164e-06,1.541934682e-06,-3.830565375e-06,2.166215392e-06,8.277232457e-07
4.970000000e+00,9.577879522e-06,-5.954059261e-06,-9.476644328e-07,-1.073583385e-05,-3.308371161e-06,7.220894118e-06,-1.374224154e-06,-4.249084761e-06,-8.753617382e-06,-1.222705725e-05,-3.442582739e-06,-7.574992022e-06
4.980000000e+00,-1.695610421e-05,-1.890583291e-05,-1.290557875e-05,-1.802070782e-05,3.760780134e-06,-9.875650849e-06,-1.472395460e-05,-6.505562276e-06,1.856740803e-06,-9.367219970e-07,-8.691655738e-06,-4.663745654e-06
4.990000000e+00,-1.367814213e-05,-6.749483959e-06,2.127246444e-06,-2.600873122e-06,-2.820060277e-06,-7.948177978e-07,-2.328047786e-07,-1.026112976e-05,-5.796165240e-06,1.182109493e-05,-5.748561974e-06,-3.356390124e-06
5.000000000e+00,-7.626081718e-07,2.782392936e-06,7.099217116e-06,1.070503959e-05,-4.012690481e-06,3.838059064e-07,-5.248196631e-06,4.867075545e-06,-5.282008671e-06,-9.126493212e-06,-2.234879819e-06,8.985193035e-07
5.010000000e+00,8.518316321e-06,9.837921099e-06,9.256303827e-06,1.074520573e-05,9.197891139e-06,8.724770260e-06,7.520820340e-06,-1.447692818e-06,1.007535841e-05,5.856694203e-06,1.138040843e-05,1.133437168e-06
5.020000000e+00,1.917443169e-05,1.258792775e-05,5.333752519e-06,8.303293128e-06,1.502173724e-05,-4.780885392e-06,1.618363019e-08,1.537674506e-06,6.522581847e-06,1.154017670e-05,9.684692583e-06,1.422172178e-05
5.030000000e+00,3.274204780e-06,-1.605951109e-06,4.010111220e-06,-7.663111676e-06,1.246994529e-05,1.893996505e-06,1.646606811e-05,8.163897097e-06,-7.491736318e-06,8.020510663e-06,5.871751216e-06,-9.053648823e-07
5.040000000e+00,7.692194549e-06,3.822220882e-06,4.942480569e-06,6.693163599e-06,-2.265247769e-06,7.833468292e-06,6.207503865e-06,7.745522760e-06,1.526149812e-06,-1.197106499e-05,4.454711662e-06,5.621611134e-06
5.050000000e+00,1.668268998e-05,2.548728393e-07,5.828956213e-06,2.005115397e-05,9.358972465e-06,-2.249397190e-06,8.583660245e-06,1.337555771e-05,-2.549669785e-08,3.279487195e-06,6.174800153e-06,3.109266705e-07
5.060000000e+00,8.083444394e-06,3.429762020e-06,6.778908183e-06,-3.082859410e-06,-2.678757266e-06,1.719078844e-05,-5.847315350e-06,6.846707730e-06,-5.812361802e-06,4.062843315e-07,-1.799398249e-06,3.900057199e-06
5.070000000e+00,2.392625269e-06,9.157285182e-07,-1.347983749e-05,-1.628128350e-06,2.080527733e-06,7.941217360e-07,-5.690988738e-06,-8.423796872e-06,4.115016285e-06,-1.273695291e-06,1.190834205e-06,-8.505684848e-06
5.080000000e+00,1.711374836e-05,9.217882216e-07,-5.917084077e-07,-1.295171520e-05,1.375531890e-06,1.416042256e-06,2.470468744e-06,8.528197451e-06,-5.873332252e-06,3.325566853e-06,-4.098579346e-07,-6.017284273e-06
5.090000000e+00,-4.694298567e-06,-4.159486091e-06,-5.526408944e-06,1.217556176e-06,1.508058878e-06,-9.615413526e-06,1.948136145e-06,2.306919832e-06,4.589908747e-06,-1.805323801e-06,1.208855897e-06,2.838675567e-06
5.100000000e+00,-4.195205694e-06,2.109323570e-06,5.632724759e-06,-9.188699834e-06,1.017093963e-05,-1.447983755e-05,-6.355898318e-06,9.630481813e-06,-9.152406416e-06,9.913345240e-06,-1.021714328e-05,1.032094659e-06
5.110000000e+00,6.048539712e-06,-7.899862209e-06,-2.225060647e-08,-2.481583987e-06,-5.276544580e-07,3.995675382e-06,-3.529774970e-06,1.256685594e-05,-1.283824649e-05,9.750004550e-06,-4.101912033e-06,2.434513290e-06
5.120000000e+00,4.703004001e-06,9.710643178e-06,2.773066456e-06,-8.029596311e-06,2.172837698e-06,2.392344902e-05,6.416917665e-06,2.306837356e-06,6.963635586e-06,-7.223942538e-06,5.477038910e-06,1.446298834e-06
5.130000000e+00,4.209658227e-06,7.227898705e-06,8.946101820e-06,2.327636633e-06,-7.489578379e-06,2.436039429e-06,1.285466965e-05,-5.158569450e-06,5.207599076e-06,5.642486440e-06,2.836741834e-06,1.092173550e-05
5.140000000e+00,9.228930577e-06,8.747824158e-06,3.945830363e-07,6.447200435e-06,1.189933290e-05,1.589725646e-05,4.747218816e-06,5.289862943e-06,8.543286478e-06,-1.031941862e-06,7.347487134e-06,1.256440988e-05
5.150000000e+00,5.957028858e-06,6.335789135e-07,2.211262530e-05,6.070284026e-06,3.455792998e-06,4.698861398e-09,-1.399928586e-06,1.932478636e-05,1.019538117e-05,1.043159012e-05,9.508569623e-06,-5.309327832e-06
5.160000000e+00,7.687646943e-06,-1.035378786e-05,1.011493221e-05,-8.455365215e-06,1.714413176e-05,3.720570827e-06,5.289267063e-06,6.312577890e-06,-1.100002362e-06,-3.251825521e-06,1.455759628e-05,-2.779007262e-06
5.170000000e+00,8.250049578e-06,3.643803935e-06,-3.436197658e-06,1.092557803e-06,-1.334225710e-05,5.520323547e-06,3.944754349e-06,-4.654967551e-06,-4.382812496e-07,2.808445463e-06,-1.734213217e-06,-5.940029417e-06
5.180000000e+00,-1.101761429e-05,-1.155600414e-05,-8.874069877e-08,-2.480778494e-06,5.406342834e-06,-8.255697425e-06,-6.609024029e-07,-9.359633168e-06,1.024035337e-05,5.009171785e-07,-4.709434017e-06,-3.323570730e-06
5.190000000e+00,-6.678469585e-07,4.666976031e-06,-5.157267698e-06,-1.406295590e-05,-1.127802010e-05,-2.260209920e-05,-2.317661593e-06,-7.309091635e-06,5.618777680e-06,-1.367236001e-06,1.345272499e-06,-6.252691680e-06
5.200000000e+00,-5.009665419e-06,2.799183108e-07,-9.498996516e-06,-9.353100483e-06,-1.491332635e-05,1.886642488e-06,-1.325874636e-05,-8.118756956e-06,-7.642324230e-06,-1.644837206e-05,-1.264827137e-05,-1.624781702e-05
5.210000000e+00,-9.893112099e-06,-9.910322124e-06,7.338657040e-06,-8.212623337e-06,-9.993419237e-07,-1.075942626e-05,-5.538074513e-06,-2.174763074e-06,-2.144331024e-05,-1.840757640e-06,-1.266779431e-05,-7.117533031e-06
5.220000000e+00,2.943018056e-06,-4.247296912e-06,1.085968686e-05,-6.977796473e-06,-1.332440418e-05,-5.150026386e-06,-1.094449844e-05,1.387112429e-06,-2.578585962e-06,3.267925542e-06,1.210855458e-05,-1.739403495e-06
5.230000000e+00,-2.222332511e-06,-5.829107850e-06,-1.220092833e-05,-2.712714872e-06,2.890811987e-07,-1.881353199e-06,-3.507048625e-06,-7.231267531e-06,-1.264857776e-07,-2.525616951e-07,3.262404417e-06,-1.256568877e-05
5.240000000e+00,1.644901489e-05,3.342046484e-07,-2.602919695e-06,1.004659726e-05,2.684830765e-06,3.407190332e-06,3.132450552e-06,-5.795422314e-06,-1.311758109e-06,-6.360704579e-06,-1.015598505e-05,-2.099571786e-06
5.250000000e+00,-1.224617087e-06,-1.007531014e-06,-3.811222056e-06,-3.764433099e-06,7.137214180e-06,-6.982237354e-06,9.880609548e-06,-3.761619776e-06,-1.175307829e-05,5.888909015e-06,2.017217270e-06,1.069919851e-05
5.260000000e+00,-8.951622822e-07,5.405341894e-06,5.115666568e-06,-2.699757991e-06,9.935720993e-06,1.454650017e-05,6.928454921e-06,-8.803095390e-07,9.725916076e-07,9.017137578e-06,-6.399316405e-06,9.881029440e-06
5.270000000e+00,-4.836338803e-06,4.294092344e-06,-1.701848695e-06,8.576659757e-06,-9.195300943e-06,-9.178813774e-07,-6.056056810e-06,2.456748455e-06,-5.624875399e-06,5.523763716e-06,2.762567290e-06,-1.960796807e-06
5.280000000e+00,1.311920023e-06,-9.687544862e-06,4.542246185e-06,1.805090144e-06,-3.574241865e-06,-1.268769007e-07,5.690125028e-06,-5.534618463e-07,-1.090944039e-05,5.637988618e-07,-5.436500404e-06,2.890040095e-06
5.290000000e+00,-1.479078144e-05,-1.408828868e-05,-1.231913647e-06,-4.357377345e-06,2.704976592e-06,-1.006041639e-05,1.087232576e-06,-1.171281447e-05,-3.325258386e-06,6.590345158e-07,6.804257800e-06,-4.064740167e-06
5.300000000e+00,-9.383673182e-06,-9.006450984e-06,-1.194037716e-05,-1.609460525e-06,-1.206676128e-05,-2.446594067e-05,-6.600275349e-06,-2.676086458e-07,-8.405180189e-06,-9.836199885e-06,3.977866424e-06,-1.680160449e-05
5.310000000e+00,-6.348018722e-06,-1.309466294e-06,6.435998358e-06,-1.039554733e-05,-3.998110635e-06,-1.479251177e-06,-2.492685536e-06,-2.052735541e-05,-2.262469962e-05,3.417100307e-06,-5.218015563e-06,-2.509784971e-05
5.320000000e+00,-1.038510165e-05,9.578508740e-07,-4.888271801e-06,-8.095307444e-06,-1.359186594e-05,5.973989771e-07,1.660291238e-06,-1.858339665e-05,9.662536481e-06,-1.409912236e-05,4.578712765e-06,-1.440099683e-05
5.330000000e+00,9.651051855e-06,1.968055205e-06,-5.225251527e-07,1.224798347e-05,-7.149550137e-06,4.166914056e-06,-6.223958171e-06,-5.567719858e-06,-2.291731356e-06,6.608613837e-06,-1.138314428e-05,-1.069485252e-06
5.340000000e+00,-4.326423486e-06,3.648687441e-07,4.600372856e-06,1.264648021e-05,4.197186188e-06,2.563548610e-06,9.777093241e-06,-4.029956515e-06,3.386434702e-06,-2.860861021e-06,1.303842167e-05,7.457900451e-06
5.350000000e+00,-3.588018550e-07,-8.602164962e-07,1.081432135e-06,2.895587470e-06,-2.130051577e-06,-3.934998078e-06,-3.611728198e-06,1.549596975e-05,6.393170956e-06,5.962634323e-06,1.286291625e-05,2.084111942e-06
5.360000000e+00,1.249692448e-05,5.136792439e-06,2.207886205e-06,4.990134041e-06,1.401485666e-05,9.667549189e-06,9.460431383e-06,-3.868249388e-06,2.607504388e-06,1.278562680e-05,9.553529731e-08,1.610419600e-05
5.370000000e+00,5.291942910e-06,-5.570779572e-06,9.266162541e-07,1.685416304e-05,6.728291983e-06,8.050301169e-06,-1.074921728e-06,-8.948173861e-06,4.353929466e-06,1.401987799e-05,9.542591628e-06,6.219072448e-06
5.380000000e+00,1.529371832e-05,1.507869187e-05,1.536618335e-05,-5.782624819e-06,2.202658026e-06,-1.186949103e-05,1.854001721e-06,7.375100552e-06,3.868849568e-06,3.531777175e-06,3.220417611e-06,1.160790056e-05
5.390000000e+00,5.675611195e-06,-4.030081542e-06,-8.827527077e-06,3.382803113e-06,-5.971950542e-06,-8.066315226e-07,3.882374092e-06,4.600891872e-06,8.463930697e-06,-8.486774120e-06,2.141750818e-06,2.347108007e-06
5.400000000e+00,3.980214703e-06,-2.285794441e-06,1.215090959e-05,1.025788240e-05,3.819179286e-06,4.593743512e-06,-9.620066780e-07,1.451470975e-05,-2.486559702e-06,2.456457612e-06,7.121588918e-06,1.700760521e-06
5.410000000e+00,9.614066408e-07,-3.385558955e-06,-9.979035271e-06,1.916839902e-06,-9.175097112e-08,-1.449148150e-06,-6.703597146e-07,6.678063767e-06,-5.253473584e-06,7.490250031e-07,-8.109922754e-06,6.246872499e-06
5.420000000e+00,-6.745730647e-06,-6.251651305e-07,5.176226838e-06,-5.761302212e-07,-1.541946647e-06,-5.110806868e-06,-4.692758847e-07,3.103001626e-06,3.605774434e-06,-1.094935331e-05,-2.813063082e-06,-3.120598267e-06
5.430000000e+00,4.612652355e-06,-4.272456331e-06,2.169230271e-06,-6.909324351e-06,1.003477230e-05,1.040857761e-05,3.738383801e-06,-3.590535444e-06,-2.004114018e-06,1.070043383e-05,-1.116211292e-05,2.372579537e-06
5.440000000e+00,5.449598053e-06,5.336398547e-06,-6.416298919e-07,2.835437677e-06,-9.163945787e-07,3.608507886e-06,1.268961780e-05,1.137100466e-05,1.016013203e-05,3.112335265e-06,2.411832908e-07,-9.513966363e-06
5.450000000e+00,1.336623675e-05,1.575181635e-05,-4.245747988e-06,5.346905545e-06,-7.862558092e-06,1.064075810e-05,-7.713316446e-06,4.373413833e-06,1.327129776e-05,5.767586107e-06,1.290590144e-05,2.176091812e-05
5.460000000e+00,6.202830769e-06,1.315251424e-05,9.053360213e-06,1.199196777e-05,1.940244070e-05,-2.589978264e-06,1.199503417e-05,7.062623377e-06,2.406358947e-06,7.407758386e-06,1.246943966e-05,7.025528191e-06
5.470000000e+00,-8.526953458e-07,7.040872803e-07,3.495181119e-07,5.337254211e-06,8.976308515e-06,1.205232358e-05,-1.586144003e-06,1.893843660e-05,-9.794216647e-07,1.214518767e-05,4.447698956e-06,-9.576407993e-07
5.480000000e+00,1.231356005e-05,7.449902631e-06,1.009745435e-05,5.712341850e-06,5.945248339e-06,-7.614032528e-06,9.787979118e-06,1.668894906e-05,1.523043878e-05,2.968682439e-06,8.796016096e-06,3.492964169e-06
5.490000000e+00,1.095069825e-05,1.022665306e-05,-1.238928075e-05,8.730436752e-06,-7.004140046e-06,9.480922642e-06,-8.739955139e-06,6.546494579e-06,3.267666815e-07,-5.702517471e-07,-1.046635587e-06,1.304777131e-05
5.500000000e+00,-1.101108704e-05,-1.165172054e-06,1.054010710e-05,1.187030824e-05,-4.525818068e-06,-9.136699665e-07,-7.148304589e-06,5.857729178e-06,1.305102744e-05,1.936246278e-06,5.606191828e-07,6.705243201e-06
5.510000000e+00,-4.454730706e-06,3.377637074e-06,-1.194624162e-05,-1.230819220e-05,-9.254657648e-06,-7.196114034e-07,-3.693722913e-06,9.094822852e-06,6.002107467e-06,-6.357737684e-07,-1.183559741e-05,-1.354581936e-05
5.520000000e+00,-1.880266929e-06,1.454370821e-05,1.000032923e-05,-5.323197297e-06,-7.728693862e-06,-4.413259359e-06,9.132463047e-07,-1.271936479e-05,1.376471423e-06,8.979021605e-07,-1.028750797e-06,-1.405764986e-05
5.530000000e+00,-7.989286610e-06,-5.298985965e-06,-1.793736703e-05,-9.748247705e-06,-1.362693452e-05,-1.729243389e-06,4.238767556e-07,-1.135007959e-05,-2.024596148e-06,-1.389063809e-05,-3.812894871e-06,-1.916983751e-05
5.540000000e+00,-2.504312473e-06,-1.258216283e-06,-8.438424543e-06,-4.310246169e-06,3.976530230e-06,-7.017637647e-06,-6.282824116e-06,-1.511803169e-05,-1.099366670e-05,-9.197964042e-06,5.179754730e-06,-4.159832655e-06
5.550000000e+00,-4.135593167e-06,1.353772457e-06,-5.577415456e-06,-1.197926998e-05,1.578381914e-06,-7.474890522e-06,-1.092318003e-05,-2.540066710e-07,-1.403823320e-05,-1.200804332e-05,-1.129558554e-05,-3.682347075e-06
5.560000000e+00,4.039281978e-06,-8.107668919e-06,4.762982560e-06,-1.366038160e-05,6.298383707e-06,-7.451888750e-07,-9.780387502e-06,3.275338060e-06,-6.608569963e-07,-1.602175212e-06,-4.993407419e-06,5.039691107e-06
5.570000000e+00,4.898965450e-06,3.994263773e-06,-5.291259830e-06,1.587370181e-07,-3.042826776e-06,-5.543678140e-06,-6.767670502e-06,-4.243579526e-06,7.752686801e-06,1.569073750e-06,-5.292018975e-06,1.802980613e-05
5.580000000e+00,1.057722560e-05,6.346505065e-06,-7.526891568e-07,2.423965899e-06,5.584830106e-06,-2.419200116e-06,-7.555547504e-06,6.537125334e-06,-5.167713074e-06,-7.138879185e-07,-8.446140233e-06,-3.100133643e-06
5.590000000e+00,-5.805343661e-06,1.880401188e-06,1.931072898e-06,1.211120438e-05,1.925022786e-07,1.508160588e-05,6.739684138e-06,-7.332188679e-06,-2.422876146e-06,-4.179373345e-06,7.971340797e-06,2.368820201e-05
5.600000000e+00,1.186405754e-05,-4.512052605e-06,5.279141167e-06,3.116480692e-06,-2.639504152e-06,-1.218226576e-05,4.583444283e-06,1.029193520e-05,-1.429112155e-06,-5.059836029e-06,1.357500394e-05,-2.005051115e-06
5.610000000e+00,-3.510590928e-06,1.345925762e-05,4.369734279e-07,1.187629368e-06,7.032331195e-07,-3.187059886e-07,-7.692877107e-06,8.942499812e-07,-1.214283680e-06,-6.866072839e-06,6.878615965e-06,-1.791766621e-06
5.620000000e+00,4.724370461e-06,-1.163502051e-05,2.850341962e-06,-4.597960877e-06,6.718396860e-06,-1.638921821e-05,-4.638724431e-06,-1.541792032e-05,-3.605473687e-06,-3.598728331e-07,-7.247651136e-06,-3.476503343e-06
5.630000000e+00,-1.372002501e-05,-6.620597431e-06,-1.506404343e-05,-1.794781921e-05,-2.626867633e-06,-1.242925850e-05,-7.741236036e-06,-5.093511174e-06,8.448122627e-06,-8.094083431e-06,-1.742702080e-05,-5.608508582e-06
5.640000000e+00,-1.790885997e-05,-1.381830806e-05,-1.182578360e-05,1.511044588e-06,2.470449006e-06,-3.881479489e-06,-2.869466360e-06,-1.882472896e-05,-1.219817768e-05,-1.231407538e-05,-1.334977127e-05,-2.753172916e-06
5.650000000e+00,-1.398195051e-05,-8.450493283e-06,-1.093315327e-05,-6.415456688e-06,-1.938220594e-05,1.528441470e-05,5.495705092e-06,-2.413580192e-06,-8.507979996e-06,-5.020008825e-06,-1.417537686e-05,-1.407327348e-05
5.660000000e+00,-4.202111944e-06,-9.008582458e-07,5.971110692e-07,7.084211702e-06,-9.342166407e-08,-7.237589664e-06,7.810384088e-06,3.316226120e-06,-1.472507369e-05,-5.273354385e-07,7.754824943e-06,4.494160919e-06
5.670000000e+00,7.052522023e-07,6.849346618e-06,-4.534462519e-06,-9.227095589e-06,8.166797452e-06,1.125278306e-05,-1.014836378e-05,6.288492294e-06,1.247013059e-05,4.181725348e-07,-4.309805553e-06,5.594615896e-08
5.680000000e+00,1.027609758e-05,6.637996570e-07,5.994321907e-06,4.684281038e-06,7.900611512e-06,8.261070456e-06,-1.365497331e-05,6.176537552e-06,-2.681518015e-06,1.340025919e-05,1.947817189e-05,7.705891372e-07
5.690000000e+00,1.813577310e-05,8.201013641e-06,7.668203073e-06,1.103588381e-05,8.073679795e-06,7.770710184e-06,6.521312643e-06,6.784299710e-06,-2.772050406e-06,3.187302331e-06,2.252710956e-06,6.042222163e-06
5.700000000e+00,-3.875447427e-06,2.494070644e-06,7.874658426e-06,1.439989934e-05,1.181310929e-05,-1.504481058e-06,2.986795565e-06,8.495442179e-06,1.067892688e-05,-4.535854174e-06,2.168904824e-06,2.148897600e-05
5.710000000e+00,-1.654498924e-06,1.781912074e-05,3.286548606e-07,2.927518197e-07,-6.741952500e-06,6.155041621e-06,-3.553702480e-06,6.828867985e-06,-7.799214968e-06,-1.176766003e-05,6.255500537e-06,9.790579416e-06
5.720000000e+00,5.981698480e-06,3.505142803e-06,1.719494144e-06,1.914679818e-05,2.214725071e-05,1.284986996e-05,1.178964012e-05,-6.774572733e-07,-4.728997322e-06,1.133750744e-05,3.854044998e-06,2.558934203e-09
5.730000000e+00,2.211798641e-06,-2.168209580e-06,-4.930887193e-06,-1.157811206e-05,-8.569323124e-07,-3.508093052e-06,8.425708909e-06,-2.260113298e-06,1.317654342e-05,-5.097437907e-06,-5.654834049e-06,1.036801845e-05
5.740000000e+00,-3.237620349e-06,-1.444810288e-05,9.415372229e-08,1.943403262e-06,1.656254814e-06,-3.444594635e-06,4.326713346e-06,-9.050904467e-06,1.655352860e-06,4.866201202e-07,-1.394118980e-05,2.663801335e-06
5.750000000e+00,6.760330428e-06,-1.875411500e-05,8.199937827e-07,6.582628932e-06,-5.101099090e-06,-1.055633301e-05,-5.586500217e-06,-7.653391228e-06,6.771958917e-06,1.714182956e-06,-5.938116665e-06,-1.260571518e-05
5.760000000e+00,-8.409597155e-06,-4.375228473e-06,-2.928118130e-06,-1.107758834e-05,-6.405909571e-07,7.209728361e-06,4.535788985e-06,-9.258773961e-07,-3.485174885e-06,-1.055813881e-05,2.036933252e-06,-1.953676772e-06
5.770000000e+00,-5.785944690e-06,9.099129195e-06,8.294567147e-06,5.122591985e-06,-1.008279588e-05,-7.021265288e-06,-9.185867533e-06,-1.738288372e-05,4.601259730e-06,1.176823839e-06,2.175806360e-06,7.409107842e-06
5.780000000e+00,6.021743147e-06,-1.187736425e-05,6.399156039e-06,1.714507360e-05,1.169500734e-05,1.071663028e-05,-3.601758941e-06,1.309343547e-05,-1.106963970e-05,1.186644963e-06,8.433323095e-06,-6.846156515e-06
5.790000000e+00,9.800206184e-06,-3.507127688e-06,1.026745322e-05,3.171733746e-07,-8.445513767e-06,-4.805137926e-06,3.521644844e-07,1.082988750e-05,1.156033141e-05,-1.402169676e-06,3.806786100e-06,1.184216324e-05
5.800000000e+00,-1.259575980e-06,1.445449564e-06,1.707923621e-05,1.325787787e-05,5.690463709e-06,1.565319817e-05,1.620670847e-05,-1.435398729e-06,1.204373880e-05,3.759607470e-06,3.593249916e-06,5.073830035e-06
5.810000000e+00,3.922375249e-06,1.389320754e-07,-3.491044492e-06,1.767255735e-05,7.345249765e-06,1.780503798e-05,7.421158534e-06,8.319454144e-06,8.551260926e-06,6.423016136e-06,-2.680253723e-06,1.478488368e-05
5.820000000e+00,1.359986489e-06,8.240478995e-06,1.373249583e-05,5.933059165e-06,-1.050596727e-06,1.407119025e-06,1.806015042e-05,3.265187825e-06,4.111813683e-06,1.100679838e-05,1.456767211e-05,-5.876406383e-06
5.830000000e+00,-1.590057628e-06,-6.202253837e-06,-6.441037550e-06,1.719292921e-06,4.785264599e-06,-6.430474562e-06,4.581796882e-06,1.076531434e-05,2.875896199e-06,-1.915788278e-06,-2.714208301e-06,1.219344240e-05
5.840000000e+00,-1.075577949e-05,-5.343225982e-06,8.535741505e-06,-2.002186253e-06,-2.061854112e-06,4.880891225e-06,-1.806461934e-06,3.122274287e-06,-4.783674145e-06,-3.133030060e-06,-1.238747410e-05,4.686142698e-06
5.850000000e+00,-3.047291793e-06,-5.554225191e-06,-2.457647200e-06,1.085866063e-06,-1.703071768e-06,-1.314871605e-05,-4.232547459e-06,-4.198307854e-06,-2.668059357e-06,3.923890310e-07,3.725912814e-06,4.004778932e-07
5.860000000e+00,-9.502447017e-06,-1.543082916e-05,-4.508510659e-06,-1.004498827e-05,-2.879207169e-05,-1.607897720e-05,1.063133918e-06,-6.297068606e-06,-1.254914320e-06,5.696851738e-06,-1.198197333e-05,-8.807762824e-06
5.870000000e+00,-5.599900389e-06,-1.389263890e-05,-1.409542327e-05,-1.596753096e-05,-9.239097200e-06,-1.095042185e-05,-7.098437562e-06,-2.064035248e-06,-4.660935364e-06,-1.475249169e-05,-1.526238506e-05,-4.719094218e-06
5.880000000e+00,-4.554467028e-06,-4.396577939e-07,-8.054914686e-07,-5.774794871e-06,-5.362337353e-06,6.168959231e-06,-6.869073003e-06,-1.413170656e-06,6.972409664e-06,-1.998148141e-05,-7.381154412e-06,-2.063245733e-05
5.890000000e+00,-1.003284769e-06,7.696004615e-06,-7.916075459e-06,-1.037077610e-05,1.083023780e-06,-2.522190268e-06,8.416850160e-06,-3.628232615e-06,-7.918640986e-06,-6.824290109e-06,-5.921222961e-06,3.465753209e-07
5.900000000e+00,4.571926318e-06,4.376542740e-06,-5.418673504e-06,-4.176383664e-07,-3.391636327e-06,3.552527667e-06,-1.486593792e-06,-2.715179852e-06,3.063433683e-06,-5.002085696e-06,5.577580200e-06,1.793262403e-06
5.910000000e+00,5.075795504e-06,3.952357883e-06,1.065874942e-05,1.004776135e-05,-1.076748527e-06,-4.513069509e-06,1.299625433e-06,7.313213417e-06,1.444779566e-05,4.314813470e-06,7.153715357e-06,1.541731554e-06
5.920000000e+00,1.004175893e-05,1.310839305e-05,3.612770125e-06,7.609221675e-06,2.870209063e-07,1.192872017e-07,7.135959363e-06,1.160493745e-05,1.317676916e-05,-5.951327040e-06,3.480232016e-06,8.994285041e-06
5.930000000e+00,3.536536933e-06,-1.447776740e-05,3.025456828e-06,-2.117736420e-06,9.515217240e-06,-3.536772959e-06,8.361459276e-06,-8.756159076e-06,1.754926108e-06,1.170280063e-05,-3.506205631e-06,-3.174024930e-06
5.940000000e+00,-6.243627286e-06,8.931496652e-06,-1.638110946e-05,-6.684911577e-06,-1.413427955e-05,-8.685034843e-06,1.009248907e-05,9.491043795e-06,4.875283426e-07,1.369900067e-06,-6.954488106e-06,5.583976605e-06
5.950000000e+00,-7.696825822e-06,-2.743334503e-06,-6.803070088e-06,6.494717311e-07,3.916530776e-07,-9.122412806e-06,-2.747022372e-06,3.427608819e-07,-6.426439188e-06,-6.279578508e-06,3.534056449e-06,-3.231430068e-06
5.960000000e+00,-1.805401208e-05,-2.024684512e-06,-5.503310495e-06,-9.420353290e-06,-1.131498711e-05,-1.831419393e-06,2.602334867e-07,-5.488435257e-06,-5.956134331e-06,-5.958526909e-06,-9.327012209e-06,-1.826018492e-05
5.970000000e+00,-1.178090293e-05,-7.700663616e-07,3.472023939e-06,4.776128419e-06,-2.786848144e-06,1.225967254e-06,-1.050492608e-05,-1.703889090e-05,-9.332483288e-06,-1.038290275e-05,1.878728313e-06,-8.912798092e-06
5.980000000e+00,-1.693690636e-05,-6.264147846e-06,-6.785510998e-06,-1.128312687e-05,4.620404037e-06,5.902838485e-07,-4.946008563e-06,-7.187685445e-06,-2.215164905e-05,3.146615623e-06,-1.196601650e-05,-7.208088884e-06
5.990000000e+00,8.165106688e-07,-2.280425700e-05,-3.178122229e-06,-1.128099615e-06,-4.121438399e-07,-5.597873167e-06,-4.270617435e-06,1.493375131e-05,-7.916895648e-07,-3.336235905e-07,-1.641350418e-05,6.256257783e-06
6.000000000e+00,-3.020495889e-06,9.300756867e-06,9.484809144e-07,-1.058604051e-05,5.629423950e-06,-1.158161006e-07,6.720794346e-06,1.094234783e-05,-4.386398804e-06,3.661934873e-06,4.285447287e-06,1.135727748e-05
6.010000000e+00,3.125901540e-06,-2.414663453e-06,1.756862790e-06,-7.834347355e-06,6.919177212e-06,9.799341930e-06,-6.049972532e-06,6.908879436e-06,-2.410387574e-07,2.023597444e-06,-2.562272847e-06,-1.129330063e-06
6.020000000e+00,2.205780940e-06,2.123183908e-06,-7.880978388e-06,1.537718619e-05,-2.727248072e-07,1.364463641e-05,-1.274727659e-08,3.695085986e-06,1.190488854e-05,1.683494010e-06,6.285381383e-06,1.433070644e-05
6.030000000e+00,3.860938038e-06,4.198926896e-06,4.470788380e-06,2.602642154e-06,1.684749195e-05,1.067234014e-05,2.301586580e-06,1.058844288e-05,2.665166584e-06,-2.883177061e-06,1.447191915e-05,5.847812679e-06
6.040000000e+00,3.488242219e-06,5.732923553e-06,1.511242955e-05,4.659265977e-06,-4.285585880e-06,9.066318154e-06,9.055158652e-06,-1.223756598e-06,-9.027610121e-07,1.153792788e-05,7.356698489e-06,1.401892061e-05
6.050000000e+00,6.211515420e-06,-9.157292089e-06,1.126780925e-06,-3.627146068e-06,2.924544053e-06,-2.086859701e-07,1.937677529e-06,8.926554736e-06,5.054710025e-06,-3.073787245e-06,-4.292539984e-06,1.891228326e-06
6.060000000e+00,1.093184131e-05,-3.132493287e-06,-1.228644534e-05,-3.934769223e-06,1.546401888e-05,6.852861239e-06,1.347223161e-06,1.393208508e-05,3.522314363e-06,-3.951678859e-06,4.746202391e-06,1.691226235e-06
6.070000000e+00,-1.181685415e-06,-1.045850420e-05,-6.482810918e-06,-1.107442806e-06,-5.971093465e-06,-9.798003827e-06,-5.634466017e-07,1.149921011e-05,-1.168396615e-05,-6.683776323e-08,5.847769195e-06,-6.938346253e-06
6.080000000e+00,7.971808072e-06,-1.337362796e-05,-1.021187119e-05,3.564586690e-06,-2.483547832e-06,1.037249909e-05,-5.828693182e-06,-2.197156379e-06,1.963098040e-06,2.490916510e-05,3.168638038e-07,8.409649757e-06
6.090000000e+00,-4.003594869e-07,-1.983628648e-06,-1.504129865e-05,-2.853906755e-06,-1.147515940e-05,-1.017693622e-05,-5.867699062e-06,1.813798836e-06,1.566296447e-06,-7.014680307e-06,-1.090793453e-05,5.991683527e-06
6.100000000e+00,4.556356285e-07,7.016344760e-06,-3.611494797e-06,-1.743050931e-06,-1.600788192e-05,-3.238357263e-06,-9.905583988e-06,-1.695089819e-07,2.760390022e-06,9.888191592e-07,-3.369594903e-06,-4.457935404e-06
6.110000000e+00,-1.403964886e-06,2.368243510e-06,-5.229473474e-07,2.190520840e-06,3.503749401e-06,-1.519918564e-06,-5.391870455e-06,-1.611889491e-07,5.008658848e-06,9.602721514e-06,3.542656624e-07,1.150397779e-05
6.120000000e+00,8.368076699e-06,-5.390591994e-06,1.083048792e-05,1.177400280e-05,3.255544959e-06,1.106345755e-05,2.510656488e-06,-3.265018022e-06,-2.518756846e-06,5.913147219e-06,6.233666701e-06,-6.113785818e-06
6.130000000e+00,5.487597421e-06,7.168942191e-06,2.593225512e-06,1.605785720e-07,1.423711249e-05,-2.576870844e-06,-3.600658337e-06,5.895925159e-06,6.760674865e-06,1.834203715e-05,-2.847890812e-06,4.439471737e-06
6.140000000e+00,8.081619821e-06,1.208032880e-05,1.312798756e-05,1.454263952e-05,1.733213983e-05,1.163561437e-05,2.884811997e-06,5.997414106e-06,1.088943231e-05,1.800741787e-06,4.236396339e-06,1.298957224e-05
6.150000000e+00,5.556751911e-09,1.186376743e-05,7.069673744e-06,1.403815945e-05,-9.393704857e-06,3.855772067e-06,6.780621013e-06,-2.799217349e-06,6.476196133e-06,-2.744474234e-06,8.422068715e-06,1.519522723e-05
6.160000000e+00,-4.152537032e-06,8.629617812e-06,2.985817409e-06,-5.443630550e-06,4.172398775e-06,-2.010188400e-07,1.551134475e-05,4.598218042e-06,-1.469062725e-06,9.579215027e-07,4.405016643e-06,-4.587667585e-06
6.170000000e+00,-9.159646831e-06,-4.501493707e-06,-7.607975125e-06,4.001227855e-06,3.219347317e-06,3.495873231e-06,-1.107126774e-05,2.480327110e-06,-3.736216501e-06,-4.745969713e-06,8.322743601e-06,3.588922875e-06
6.180000000e+00,3.145226940e-06,-6.636111822e-06,2.701739866e-06,-1.836856438e-05,-1.209344238e-05,-3.843298674e-07,-9.581145949e-06,1.320619302e-07,-1.294139830e-06,-3.468154679e-07,7.141244883e-06,7.391992184e-06
6.190000000e+00,-1.587434773e-05,4.052969943e-06,-1.360135290e-05,-8.507216769e-06,1.101249626e-06,-1.194086344e-05,-2.094203896e-05,-2.912860480e-06,-1.626251674e-05,-6.651311306e-06,-8.671616524e-06,-1.472891937e-05
6.200000000e+00,-8.459491064e-06,-1.073068175e-05,-3.280364731e-07,-2.336210470e-06,5.569861847e-06,-1.456102849e-05,-6.735875085e-06,1.696494205e-06,-7.599896419e-08,-1.826920112e-06,-1.127006159e-05,-1.051393288e-05
6.210000000e+00,-8.558259305e-06,8.087122465e-07,-5.958861471e-06,-5.167008894e-06,-9.541380968e-06,-1.715294927e-05,9.655094389e-07,-2.081859795e-05,-1.121224784e-06,9.101648299e-06,1.181495249e-05,-3.719352509e-06
6.220000000e+00,-1.385815740e-05,-1.770526902e-05,1.971413111e-06,-1.326373333e-05,2.622586573e-07,-5.857507945e-07,4.548651984e-06,-1.129427131e-05,-3.316081337e-06,-3.710234024e-06,7.072853244e-06,-8.536256998e-06
6.230000000e+00,-4.548129854e-06,-5.357201373e-07,-5.753953576e-07,2.949247566e-06,2.654987566e-06,-4.593354185e-06,7.270601434e-07,-9.028797891e-06,-6.075163953e-06,-3.972051795e-06,-1.774715339e-06,-2.083394623e-06
6.240000000e+00,1.039060872e-05,-2.138906018e-06,-1.044560364e-05,6.611922942e-06,7.751651517e-06,-5.222750026e-06,-6.833275385e-06,7.687948069e-06,4.440320991e-06,-5.829274268e-06,1.300748101e-05,2.049723592e-06
6.250000000e+00,7.538761066e-07,3.081367042e-06,-2.923258351e-06,3.771246795e-06,4.360284911e-06,1.729267235e-06,5.134912955e-06,-5.584187226e-06,7.628884953e-06,7.527756256e-06,7.229189531e-06,-6.998185728e-06
6.260000000e+00,9.965045105e-06,8.006861000e-06,8.212666692e-07,-4.272006147e-06,8.132266250e-06,-4.141867194e-06,1.587252355e-05,-2.338443641e-06,1.012004670e-05,-7.662290298e-06,5.536523360e-06,8.807164495e-06
6.270000000e+00,-8.733408152e-06,1.610539714e-06,7.525442185e-06,3.165318393e-07,-1.191397691e-06,1.034421830e-05,8.901023724e-07,4.745245979e-06,2.097598353e-06,-5.512515875e-06,-1.392710139e-05,-8.684419188e-06
6.280000000e+00,1.165910700e-07,-1.320941234e-06,2.677515297e-08,-8.053757905e-06,-1.165827705e-05,8.224300589e-06,-1.209281992e-06,-5.296330210e-06,9.235679067e-06,-5.701154794e-06,-1.011759864e-05,4.324452848e-06
6.290000000e+00,-1.585248341e-05,-3.844804360e-06,-1.712012919e-05,-9.607735038e-06,-1.029480231e-05,-1.386543506e-05,-1.040681891e-05,2.753409067e-06,4.498429706e-07,8.304663584e-06,-7.914075617e-06,-7.358708221e-06
6.300000000e+00,-2.808390986e-05,-1.145216647e-05,-6.257050027e-06,-1.237914942e-05,-1.269989439e-05,-1.086242358e-06,-3.867682859e-06,-9.659523567e-06,-1.012788887e-05,-1.218842990e-05,9.929296803e-07,-6.732306135e-06
6.310000000e+00,-9.065851718e-06,7.986067731e-06,3.642633477e-06,-1.273202663e-05,-1.080710259e-05,-1.614188713e-05,6.879654768e-06,5.586905146e-06,-1.634147712e-05,-3.820458745e-06,8.250172818e-06,1.857907113e-06
6.320000000e+00,-1.020617545e-05,-5.655466237e-06,1.479432889e-06,-1.097881493e-05,1.013032356e-05,-5.984480844e-07,-1.323773944e-05,-7.801376087e-06,-2.483017703e-06,-1.210752028e-05,3.615200278e-06,-4.468732056e-06
6.330000000e+00,1.225620190e-06,-1.474972534e-07,3.727981866e-06,-1.047046475e-05,4.548821539e-06,-5.948245052e-06,2.342937250e-07,-6.413881672e-06,3.766121333e-06,1.137952962e-05,1.705696995e-06,6.075505108e-06
6.340000000e+00,8.507379887e-06,-2.325736356e-06,-2.568773466e-06,5.768622184e-06,8.046747586e-07,-4.006378522e-06,-2.672366061e-06,-1.291986954e-05,3.936884097e-06,-6.296952050e-06,-4.247598246e-06,1.052450057e-05
6.350000000e+00,6.100131562e-06,6.730260187e-06,3.434651859e-07,1.256453115e-05,-4.210612359e-06,7.174329263e-06,3.321320756e-06,-1.659770321e-06,8.435403505e-06,1.425771838e-06,8.564816501e-06,4.755769808e-06
6.360000000e+00,7.748673592e-06,8.072382980e-06,7.225541280e-06,8.761175486e-06,1.329045145e-05,7.452486472e-06,-5.710628378e-06,5.439768624e-06,2.219629807e-05,-3.603926647e-06,1.811502087e-06,4.373021440e-06
6.370000000e+00,-7.308073679e-07,1.878837752e-06,6.865773614e-06,1.436098296e-06,9.584156014e-09,-2.325748153e-06,-6.109068484e-06,4.838705112e-06,4.682559009e-06,-8.518582686e-06,3.009263742e-06,2.075081538e-06
6.380000000e+00,2.582285686e-06,8.305031701e-06,2.689591690e-06,8.431510145e-06,8.293378050e-06,1.853962210e-05,-1.377696607e-05,1.005097414e-05,5.470602600e-06,1.100385804e-05,-3.489663147e-06,-1.600895616e-06
6.390000000e+00,1.100136312e-05,2.355666016e-06,-1.285733527e-06,-5.212280632e-07,-3.991519027e-06,3.033165075e-06,1.983750703e-05,-3.193259425e-06,1.558279308e-06,-3.840644460e-06,1.608321484e-06,1.409395259e-05
6.400000000e+00,-3.783788979e-06,3.336105296e-06,-7.675179454e-06,-2.482122708e-06,5.924920154e-06,1.161706743e-05,5.515043518e-06,1.028458215e-05,-1.589022169e-05,-1.032707286e-05,1.147288721e-05,-8.159526493e-07
6.410000000e+00,1.376755044e-05,-1.118428280e-05,6.372822901e-06,1.357316771e-05,-3.799269848e-06,5.202364179e-06,-1.172386580e-05,-8.733987266e-06,-6.414926754e-06,-8.084115689e-06,-1.055131923e-05,1.244533821e-06
6.420000000e+00,-7.625275165e-06,-8.087481847e-07,-9.211882829e-06,1.633671227e-05,5.511855719e-07,-7.935521923e-06,-4.951456014e-06,6.223452017e-07,-5.559775536e-06,-5.444846184e-07,-6.525902922e-06,7.409946057e-06
6.430000000e+00,-2.005131845e-06,-3.297621335e-06,6.477817479e-06,-2.483952658e-07,-9.569280623e-06,3.039478984e-06,6.626172500e-06,-5.875592471e-06,1.072025981e-06,4.691462881e-06,6.847480692e-06,-4.870094325e-06
6.440000000e+00,-5.321342790e-06,-2.389603065e-06,-1.544893338e-05,4.748191910e-06,-4.671871375e-07,1.355831461e-06,3.399439978e-06,-2.811705759e-06,1.125368126e-06,3.878635361e-06,-3.486219656e-06,1.500916689e-05
6.450000000e+00,7.135969841e-06,4.097303266e-06,1.192093736e-05,1.303973950e-05,1.054665039e-05,4.838559524e-06,-2.602950153e-06,5.269828960e-06,-1.351998686e-06,-3.081734652e-06,8.532221561e-06,-2.714659857e-06
6.460000000e+00,-2.740909257e-06,1.243581027e-05,1.846781826e-06,1.443346736e-05,1.087382174e-05,6.781597722e-06,3.971453295e-06,1.050794590e-05,4.633591971e-06,-3.294832616e-06,2.129122163e-05,1.409292614e-05
6.470000000e+00,3.153500968e-06,2.048326668e-06,1.269317194e-05,-4.768975967e-06,1.420307425e-05,-1.462754984e-05,6.201658543e-06,8.957814824e-06,6.418476623e-06,7.131763331e-06,-7.097658672e-06,4.014836825e-06
6.480000000e+00,1.165479591e-05,1.430644953e-05,7.154003527e-06,3.294509578e-06,8.701546939e-06,1.907353464e-06,7.941517532e-06,5.374468000e-06,-5.423861304e-07,4.543787469e-06,6.744665126e-06,2.444139532e-07
6.490000000e+00,2.725242484e-06,7.143494918e-06,-5.830629561e-06,4.472615110e-06,4.041998648e-06,5.703872859e-06,7.767749678e-06,1.353437560e-06,7.418390167e-06,1.026875743e-05,9.845603982e-06,9.329823602e-06
6.500000000e+00,-9.553895790e-06,1.428304366e-05,1.114940326e-06,-1.039450095e-06,5.560025824e-07,-6.844177870e-06,-7.635043729e-07,1.951546386e-06,1.370711410e-05,-2.122327357e-05,-3.617187359e-06,-7.237897815e-06
6.510000000e+00,-3.720883075e-06,-6.596540746e-06,5.139392669e-06,-2.328028395e-06,-2.018052864e-07,6.527396059e-06,-1.118067878e-05,3.629476486e-07,-1.484460319e-05,-6.376228051e-06,-8.933709569e-06,-9.353826602e-06
6.520000000e+00,-9.551416903e-06,-2.188617373e-05,-1.095043584e-06,5.785952205e-06,-5.779150212e-06,-1.116204296e-05,-3.599123781e-06,-6.205366580e-06,-1.009570833e-05,-3.751592768e-06,-2.457386846e-05,-2.930575220e-06
6.530000000e+00,3.208021510e-06,-2.821298201e-06,-7.277547624e-06,-9.955590847e-06,-2.434017060e-05,-1.768179631e-05,-4.038606977e-06,-1.191252435e-05,2.795280626e-08,-9.141283142e-07,-6.715083915e-06,-1.214257244e-05
6.540000000e+00,-1.981642540e-05,-4.894322553e-06,-4.470821639e-06,-2.708371948e-06,-6.104222343e-06,-4.048607249e-06,-1.226924342e-05,-5.643430199e-08,5.575078685e-07,-1.528622547e-05,-1.203442364e-05,-3.056359224e-06
6.550000000e+00,-3.790650850e-06,-1.878172550e-06,-4.827792542e-06,-3.996301619e-06,-1.080246943e-05,-1.356373395e-05,-6.522896852e-06,-2.669949608e-06,3.823974467e-06,-4.721280466e-07,-3.961987240e-06,-1.245373895e-06
6.560000000e+00,1.078902247e-06,-8.071537192e-06,4.288173260e-06,-3.563662863e-06,3.620971345e-07,9.800270857e-07,3.276424751e-06,6.675785722e-06,8.415088075e-06,5.085524054e-07,-8.938942337e-06,-7.667242259e-06
6.570000000e+00,-6.984189951e-06,-1.808125907e-06,1.013370335e-05,-9.941743125e-06,-4.206855511e-06,1.173246470e-05,-1.004238530e-05,7.777874401e-06,-8.784888130e-07,-9.611675350e-06,1.831599878e-05,8.229762354e-06
6.580000000e+00,-6.397336243e-06,2.569164012e-06,1.194476450e-05,1.994125734e-06,3.050107397e-06,3.461708818e-06,5.853207658e-06,-5.126396108e-07,8.327765117e-06,-1.072878850e-06,5.026163314e-06,2.408047486e-06
6.590000000e+00,1.024775514e-05,3.595115409e-06,4.332961180e-06,9.276089946e-06,1.045564168e-05,-2.446746522e-06,-2.568846906e-06,8.624243509e-06,1.066366700e-05,2.832232089e-06,3.447860545e-06,8.340400871e-06
6.600000000e+00,-9.101775903e-06,2.077932239e-06,1.309965852e-05,-5.361948688e-06,1.324605008e-05,-5.901289826e-06,1.174176716e-05,-2.801606364e-06,-1.007458084e-05,1.211274163e-05,1.064409015e-05,-4.322091737e-06
6.610000000e+00,-8.158599358e-06,-9.404758629e-06,-9.691466529e-06,4.090058117e-07,-8.868260246e-06,4.308224416e-06,-9.659639158e-06,-1.292952646e-05,-8.743786851e-06,-1.353969313e-05,5.104012094e-06,-5.978278338e-06
6.620000000e+00,-1.498672397e-06,6.567936702e-06,-1.305976931e-05,-1.012134547e-05,1.791447949e-06,-6.619106927e-06,-1.276609360e-06,-1.478728587e-06,1.021413748e-05,-1.672691755e-05,-7.782128489e-06,-1.117106562e-05
6.630000000e+00,4.307889807e-06,-5.054185777e-06,-6.814715613e-07,-8.721081476e-06,2.731051601e-07,-2.051598055e-05,-1.170020454e-05,-1.666154622e-05,-8.716099631e-06,-1.984439912e-05,-1.297726290e-05,1.416478267e-07
6.640000000e+00,-1.600553504e-05,1.098133294e-07,-1.928620874e-06,-7.170057532e-06,-7.915798911e-06,-2.629251221e-06,-1.399300261e-05,-3.874825698e-06,-1.320360062e-05,-2.237536680e-06,-1.483178539e-05,-1.019875156e-05
6.650000000e+00,-4.318347272e-06,-1.116690533e-06,-1.645566298e-06,-4.186982081e-06,-8.734019028e-06,-2.204175135e-06,-6.142232735e-06,-7.881878645e-06,-5.472517941e-07,6.437269864e-06,5.402969471e-06,-6.403851665e-06
6.660000000e+00,5.115180598e-06,-7.129904851e-07,6.857707039e-06,1.819335393e-06,-4.169364163e-07,-7.782025286e-06,-1.745408760e-05,8.965047303e-06,4.169987414e-06,6.031886742e-06,-9.644253817e-06,-1.091578291e-05
6.670000000e+00,-3.374443064e-06,1.134016098e-06,-4.889746095e-06,8.933562897e-07,1.195875719e-06,1.278428562e-05,8.468927189e-06,-1.045301208e-05,-5.119384435e-06,3.877064118e-07,-5.002077715e-06,-9.449036688e-06
6.680000000e+00,8.918228188e-06,1.466432180e-05,7.744270652e-06,3.948477898e-06,-1.043520948e-06,2.760951540e-06,9.857784029e-06,7.420005270e-06,-4.827601617e-06,8.542755442e-06,-1.652059488e-06,-9.108739146e-06
6.690000000e+00,6.978164602e-06,3.352769670e-06,5.098530865e-06,2.189237598e-06,8.465883406e-07,1.206177744e-05,1.299898245e-06,-6.430377903e-06,6.565891021e-06,-2.841078515e-06,4.732797582e-06,9.370948073e-06
6.700000000e+00,9.173532856e-06,1.601386110e-05,2.585867239e-06,9.207868937e-06,3.446140563e-06,4.027898894e-06,1.518976386e-05,2.156635782e-05,1.495552358e-05,1.936006680e-06,1.851491813e-05,2.333015480e-06
6.710000000e+00,2.787862624e-07,7.997645396e-06,5.668676694e-06,5.631246991e-07,7.281782760e-06,1.176538646e-05,1.653215819e-06,2.698531335e-06,-6.052952553e-07,7.488884861e-06,1.175396969e-05,8.305563559e-06
6.720000000e+00,4.971945023e-06,5.027518069e-06,-5.902365077e-06,3.698147790e-06,-8.008818871e-06,-1.557200956e-05,2.126096782e-05,-2.798785158e-06,4.141389007e-06,1.299354345e-05,3.156475315e-06,4.804405897e-06
6.730000000e+00,1.237770395e-05,-3.057071739e-06,4.604013354e-06,8.381917557e-06,-1.208402591e-07,-9.113027758e-06,4.993672806e-06,1.036139288e-05,3.389187624e-06,-9.521115822e-06,2.482988485e-06,2.279867622e-06
6.740000000e+00,-3.056884839e-06,-6.622107713e-06,2.062066949e-06,-6.589446838e-07,-4.496356004e-06,-8.795575685e-06,-1.160233978e-05,6.797325976e-06,2.100254949e-06,2.025505745e-05,-1.251748409e-05,-4.264116465e-06
6.750000000e+00,1.465755911e-05,-3.998247782e-06,2.923687226e-06,-2.490769696e-06,1.911192815e-06,-2.278616284e-06,5.438668030e-06,1.080974411e-05,5.782235646e-07,9.885043032e-06,-1.115572921e-05,9.627020491e-06
6.760000000e+00,-7.602498462e-06,-1.242557490e-06,4.057187553e-06,3.285892682e-06,-1.021039885e-06,-3.541559679e-06,-2.115973577e-05,-2.711603514e-06,-1.456409111e-05,2.766661163e-06,-7.601984260e-06,1.028595791e-06
6.770000000e+00,-2.171665503e-06,4.694904850e-06,-7.717841817e-06,1.338390819e-06,1.147394531e-05,3.185007093e-06,9.418503816e-06,-5.196907816e-06,-1.340556791e-06,2.785829160e-06,6.383940646e-06,-2.951635633e-06
6.780000000e+00,1.227699609e-05,9.936973615e-07,3.402420270e-06,1.173440854e-05,1.329328434e-05,7.952071621e-06,5.041744553e-06,-6.367669602e-06,-1.689449053e-06,7.166685524e-06,2.808717805e-06,-5.630317316e-06
6.790000000e+00,3.415944709e-06,1.634610784e-05,-1.497155285e-06,9.363377747e-06,1.037940267e-05,-1.371599293e-06,1.792431622e-05,7.544281508e-06,1.469058511e-05,-2.923353527e-06,8.233462501e-06,-4.073487684e-06
6.800000000e+00,1.199679613e-05,-4.859563936e-06,-5.427680962e-06,-4.389049657e-07,1.264958478e-05,-1.676449821e-06,-5.936534006e-06,4.347188874e-06,-6.780699518e-06,5.725486164e-06,1.227030417e-05,1.910394315e-05
6.810000000e+00,1.557044566e-06,9.124507737e-06,2.517716975e-06,1.204673907e-05,-7.925655151e-06,-4.381512498e-06,-3.794872808e-07,7.012916170e-08,-8.381727301e-06,3.874809588e-06,1.059674876e-05,9.894311025e-06
6.820000000e+00,4.198342285e-06,1.378652177e-05,-3.104642878e-06,5.665077796e-06,1.808330496e-06,1.177183295e-05,5.788992169e-06,1.808592727e-06,1.208197757e-07,4.379203991e-08,6.000034271e-07,-2.406006894e-06
6.830000000e+00,2.358777874e-06,4.842685974e-06,5.184796523e-06,-8.725036136e-06,4.906666291e-06,8.538823239e-10,-2.861925714e-06,8.517452611e-06,-3.745592793e-06,7.059653552e-06,9.684702455e-06,-3.774364043e-06
6.840000000e+00,5.929775285e-06,-1.475048576e-05,-1.091572423e-05,-4.706347567e-06,-1.022552058e-05,-5.695023893e-08,1.187591238e-06,5.852378112e-06,-3.432304560e-06,-6.149316590e-06,-8.334608138e-06,3.837633778e-06
6.850000000e+00,-1.242082039e-05,-6.225997391e-06,8.901018260e-08,-2.052494345e-05,-4.601658954e-06,-7.324699815e-06,-1.928641222e-07,3.530248941e-06,-5.285404341e-07,-8.008543155e-06,-1.419405693e-05,5.320962452e-07
6.860000000e+00,-1.168478631e-05,9.448447840e-06,-1.156510521e-05,-4.842800067e-06,-1.315158504e-05,-1.710392743e-05,-8.660278869e-06,-2.192734085e-05,-1.839571317e-05,5.899481747e-06,-1.243149057e-05,-1.067606129e-05
6.870000000e+00,8.370380139e-06,-1.096185514e-05,-4.023075805e-06,-1.814633752e-05,-1.012010384e-05,-1.882983165e-05,-1.559986182e-05,-1.529140182e-05,-6.292781756e-06,2.577922800e-07,-2.283205581e-05,-6.297627070e-06
6.880000000e+00,-8.678352184e-07,-1.169885135e-05,-8.465905473e-06,-1.089268478e-05,4.885103747e-06,-2.955880603e-06,-1.058159450e-06,-1.343825623e-05,-3.741781721e-06,-8.552088058e-06,-7.590704710e-06,-1.588668230e-05
6.890000000e+00,-2.083609730e-05,-3.207040609e-06,-8.081627542e-06,-1.569541488e-06,-1.182473533e-05,-7.309690231e-06,-3.108669303e-06,5.296552908e-06,-2.734399837e-06,2.299283174e-06,-1.110875361e-05,7.871445209e-07
6.900000000e+00,4.688597304e-06,2.129128836e-06,8.609378477e-06,-2.520409283e-06,1.782701267e-06,7.007788132e-06,7.585679187e-06,-4.905838629e-07,1.382524006e-06,-1.054358333e-05,9.263144035e-06,-8.165057281e-07
6.910000000e+00,-1.334317557e-06,-1.022040373e-07,7.121130165e-06,9.633164076e-06,4.085503729e-06,4.379416259e-06,-2.913538259e-06,3.697839374e-06,6.892527353e-06,-7.535180302e-06,-9.920953189e-06,-7.706361061e-06
6.920000000e+00,4.519926568e-06,1.507392892e-05,-7.350622328e-06,8.798263146e-06,-2.521501187e-06,1.023731959e-08,-1.264993779e-05,1.035117278e-05,-6.569439067e-06,-3.752526715e-06,-1.901315838e-06,9.336069869e-06
6.930000000e+00,4.966634203e-06,-1.146410492e-05,7.755575278e-06,-1.680433239e-06,-1.193932248e-05,1.796879103e-06,6.489314149e-06,-1.457805710e-05,-8.355135673e-08,1.072027044e-05,-5.330997871e-06,3.740535482e-06
6.940000000e+00,1.696749783e-06,1.795805458e-06,3.005980290e-06,1.454897518e-05,-7.117291340e-06,-3.142442185e-06,2.257681242e-06,-6.612504943e-06,-4.579204354e-06,-3.179896688e-06,-1.696741726e-05,5.538461487e-06
6.950000000e+00,2.245211497e-06,-7.485105078e-06,-7.253509849e-06,2.867950758e-06,-3.787435405e-06,-5.360367991e-06,-8.088534165e-06,-1.320386876e-05,-1.551688772e-05,2.528222356e-07,-3.396086552e-06,7.733115148e-06
6.960000000e+00,1.480660001e-06,-5.065909417e-06,1.311512174e-05,-5.779992717e-06,-9.762834076e-06,-8.812167607e-06,-2.886676429e-07,-1.201793245e-05,-6.738272103e-06,-9.386513872e-06,-5.050520155e-06,-5.905142625e-06
6.970000000e+00,7.821924583e-06,-6.171091160e-06,-2.871035194e-06,3.453190410e-06,1.118280889e-05,-1.430247416e-05,-1.611816836e-05,-1.067952360e-05,5.209819307e-06,-1.646736663e-05,-3.305336624e-06,-6.071270703e-06
6.980000000e+00,-1.111770398e-05,-1.351789970e-05,1.792515542e-06,-5.472053872e-07,2.555008878e-06,-1.330625666e-05,4.508897473e-06,-7.230689121e-06,-4.992561951e-06,-1.118837039e-05,3.423828852e-06,-1.414713520e-05
6.990000000e+00,2.929363778e-06,-3.966756735e-06,-1.480783357e-06,-9.573054306e-06,-7.675624212e-06,2.117715189e-06,-3.755877012e-06,-2.213362585e-06,-5.047096845e-06,-9.893646160e-07,-5.660776933e-06,-9.923428630e-06
7.000000000e+00,-6.890251037e-06,-1.012277681e-06,-5.048813923e-06,-1.254668847e-06,9.241909948e-06,-9.918496540e-06,-5.672484632e-06,-1.151395635e-05,-7.279050814e-06,4.991191031e-06,-9.215182250e-06,1.442379092e-05
7.010000000e+00,9.885240219e-06,6.416061901e-06,-8.139314458e-06,-1.009285708e-05,-6.548303292e-06,5.111607929e-06,-3.615447659e-06,5.984033404e-06,-2.700819827e-06,-5.192798291e-06,6.340761988e-06,8.654084620e-06
7.020000000e+00,8.973213409e-06,3.274169567e-06,2.736407820e-06,-7.524490003e-06,7.972727024e-06,5.289859113e-07,7.017014873e-06,1.127978134e-06,1.467395178e-05,2.519817319e-05,4.510823145e-06,9.385279190e-06
7.030000000e+00,6.839753264e-08,3.422585509e-06,-1.057709926e-05,1.576208277e-05,7.405931144e-06,5.024289444e-06,-2.721055805e-06,3.689295586e-06,4.444044711e-06,8.526941585e-06,6.551446201e-07,1.653723443e-05
7.040000000e+00,6.028849664e-06,6.013800545e-06,1.321278627e-05,-9.831521895e-06,3.245135036e-06,4.328037777e-06,2.515568804e-06,-5.688331822e-06,-5.531004023e-06,-2.976437122e-06,-3.186029775e-06,-9.973282614e-07
7.050000000e+00,4.409956974e-06,1.091519068e-05,1.016847851e-05,2.882819733e-06,-3.116243464e-06,-3.084170043e-07,-1.639202441e-06,5.581379148e-06,1.592553652e-06,8.096004007e-06,9.759274337e-06,5.365753834e-06
7.060000000e+00,6.599588723e-06,4.948228905e-06,-8.438430478e-07,-5.258950051e-06,2.965196013e-06,6.459962995e-07,1.683457194e-06,3.314141655e-06,3.921280413e-06,5.941831482e-07,6.908807044e-06,-6.155885168e-06
7.070000000e+00,-4.050162129e-06,-9.693309382e-06,-7.860662953e-06,-1.933667070e-06,-8.117788689e-06,5.346388832e-07,-3.091908860e-06,-9.865066633e-07,-2.540134750e-06,-9.897393193e-06,-4.844700986e-09,-7.292546110e-06
7.080000000e+00,2.121065247e-06,1.675799632e-06,-6.121730568e-06,-1.475743494e-06,2.028707699e-06,-7.269018621e-06,-4.900633786e-06,-2.757084999e-06,1.050920298e-05,4.683747360e-06,6.533773827e-06,-5.783657076e-06
7.090000000e+00,6.963497439e-06,-1.383178884e-05,3.848043730e-06,5.853997913e-06,1.344384141e-06,-5.492193850e-06,5.872055416e-06,-8.307952246e-06,-7.951625796e-06,-1.238109191e-05,-2.531789197e-06,-1.595486541e-05
7.100000000e+00,-3.975360626e-06,-3.477725672e-06,-9.009256981e-06,2.365510856e-06,-4.715343404e-06,1.955044532e-06,-2.792880950e-06,-1.172184323e-05,-1.036322303e-07,-1.320772678e-05,5.674203552e-07,-6.565179190e-06
7.110000000e+00,-9.822506709e-06,7.436939457e-06,-5.801410747e-06,-1.620242068e-06,-8.607269296e-06,2.691641197e-06,3.226198510e-06,7.022451337e-06,6.788209510e-06,7.151811646e-06,-4.768394919e-06,3.600350772e-06
7.120000000e+00,3.362378925e-06,4.921652356e-06,1.060123266e-05,-3.961885651e-07,-7.749843516e-06,1.468502216e-05,-3.130988090e-06,5.653282705e-06,1.741330955e-05,1.475188103e-06,1.064861979e-06,1.267232095e-05
7.130000000e+00,-4.235540306e-06,6.109288745e-08,9.029306234e-06,1.723038257e-05,2.314469017e-05,1.435183649e-05,2.993166457e-06,1.558375382e-05,-9.531020463e-06,1.255449419e-05,9.869163046e-06,1.927111414e-05
7.140000000e+00,5.939474373e-06,1.375276190e-05,1.750252018e-05,2.810702556e-06,3.050588009e-06,1.488049561e-05,1.041641259e-05,1.051611752e-05,1.116020029e-06,-4.349038012e-06,1.559922126e-05,-1.572477165e-06
7.150000000e+00,8.388017711e-06,-1.431903450e-06,4.205598853e-06,7.344751858e-06,2.277927869e-05,1.280376802e-05,-1.395034943e-06,-4.803397321e-06,-5.322461878e-06,7.468218391e-06,1.815871554e-05,1.344606653e-05
7.160000000e+00,-7.899365192e-06,-3.841085156e-06,-4.637902385e-06,1.352369401e-05,9.834645385e-06,-4.636379770e-07,-7.674199882e-06,-1.089493167e-06,-2.597877077e-07,5.968448978e-06,3.591017786e-07,4.554993258e-06
7.170000000e+00,1.169232804e-05,-6.693913622e-06,-2.932237223e-06,5.070940540e-06,1.452531290e-07,-1.189629119e-05,1.116565838e-06,4.848619717e-06,-4.152680046e-06,-1.074446101e-06,-3.430933460e-06,1.229788929e-05
7.180000000e+00,2.981182582e-06,-2.782148423e-06,-6.206810243e-06,4.518312261e-06,1.554300020e-06,-5.069472953e-06,-1.405727516e-05,-4.014449294e-06,6.279399626e-07,-1.141880447e-05,-6.623352096e-06,-4.804723632e-06
7.190000000e+00,-1.787521717e-05,-3.406285712e-06,-2.544755736e-06,-7.419539546e-06,2.187769404e-06,-1.383527451e-05,-9.296051172e-06,1.677340519e-06,-6.915690864e-07,-1.767115302e-06,-2.022183526e-05,-1.583462214e-05
7.200000000e+00,-1.431329349e-05,-1.292806991e-05,-1.094726349e-05,2.265269292e-06,-6.796146627e-06,-1.189522795e-05,2.699481661e-06,-7.598957273e-06,-5.309612274e-06,-1.068249736e-05,2.802911785e-06,-1.489756694e-05
7.210000000e+00,-1.075486012e-06,-4.251871986e-06,-6.060721375e-06,-6.538482429e-06,-8.116921103e-06,-1.180544927e-05,-9.046044786e-06,-6.466436262e-06,-7.636447445e-06,5.335197544e-06,-1.854489836e-05,4.465500932e-07
7.220000000e+00,3.364163563e-06,-1.293598995e-05,-8.065159153e-06,4.065277026e-06,-8.787941402e-06,4.619145907e-06,-7.376078392e-06,1.129228405e-05,-1.295351584e-06,-1.355245143e-07,-9.319979205e-06,-5.010371614e-07
7.230000000e+00,-3.343977841e-06,-6.309440378e-06,1.723887138e-07,-3.287985583e-06,-9.052024230e-07,4.916829578e-06,5.717408160e-06,8.296162994e-06,-5.574242183e-06,-6.995465068e-06,9.874978230e-06,6.568297482e-07
7.240000000e+00,5.320221944e-06,-5.256530751e-07,8.688238983e-06,5.620813982e-06,-4.525708301e-06,5.580226597e-06,9.687087249e-06,-5.664689078e-06,-8.543038070e-06,1.113176612e-05,1.257202273e-06,8.517810566e-06
7.250000000e+00,-8.766755699e-06,1.244913993e-06,-2.214462680e-05,-3.859749542e-06,3.867928443e-06,1.498097370e-05,9.120102877e-06,5.199844391e-06,-6.400171860e-06,-2.138744409e-06,-1.483770032e-05,3.391751576e-06
7.260000000e+00,1.938118831e-08,6.913528368e-06,1.524585871e-06,-2.173634328e-06,-4.603916353e-06,1.284672644e-05,-9.651788444e-07,-6.771248638e-06,6.312607685e-06,1.685469350e-05,-2.177603247e-06,-9.306614205e-06
7.270000000e+00,-3.768987158e-06,3.959423656e-06,3.565842032e-06,2.224752947e-06,-6.413999139e-06,5.192716268e-06,-3.008547728e-06,5.522480126e-06,-1.052673712e-05,8.444163656e-06,-9.360553956e-06,5.357051886e-06
7.280000000e+00,-4.139842075e-06,-4.525522124e-06,-6.862308765e-06,-7.075019751e-06,-9.072868560e-06,9.533699806e-06,-3.889099903e-06,-8.563416610e-06,1.078561222e-05,-3.939110492e-06,3.584060192e-06,-4.900766731e-07
7.290000000e+00,-1.039921940e-05,1.713535778e-06,-2.501660434e-06,-1.635955660e-05,-1.033642861e-05,-1.054688278e-05,-9.943814451e-06,-1.388277752e-06,2.037100626e-06,7.237043436e-06,2.987429140e-07,1.164596133e-06
7.300000000e+00,-1.699267721e-06,-4.473520060e-06,-1.925802253e-06,-8.805956354e-06,-8.625184503e-06,-2.922930260e-06,-1.333834669e-05,-4.588619611e-06,-1.379454359e-05,-1.389057095e-05,-6.604144819e-06,-4.403545087e-07
7.310000000e+00,-5.592686258e-06,-1.090866959e-05,-5.258331729e-06,-5.501159030e-06,-5.008642460e-06,-6.043622530e-06,-1.216570486e-06,-1.001930244e-05,-2.779127700e-06,-1.841212559e-05,-5.713438468e-06,-4.958378005e-06
7.320000000e+00,-6.038477296e-06,-4.858072637e-06,-1.752887717e-05,-1.887619593e-06,-7.613507145e-08,4.236858307e-07,-1.605560445e-05,-1.076838592e-05,-7.092797925e-06,-1.703312243e-05,-2.095056251e-05,5.041135579e-07
7.330000000e+00,3.863239248e-06,-9.495089420e-07,2.407990650e-06,6.184144831e-07,4.419080439e-06,-4.748522211e-06,-7.894150886e-06,7.532976772e-07,-2.404444632e-06,-1.217364205e-05,6.964730951e-06,2.737549506e-06
7.340000000e+00,2.192599645e-06,2.600010175e-06,-6.657301802e-07,7.927334432e-06,9.496090407e-06,2.069805840e-06,8.635598027e-06,-4.391390807e-06,8.358178610e-06,6.718471948e-06,2.065005323e-05,-4.545634389e-07
7.350000000e+00,1.125945545e-05,3.195510215e-06,5.845313417e-06,1.657912211e-05,8.399069584e-06,-9.362522637e-06,4.901046543e-06,-8.175190060e-06,9.970194555e-07,4.788305942e-06,1.504652105e-05,7.454027095e-06
7.360000000e+00,4.935935711e-06,1.594834399e-06,9.263450152e-07,7.707138623e-06,7.610161560e-06,1.285292440e-05,-2.475578419e-06,4.979978896e-06,2.175694097e-05,9.915905721e-06,4.061770746e-06,-2.365113799e-06
7.370000000e+00,9.510141238e-06,4.531146385e-06,2.547301578e-05,7.981876503e-06,-9.053403067e-06,1.425581004e-05,-7.367346045e-06,-1.960547002e-06,1.010409709e-05,-4.043858457e-06,-4.915883273e-06,6.595095747e-06
7.380000000e+00,9.032583651e-06,-5.078153568e-06,7.126402059e-06,1.271875494e-06,4.963879621e-07,-5.434444935e-06,-3.924890104e-07,-1.279324452e-06,9.770303174e-06,1.253583283e-05,-1.831932533e-06,8.327869436e-06
7.390000000e+00,4.906258203e-06,3.259094590e-06,-2.176181055e-06,-7.964360453e-07,1.126130539e-05,5.767767635e-06,5.464656657e-06,-1.572477367e-06,2.430670055e-06,-6.323998293e-07,-4.104072533e-06,3.016848924e-06
7.400000000e+00,7.111308995e-06,1.159876822e-05,1.052712199e-06,-1.815842493e-06,-1.167202079e-06,-2.387881768e-06,-2.844707114e-06,-7.112724928e-06,-1.438414845e-05,6.081682206e-06,1.108540714e-06,5.365836163e-06
7.410000000e+00,-7.071306932e-06,3.300756840e-06,-1.213459618e-05,-4.202647616e-06,5.865170560e-06,-3.302254794e-06,-1.081955820e-05,6.478517062e-07,-5.263832831e-06,6.498723842e-07,-1.032201634e-05,8.468992792e-06
7.420000000e+00,-2.829409135e-06,-1.212167001e-05,1.158758795e-06,7.006686528e-06,-6.024606096e-06,-1.513976322e-05,4.165295205e-06,-6.557936374e-06,-6.080946695e-06,-6.667507859e-06,-7.499391062e-06,-4.800719046e-06
7.430000000e+00,-2.383894268e-06,-3.417854405e-06,-1.452234147e-06,6.873406890e-06,-2.734702518e-06,5.153870436e-07,1.124672194e-05,3.839271043e-06,-4.697759096e-07,-7.290493632e-06,-1.643835411e-06,2.747728399e-06
7.440000000e+00,9.786012913e-07,-1.518597165e-06,-2.842359352e-06,-1.013596038e-05,-5.811131135e-06,7.786251601e-06,1.123506690e-05,-1.882076851e-06,1.458396483e-05,1.525221548e-06,1.446738053e-06,-9.028896153e-08
7.450000000e+00,-1.544957613e-06,1.431339387e-05,-5.116842104e-06,5.352953532e-06,4.414348085e-06,1.512864469e-06,-1.519471478e-06,1.083100321e-05,1.861244347e-05,1.464755234e-05,4.925441105e-06,1.666165740e-05
7.460000000e+00,4.292517619e-06,7.958800320e-06,4.244484790e-06,4.848663915e-07,-4.028674882e-08,8.076806134e-06,9.908876359e-06,4.056984947e-06,2.252172785e-05,5.894407477e-06,1.166902079e-05,1.144229582e-05
7.470000000e+00,2.288815379e-06,3.525541133e-06,5.974668657e-06,8.606506740e-06,2.421160280e-06,9.706130044e-06,-2.101371829e-06,2.225252216e-05,5.846559220e-06,1.404724786e-05,1.187970672e-05,7.691818896e-06
7.480000000e+00,9.471663657e-06,5.690663839e-07,1.203081467e-05,9.148013090e-06,1.447579596e-06,1.020762069e-05,-4.864750422e-06,1.239163072e-05,-8.199017909e-07,1.198822816e-05,2.674424454e-06,5.542229687e-06
7.490000000e+00,1.053942093e-05,-3.044040193e-06,8.382204872e-07,7.378208260e-06,-2.367791832e-06,4.220391600e-06,-2.356982086e-06,6.040218607e-06,-2.951169474e-06,2.828472790e-06,1.842146594e-05,7.822599710e-06
7.500000000e+00,-2.460946333e-06,5.537442924e-06,9.714298077e-06,-1.076285264e-06,5.616931378e-06,2.497075522e-06,1.884361716e-06,1.335474598e-07,4.655421544e-06,-1.111620345e-05,4.220104366e-06,9.881215501e-06
7.510000000e+00,-6.705063824e-07,-1.517288609e-05,8.187869259e-06,-1.786153303e-06,7.603917977e-06,-3.463866475e-06,4.725707003e-06,8.669707154e-06,-8.840695556e-06,-1.484239789e-05,1.261925616e-06,8.607840877e-06
7.520000000e+00,-1.165039515e-05,-8.182034623e-06,-1.580979755e-05,5.382313611e-06,3.830338959e-06,-1.402072642e-05,-1.322911089e-05,-1.344350363e-05,-7.126845831e-07,-3.039481275e-06,-1.021354078e-05,-1.720314761e-05
7.530000000e+00,-7.913189176e-06,-9.317608885e-06,-8.358374790e-06,-2.118369591e-05,-2.856433233e-06,-2.655891839e-05,2.701765337e-06,-4.146016351e-06,1.157183809e-07,-1.096947067e-05,-2.227759932e-05,-9.092169956e-06
7.540000000e+00,-2.162611105e-05,1.966145787e-06,-8.989021042e-06,-6.485759508e-06,-8.732405479e-06,-4.866365859e-06,-1.334800152e-05,-7.684732675e-06,1.371333632e-06,-3.761304901e-06,-1.635103839e-06,-1.023310879e-06
7.550000000e+00,-2.869066815e-06,-9.329180060e-06,4.677555208e-06,-1.068111149e-05,7.004530775e-07,-7.220222223e-06,-5.902317458e-07,1.148543524e-05,-1.762600487e-06,4.349357669e-06,-1.033873139e-05,-9.532830328e-06
7.560000000e+00,-8.214815232e-06,1.574032191e-05,-8.559095461e-07,-1.912913089e-06,1.008603508e-05,-2.733526562e-06,9.196638099e-06,-9.319908087e-06,-6.768738526e-06,1.319242634e-06,-1.284864387e-05,-2.297407330e-06
7.570000000e+00,3.991340227e-06,8.360747499e-07,7.721890776e-06,5.020360439e-06,1.061572128e-05,6.660669723e-06,-5.106190822e-06,1.276577250e-05,-4.982272375e-06,4.938889121e-06,2.877635217e-07,4.344940995e-07
7.580000000e+00,9.328171350e-06,1.103680589e-05,2.548294967e-06,8.128257393e-06,-8.696964620e-06,-5.063609229e-06,4.265571378e-06,8.462013254e-06,-1.165070955e-05,-5.917827968e-06,-2.360475099e-06,7.644295562e-06
7.590000000e+00,9.589321591e-06,8.557182816e-06,7.614500541e-06,3.876305174e-06,-2.223288074e-06,7.928212348e-06,-1.207554707e-05,1.482651612e-06,4.637204896e-06,7.037925223e-06,1.365732764e-05,1.911345295e-05
7.600000000e+00,-4.387237141e-06,-8.036536160e-06,-1.295596747e-05,-3.783430058e-06,-7.197847920e-06,1.361971115e-05,-9.917716021e-07,-3.349520420e-07,-1.345074686e-05,-1.637718199e-06,9.449572992e-06,3.097327331e-06
7.610000000e+00,-9.582381650e-06,-1.176070624e-06,-7.428456939e-06,1.039959568e-06,-1.199955126e-05,-4.996544252e-06,8.307153514e-06,1.320488556e-05,-2.136735240e-06,-1.892794130e-06,-1.786401108e-05,-5.099881204e-06
7.620000000e+00,1.150147828e-05,-3.147797923e-06,8.758784464e-07,-3.933582280e-06,1.756405929e-06,-1.755387569e-05,-4.734870971e-06,1.846573304e-06,-1.663056654e-05,-1.097756919e-05,1.414364165e-06,-6.688585876e-07
7.630000000e+00,-6.153618959e-06,-5.559134165e-06,-3.342722931e-06,7.566976089e-06,-1.728373451e-05,2.590841034e-06,1.335712494e-06,7.211575199e-06,3.254598617e-06,-5.977186310e-07,-1.828315583e-05,-1.416705328e-05
7.640000000e+00,4.367664618e-06,-8.881976009e-06,1.496746072e-06,7.360120064e-06,-1.112761114e-05,2.704155888e-07,-1.601690959e-06,-2.957132842e-06,5.025802669e-06,-1.565583324e-05,-1.376644773e-05,2.022921282e-06
7.650000000e+00,5.434966438e-06,-8.676076634e-06,-7.402395423e-06,-1.962291661e-06,-1.558844701e-07,1.373125294e-06,-6.598636141e-06,-1.580870578e-05,-1.018334283e-05,-4.818662517e-06,-8.514832779e-06,-1.067582915e-05
7.660000000e+00,-1.015695516e-05,1.609861668e-05,3.797169703e-06,7.450746560e-06,-1.867861972e-05,7.029561643e-08,-7.697027111e-06,-1.225989628e-06,8.483212337e-07,1.257642555e-05,-2.382582408e-06,4.795224127e-06
7.670000000e+00,-9.542244181e-07,3.549281261e-06,2.284365953e-06,-2.387687548e-06,2.139711447e-06,-1.009411171e-05,-2.312981288e-06,1.079098811e-05,2.073467285e-06,1.191321721e-05,8.102663912e-06,-8.864776475e-06
7.680000000e+00,7.604414163e-07,-1.238471433e-05,2.329896468e-06,1.643632373e-05,4.358037773e-06,6.091904381e-06,1.236347725e-05,2.539448566e-06,2.112565627e-06,3.891569932e-06,-2.105982175e-06,7.225092858e-06
7.690000000e+00,-7.025097492e-06,-4.254109255e-06,2.959604617e-07,6.993688514e-06,1.081700115e-06,6.793009908e-06,1.085614539e-05,1.088842632e-05,1.927723010e-05,1.299903006e-05,1.595373753e-05,1.426967364e-05
7.700000000e+00,-5.827494852e-07,1.105534981e-06,-2.620666387e-07,3.977011359e-06,1.103104640e-05,2.282677396e-05,6.629637743e-06,2.595931345e-06,4.692455202e-06,1.094602930e-05,1.951307941e-05,-1.397179927e-07
7.710000000e+00,1.688456857e-05,-7.384654426e-06,2.822129661e-06,6.471253846e-06,1.552530997e-06,1.290487055e-05,-1.679946159e-06,8.587649829e-06,-4.209289863e-06,1.393847581e-05,7.844982907e-06,8.930267675e-06
7.720000000e+00,-1.718703705e-06,3.804663063e-06,7.210612244e-06,-7.019691764e-06,4.381867974e-06,4.977530611e-06,5.807366076e-06,8.977323199e-06,1.089944533e-05,6.820338871e-06,8.523123980e-06,-9.479542740e-07
7.730000000e+00,2.129931618e-06,-8.609801321e-06,-9.336106938e-06,-1.065555184e-05,7.902316448e-07,7.960953443e-06,1.421482669e-05,6.094273855e-06,7.585434607e-06,1.785944118e-06,1.135413462e-05,-3.910924385e-06
7.740000000e+00,-1.283710669e-06,6.046947459e-06,5.957183127e-06,-2.600867934e-06,-3.250299827e-08,6.764508001e-07,2.079846111e-06,4.737922720e-06,-1.134735017e-05,3.025884325e-06,-5.085086081e-06,6.644650437e-06
7.750000000e+00,2.179575355e-06,-8.061175125e-06,-7.303806116e-06,4.986663825e-06,-3.216192609e-06,3.811008253e-07,7.753595313e-06,-8.913183560e-07,1.557659178e-06,-1.086370750e-05,-7.012382524e-06,-2.034658328e-05
7.760000000e+00,-8.122457177e-06,-5.382125656e-06,7.652512701e-07,1.290735538e-05,-1.724826593e-05,-1.187172112e-05,1.055260956e-06,-3.178056079e-06,-9.344817509e-07,3.673713306e-06,-2.107865959e-06,1.955473650e-07
7.770000000e+00,-1.643826413e-05,3.876466539e-06,5.172425997e-06,7.630331888e-06,6.614523640e-06,3.304013612e-06,6.718429404e-06,-7.620951241e-06,3.154384340e-07,-4.109259516e-07,1.578727233e-06,1.044066071e-05
7.780000000e+00,3.070770372e-06,-1.520099723e-06,-2.126943448e-06,7.437252445e-06,-4.379407397e-07,-1.120906094e-06,4.413709721e-07,6.313512596e-06,-2.399969662e-06,-3.388649938e-06,7.086919121e-06,4.253632926e-06
7.790000000e+00,1.269538815e-06,-7.818435733e-06,7.121513169e-06,6.935156058e-06,-1.092361683e-06,-5.715685471e-06,2.546378697e-06,6.034953048e-06,2.692608839e-06,1.559631510e-05,1.220884938e-05,9.131363941e-07
7.800000000e+00,1.265894486e-05,8.529371556e-06,4.273700864e-06,3.440018499e-06,3.490093533e-06,1.075600963e-05,3.584100026e-06,3.029060266e-06,-1.749959107e-06,5.417826866e-06,1.043312839e-07,1.112909213e-05
7.810000000e+00,4.958819014e-06,2.647148542e-06,8.034228134e-07,1.467614301e-05,9.896356949e-06,7.334600815e-06,9.091573062e-06,1.277090077e-05,2.463918844e-06,4.264338690e-06,-2.346877933e-06,2.505408737e-06
7.820000000e+00,1.004321053e-05,1.068460891e-05,5.994278557e-06,2.326947293e-06,-1.711656766e-07,4.159000146e-06,-1.873104977e-06,-8.200194078e-07,6.938663872e-06,4.748053274e-06,4.027228489e-06,3.649197240e-06
7.830000000e+00,7.562911818e-06,1.478175859e-06,-1.131927177e-06,9.333537803e-07,-5.068705340e-07,4.242104941e-06,-5.322384752e-06,1.539579889e-06,1.675802863e-05,-2.980614104e-06,-6.641814809e-06,-7.517413865e-06
7.840000000e+00,-9.771867316e-06,-1.233535365e-05,-1.175622770e-05,1.003186940e-05,1.790453924e-06,-3.806104101e-06,-6.425595903e-06,8.521019624e-06,-1.966045894e-06,-4.894227712e-06,-8.034918917e-06,-6.845750943e-06
7.850000000e+00,-1.142339640e-05,-1.257719657e-05,-2.136129268e-07,2.701192155e-06,-1.126155619e-05,-3.522878574e-06,-1.175777580e-05,-1.465481134e-06,-6.398721416e-06,-8.041455356e-06,-1.540915764e-05,3.813385118e-06
7.860000000e+00,2.631596736e-06,-4.623946347e-06,-2.104356597e-05,-1.199966214e-06,-4.672338180e-06,-2.329120795e-06,-2.069799568e-06,-3.381784616e-06,-6.051304519e-06,-1.955371333e-05,-1.295607458e-05,-1.536604453e-05
7.870000000e+00,-2.019112590e-05,-8.667542779e-06,-5.584873120e-06,-3.765129404e-06,9.047251136e-06,-2.111356223e-05,-6.835290924e-06,-7.643072525e-06,2.027003696e-06,-1.858056928e-05,5.508443585e-06,-3.757253518e-06
7.880000000e+00,-5.185102553e-06,-8.574387726e-06,-4.875359466e-06,4.670701709e-06,-3.340079550e-06,-6.627374231e-06,-2.544685283e-06,-1.055174815e-05,-7.806096938e-07,-8.923638473e-06,4.078276674e-06,-2.476172942e-06
7.890000000e+00,2.330921019e-06,2.791281080e-06,6.395233530e-06,-3.624951963e-06,7.937955886e-06,-4.754014748e-06,-2.158560180e-06,-2.933758229e-06,-1.182271967e-06,6.081896151e-06,-5.738000580e-06,7.029822196e-07
7.900000000e+00,-6.658902226e-06,8.516219303e-06,-5.763512610e-06,2.440987175e-06,3.241126021e-06,5.764268573e-06,3.260213147e-06,2.116117977e-06,-4.420423920e-06,3.520898033e-06,-2.300652859e-06,-6.156527053e-07
7.910000000e+00,8.862062152e-06,1.382634864e-05,-9.896398291e-06,-9.230085099e-06,3.943160918e-06,-1.570684889e-07,5.784120350e-06,-3.313526500e-06,-1.099284814e-05,2.013590848e-06,4.709689955e-06,1.228572713e-06
7.920000000e+00,9.913897626e-06,5.391748768e-06,-2.464913956e-06,-5.686356467e-06,-4.940079281e-06,2.340893627e-06,1.122312028e-05,-3.531837480e-07,8.818504832e-06,5.653818368e-06,7.221041284e-06,9.188045291e-06
7.930000000e+00,1.028283850e-05,-7.051966200e-06,2.716401966e-06,1.273732903e-05,-2.302109499e-06,-1.016219144e-07,1.334468864e-05,-9.987071077e-06,1.079941782e-06,4.499841983e-06,1.183940797e-05,6.215863235e-06
7.940000000e+00,4.676701612e-06,-7.525722833e-06,-4.014069854e-06,4.148929028e-06,4.010935754e-06,1.785637319e-05,-4.816837550e-06,4.047682952e-06,-1.078519568e-05,-3.313005235e-07,5.342603305e-07,2.790073294e-06
7.950000000e+00,5.601045270e-06,-2.849968609e-06,1.634880523e-06,4.216625692e-06,-8.083554044e-06,-1.954183429e-06,-2.856425742e-07,5.050786235e-06,7.531391000e-07,-7.244148069e-06,6.131862042e-06,-1.366196456e-05
7.960000000e+00,1.702460128e-08,-1.139511747e-05,-6.473007274e-06,-1.116122916e-05,-4.773101854e-06,-3.084204851e-06,-5.806690139e-06,-1.561842889e-05,5.160649986e-06,-5.665667786e-06,-4.219391556e-07,-1.854646003e-05
7.970000000e+00,-8.270135383e-06,-5.383302484e-06,-9.377944733e-06,-9.268040656e-06,-1.091199315e-05,-9.754574387e-06,4.001861118e-06,-3.199162474e-06,-1.969200904e-08,2.466821665e-06,-4.173037833e-07,-1.891324363e-06
7.980000000e+00,-5.207212137e-07,5.156141650e-06,-3.055361597e-07,-5.113167721e-06,-4.357951935e-06,-3.320509381e-06,-1.161931605e-05,2.046039711e-06,6.655964266e-06,-3.607691338e-06,-6.465657354e-06,-1.957839087e-06
7.990000000e+00,-7.012217782e-06,-4.226806694e-06,9.211032417e-07,-9.316253434e-06,-1.826637959e-06,1.034798484e-05,-2.417404403e-06,-7.265189356e-06,-7.558495686e-06,-3.310191509e-06,-2.875092803e-06,4.075847420e-06
8.000000000e+00,2.229206386e-05,2.521044974e-06,1.140961168e-06,-1.288270598e-05,1.405706160e-06,6.520985855e-06,-3.526817099e-06,-9.406974594e-06,1.071282102e-06,-3.122450859e-06,5.684415099e-06,-9.554441247e-06
8.010000000e+00,-4.790336937e-07,-7.164398710e-06,-3.223409607e-07,-1.577989146e-06,-3.152190939e-06,-9.145660486e-06,3.055166377e-06,7.355125759e-06,9.093813527e-06,-5.025964670e-06,5.542663092e-06,7.480983676e-06
8.020000000e+00,-8.845363803e-06,1.632161429e-05,3.340424990e-06,1.240828668e-05,-3.173585031e-07,4.728109035e-06,8.751215252e-07,1.607266472e-05,-6.101062636e-07,2.652517271e-06,6.729799665e-06,5.111076456e-07
8.030000000e+00,1.217631640e-05,2.504941100e-06,9.118405942e-06,4.723569199e-06,-5.665483173e-06,1.435122263e-05,8.101184945e-06,3.979867062e-06,1.821182830e-07,-9.587226992e-08,1.315835077e-06,2.210873753e-05
8.040000000e+00,-3.085976495e-06,-1.038945777e-06,-2.579422856e-06,3.408373544e-06,1.912452136e-06,7.983405968e-06,-6.218260496e-06,7.045197586e-06,1.551250446e-05,8.832707423e-06,7.957198253e-06,2.784584660e-06
8.050000000e+00,8.132692824e-06,1.202247426e-05,-7.249382729e-06,9.798933556e-07,6.811264521e-06,-2.571120880e-07,4.489207637e-07,-8.528303183e-06,-5.720187912e-06,-1.934173784e-06,1.372520514e-06,5.674961443e-06
8.060000000e+00,5.840213148e-06,4.814692572e-06,-1.236593914e-05,-9.649233338e-06,-1.204449740e-05,-5.979657277e-06,-2.227188267e-06,1.021805039e-06,1.721750039e-05,7.566032270e-06,-2.754567390e-06,4.513001298e-07
8.070000000e+00,-6.954879837e-06,-1.542999368e-05,-4.549303117e-06,1.186496993e-05,-9.250623316e-06,-1.632588084e-06,-1.112268586e-05,-4.589900497e-06,-5.497049485e-06,-1.071740314e-05,-1.826052455e-05,6.873554595e-06
8.080000000e+00,1.510466818e-06,2.806675269e-06,-5.968474277e-06,-1.031247627e-05,-1.087034839e-06,-9.585297222e-06,4.780334307e-06,7.250003852e-06,7.035897289e-06,-4.972905798e-06,-3.148760883e-06,-3.469876135e-06
8.090000000e+00,-4.406389936e-06,3.181830031e-06,4.612645487e-06,-4.423630262e-06,2.299387573e-06,4.777748008e-06,-3.458897045e-07,8.298852393e-06,-5.088666560e-06,3.333044610e-06,-1.178647362e-05,8.662785467e-06
8.100000000e+00,9.713650036e-06,1.380709949e-06,2.415977046e-06,2.738827738e-06,1.020869495e-06,5.283796119e-06,-8.572374354e-06,-8.132704321e-06,-8.305495549e-07,-1.409371166e-05,2.245610934e-06,2.467982957e-06
8.110000000e+00,1.061704627e-05,-3.371411161e-06,1.577061703e-05,7.112261515e-06,1.140207189e-05,8.468131615e-06,-1.036622992e-06,2.112701120e-05,7.898857832e-06,3.513085461e-08,8.913918396e-06,5.153979170e-06
8.120000000e+00,1.191807637e-05,1.005786543e-05,2.169145955e-05,3.101553277e-06,2.123263169e-05,4.575949295e-06,4.336537592e-07,1.611751747e-06,1.037914404e-05,-7.453268897e-08,1.170613366e-05,5.577057112e-06
8.130000000e+00,3.393774324e-06,-2.737455643e-06,-1.236888666e-07,-5.197253730e-06,4.058473976e-06,-5.181327524e-06,4.839024668e-06,-2.657208208e-06,-9.055522112e-06,-1.252309489e-05,1.530291641e-05,1.265645974e-05
8.140000000e+00,1.364422788e-05,1.155858062e-05,1.356062166e-05,1.007984494e-05,1.430810083e-05,6.279781509e-06,1.519182574e-05,5.798731515e-06,9.667864755e-06,4.278581218e-06,-3.138228757e-06,3.130901745e-06
8.150000000e+00,4.019090055e-06,6.629643172e-06,8.479132883e-06,9.573812252e-06,8.868239195e-06,1.220646822e-05,9.855715522e-06,8.103408527e-06,1.019593705e-05,2.611912180e-06,-2.728819176e-06,2.394427703e-06
8.160000000e+00,2.392172461e-06,-2.888788132e-06,-1.204825596e-05,8.399332719e-06,3.995986016e-06,-1.300217967e-05,-1.940981623e-06,7.870195634e-06,6.005907992e-06,7.417201635e-06,-6.218979733e-06,1.012421661e-06
8.170000000e+00,1.112435547e-05,-5.949532939e-06,-5.924391444e-06,1.317724023e-06,7.934687623e-06,4.321447833e-07,2.045785006e-06,-4.287330254e-06,-7.167708207e-06,-1.092490409e-05,-8.540679290e-06,-2.658676521e-06
8.180000000e+00,-2.604414190e-06,-2.354995869e-06,-3.884401342e-06,-4.693076942e-06,-1.922123636e-06,-3.272743474e-06,-3.766901980e-06,-9.169871192e-06,-1.923634781e-06,5.082159027e-06,-9.286901620e-06,-6.441003857e-06
8.190000000e+00,6.335584840e-07,-9.966164408e-07,-6.227033525e-07,-1.506074254e-05,-1.923195138e-06,-1.256804219e-05,-3.071751576e-06,-5.575487516e-06,-1.243867567e-05,-3.981313263e-06,-2.141574413e-06,-7.093330285e-06
8.200000000e+00,-1.338642726e-05,-5.797945364e-07,-6.955587344e-06,-8.248348823e-06,-8.665041937e-06,2.409147651e-06,8.248457157e-07,-3.997371110e-07,-1.316313401e-06,-1.600807282e-07,-1.275512866e-06,-1.334382581e-05
8.210000000e+00,-1.439822696e-05,-8.163497220e-06,5.240372521e-06,-8.995530625e-06,3.243016523e-06,-1.521385647e-05,-2.342717850e-06,6.296320288e-06,5.558121869e-06,-6.390214653e-06,-2.687640148e-06,-1.399577505e-05
8.220000000e+00,1.162122846e-07,5.794686805e-07,7.956553530e-06,6.470978136e-06,5.044701907e-07,9.399795446e-08,-7.454013575e-06,-9.478687828e-06,-1.517958203e-05,4.216702764e-07,-3.305382123e-06,-7.831933481e-06
8.230000000e+00,-2.925589477e-06,4.797579851e-06,4.956494922e-08,-3.770883184e-06,1.910913049e-06,-2.929126401e-06,-7.648236837e-06,-7.732368865e-06,-6.204934226e-06,1.915876195e-06,4.237499283e-06,4.249089077e-06
8.240000000e+00,-1.028219171e-05,-4.756701332e-08,-4.087070251e-06,8.771623696e-06,3.460144586e-07,-2.976634686e-06,-3.914811946e-07,1.246930622e-05,-4.350633250e-07,2.675455567e-06,-4.078717867e-08,1.047675548e-05
8.250000000e+00,3.463866957e-06,6.451153572e-07,6.271057005e-06,4.436061648e-07,2.402005060e-06,1.034094139e-05,3.432941429e-06,-6.759101897e-06,2.561258333e-06,7.494152649e-06,3.646623131e-06,7.326237458e-06
8.260000000e+00,8.364711457e-06,8.469508498e-06,-2.832665222e-06,1.131857303e-05,8.915571815e-06,-2.935409962e-06,1.640644660e-05,1.369676428e-05,1.837203167e-06,-4.777254585e-06,-4.485236165e-06,4.858348929e-06
8.270000000e+00,1.511951758e-05,-2.837146527e-08,-2.322451707e-06,-6.801446441e-06,-9.822552677e-06,1.821688560e-06,-1.604862891e-05,-6.121933106e-06,1.231485326e-05,-7.329731942e-06,-3.415680767e-06,6.552633609e-06
8.280000000e+00,-7.059129534e-06,3.698740788e-06,-1.923672522e-06,-1.717871627e-06,4.496048265e-06,-1.392077617e-05,2.654309036e-06,5.643832205e-06,-6.592231812e-06,-5.106491930e-06,-1.504975352e-05,-7.453445892e-06
8.290000000e+00,-4.624882176e-06,-7.172582747e-06,-7.207512481e-07,-1.044031023e-06,-9.819603630e-06,-1.030453767e-05,1.609983577e-06,-1.199879949e-05,3.508446673e-07,-5.911870486e-06,-8.487357610e-06,-1.991645058e-05
8.300000000e+00,-8.897606366e-06,-1.826904081e-06,-6.213294470e-06,-1.803748834e-05,-1.214124731e-05,6.216684424e-06,-1.062092838e-05,-1.479012343e-06,-9.684950033e-06,-9.261240452e-06,1.163535245e-06,-1.327386416e-05
8.310000000e+00,-1.077796087e-05,-8.591186893e-06,-6.275921192e-06,-1.827335995e-05,-5.012246799e-06,-1.481973075e-05,-1.072002894e-05,-7.312283639e-06,-4.556016381e-06,-6.485259541e-06,-1.674735966e-05,-2.321550380e-06
8.320000000e+00,6.397771518e-06,-8.619570462e-06,-2.624257836e-06,1.287869236e-06,-1.237816566e-05,-3.884666460e-06,-1.253934039e-05,9.190014926e-06,-1.363322753e-05,-6.488795794e-06,-5.823887276e-06,2.415153823e-06
8.330000000e+00,5.226378729e-06,-1.275955515e-05,2.699566279e-06,1.199583091e-05,-8.832767101e-06,-3.169376393e-06,-1.964041015e-06,-9.292282245e-06,5.969995039e-06,3.991934328e-06,5.866736268e-06,-5.572523274e-06
8.340000000e+00,-6.892611556e-06,-1.838903498e-06,3.697752928e-06,3.592238871e-06,-8.077809620e-06,-8.128072707e-06,3.466760592e-08,9.128678954e-06,5.353246796e-06,5.273796475e-06,7.582702118e-07,5.519760554e-06
8.350000000e+00,2.306275058e-06,9.335792692e-06,8.106490435e-06,4.366980259e-06,1.676517959e-06,6.486524712e-07,-3.265816742e-07,1.530530631e-07,9.193316394e-06,1.617758465e-05,1.189645468e-05,6.779998783e-06
8.360000000e+00,7.439681206e-06,-1.910637000e-06,8.613953905e-06,-1.656722174e-06,4.403531814e-06,9.290907535e-06,2.169630123e-05,8.970278915e-06,9.749008105e-06,1.572522024e-05,-4.306484786e-06,1.131189566e-05
8.370000000e+00,1.207586547e-05,1.608305922e-05,9.057783622e-06,-2.815193775e-06,4.130293109e-06,-7.944353408e-07,8.538994611e-06,9.251220640e-06,6.038003908e-06,6.417655532e-06,1.003101213e-05,1.153424746e-06
8.380000000e+00,3.556351284e-06,1.592438579e-05,1.665992191e-05,-9.868398937e-07,-4.088952935e-06,1.463643441e-06,1.398073520e-05,7.263400746e-07,8.785103836e-06,1.001709791e-06,-1.189321883e-07,-5.935117125e-07
8.390000000e+00,1.745426034e-06,1.893538899e-05,8.928994712e-06,-8.305714088e-06,5.937556850e-06,3.427171663e-06,6.981738830e-06,-1.396112917e-06,7.254382579e-06,6.027156112e-06,1.663724551e-06,5.243110027e-06
8.400000000e+00,1.977143704e-06,5.893450143e-06,3.587766891e-07,3.841622329e-07,-9.406575491e-06,1.897784466e-06,1.349175885e-06,-7.879122412e-06,-4.081727698e-06,-5.287907739e-06,-6.958202122e-06,1.837273765e-06
8.410000000e+00,-6.395840604e-06,-1.357821854e-06,2.171801165e-06,2.540206912e-06,1.713816833e-06,-8.651678944e-06,3.521870181e-06,-1.408521263e-06,-1.128792510e-05,-2.989934232e-06,-2.399206052e-07,1.876255520e-06
8.420000000e+00,-6.635882347e-06,5.330919961e-07,7.339621605e-06,3.253362406e-06,-1.287430987e-05,1.422911533e-06,2.497279343e-06,-7.880901756e-06,1.061772607e-05,3.086650943e-06,9.612571964e-06,-1.983422456e-05
8.430000000e+00,8.053104972e-06,-2.660173868e-06,-2.191335087e-06,4.528284168e-06,-8.665907454e-06,-2.035899588e-06,6.852387405e-06,1.956122646e-06,4.419301497e-06,3.680359568e-06,-3.471046445e-06,7.904399372e-06
8.440000000e+00,1.429102710e-05,2.028153556e-06,1.030199334e-06,1.115917529e-05,1.602000533e-05,5.419706963e-06,-1.090963307e-05,-1.463345696e-05,9.326086423e-06,1.142109362e-06,-9.354368573e-07,-7.776620147e-06
8.450000000e+00,-2.903377823e-06,-1.564200621e-06,2.980572024e-06,-5.366214986e-06,3.654949697e-06,5.088173865e-07,1.402865383e-05,3.246523336e-06,1.265653824e-05,3.197051281e-06,4.728748810e-06,9.767331581e-06
8.460000000e+00,-2.799621504e-06,3.725356554e-08,1.841936998e-05,-7.327155674e-06,7.390842122e-06,1.288228930e-05,-7.766420005e-06,4.452369819e-06,9.167925709e-06,1.161437795e-05,3.688591606e-06,9.507268863e-06
8.470000000e+00,-4.571267077e-06,5.151473417e-06,1.465938268e-05,1.475964830e-05,4.813506807e-06,1.892112794e-05,7.319289020e-06,2.123375991e-05,3.869596641e-06,8.085608716e-06,7.446858703e-07,1.927106691e-05
8.480000000e+00,1.198716099e-05,1.042764996e-06,-4.669899765e-06,8.567608909e-06,2.454194026e-06,4.830260536e-06,2.316155414e-05,8.263534403e-06,-1.968188995e-06,1.730868746e-05,3.969068638e-06,1.207594188e-05
8.490000000e+00,2.785379296e-05,4.528501111e-07,9.090587028e-06,-5.501425078e-06,-1.344148050e-05,1.924029222e-06,3.657604814e-06,1.660201350e-05,-7.077554065e-06,-8.117535709e-08,-4.356101276e-06,5.757370769e-06
8.500000000e+00,-2.300771731e-06,1.791276154e-06,-1.114822296e-05,4.556824177e-06,-2.487064997e-06,-1.237493869e-05,-1.891316139e-06,-3.585092591e-06,1.251044869e-05,1.166699413e-05,5.544797707e-06,-2.493144916e-06
8.510000000e+00,-2.502470735e-06,-1.300907291e-05,1.483798099e-05,6.971915999e-06,7.971074685e-07,-6.232306801e-06,9.037770464e-06,-2.693910569e-06,-1.883399850e-05,-6.805829631e-06,1.053782974e-06,-1.578568540e-06
8.520000000e+00,-4.458944028e-06,-1.908311430e-05,5.529177044e-06,-9.029482249e-06,-3.654556016e-06,-2.655518091e-06,-1.554705933e-05,-1.546362632e-05,-1.206681930e-06,-5.093520833e-06,-2.721573089e-06,-1.331924364e-06
8.530000000e+00,-9.602529957e-06,4.660599983e-06,-4.884310521e-06,-3.463987265e-06,-1.116063978e-05,-1.142756677e-05,3.113149717e-08,-2.366945891e-06,-1.809397037e-05,-4.461883478e-06,1.008364944e-06,-4.696638147e-07
8.540000000e+00,-1.046412503e-05,9.624155791e-06,-8.057574217e-06,-7.882722199e-06,5.250406991e-06,-2.266411844e-05,-8.901149459e-06,3.621439543e-07,-6.945141800e-06,-2.009296808e-06,-1.370940359e-05,-1.391901349e-05
8.550000000e+00,-1.395312564e-05,-1.607661428e-05,-9.006105424e-06,8.808169943e-06,-1.281850500e-05,-1.849610159e-07,-9.952618005e-06,-3.313662820e-06,-3.129915584e-06,-1.258411272e-05,-3.396575785e-06,7.174930992e-06
8.560000000e+00,-1.604484921e-06,-1.957529483e-06,2.094831975e-06,4.480024979e-06,-7.025797342e-06,9.672451703e-07,-2.401619035e-06,-5.908395090e-06,3.734269751e-06,-3.674275634e-06,1.445177333e-06,3.444348177e-08
8.570000000e+00,-9.832188185e-06,1.433482849e-06,-3.553438294e-06,1.018410706e-06,3.523882139e-06,3.014066781e-06,-2.778228017e-06,5.179018454e-06,6.393362426e-06,-8.910396769e-06,8.561818839e-06,-3.516105062e-06
8.580000000e+00,3.152959081e-06,-2.223243164e-06,1.342550030e-05,6.484253121e-06,9.023133226e-06,-3.915526048e-06,5.748249592e-06,-7.822847664e-07,-7.636253357e-07,1.348616543e-05,-3.787574864e-07,7.821655902e-06
8.590000000e+00,-3.369918476e-06,-1.721467272e-06,1.290638096e-05,6.872241625e-06,1.125419544e-05,1.403121861e-06,1.391694908e-06,-1.112344087e-06,5.335271402e-06,-2.036163426e-06,1.125286928e-05,-8.378517988e-06
8.600000000e+00,-1.130512924e-05,4.198559877e-06,1.001538939e-07,3.032548164e-06,-5.213070564e-07,-1.776441858e-05,4.885130179e-06,3.459668846e-06,4.664849099e-06,-7.793522630e-06,1.365149500e-05,-1.986387513e-06
8.610000000e+00,-5.492032296e-06,4.258200381e-06,-3.799413363e-06,9.441432046e-06,3.158568688e-06,1.709649903e-06,-5.248013218e-06,-1.129524956e-05,-6.392212105e-06,5.961971876e-06,-8.891656947e-06,-4.476468711e-06
8.620000000e+00,-1.299494696e-05,6.456362953e-07,4.492517786e-06,-1.105455709e-06,-9.122348169e-06,-5.150182518e-06,-1.608938113e-05,-1.592339810e-05,-1.954589346e-05,-5.043821403e-06,-1.591038264e-05,-6.888052751e-06
8.630000000e+00,-1.016109557e-05,-3.444691213e-06,1.131858037e-06,3.979208515e-06,-1.485010546e-05,-6.234056654e-06,-1.861597465e-05,-2.568274277e-06,3.787270540e-06,-6.100531932e-06,-2.361831331e-06,-4.046721350e-06
8.640000000e+00,3.946951777e-06,2.381710023e-06,-1.506121223e-05,5.040849865e-06,-6.775675050e-06,-8.159876962e-07,-1.613907817e-05,-2.034741097e-06,-7.218342062e-06,-1.763202502e-05,-1.382571766e-05,-2.892570084e-05
8.650000000e+00,-5.748892870e-06,-1.338038400e-05,-8.020210641e-06,-1.351313138e-05,-5.888146613e-06,-1.090113611e-05,-1.650850019e-05,5.666114349e-06,5.102601329e-06,-1.255169044e-06,4.179214804e-06,8.117488411e-07
8.660000000e+00,-4.397690288e-06,6.684072329e-06,4.241993860e-07,4.025683158e-06,-3.963082658e-06,4.233608678e-07,-1.042948163e-05,1.467885617e-06,5.816734154e-06,-1.328530605e-05,8.114588877e-06,-4.447692425e-06
8.670000000e+00,-2.536382937e-06,-7.611052904e-07,2.060209100e-06,-4.240817464e-06,9.604689458e-07,2.992575171e-06,7.307142798e-06,1.258019316e-06,8.023787203e-06,8.859309785e-07,1.836709435e-06,9.584389865e-06
8.680000000e+00,5.178191921e-06,3.135690606e-06,9.270020537e-06,1.130309756e-06,1.464759754e-05,5.266404312e-06,1.176797648e-05,-2.331615892e-06,1.880115244e-05,1.298256159e-05,2.415964373e-06,2.290522757e-07
8.690000000e+00,1.000764469e-05,3.082517341e-06,-7.103601570e-06,-8.194362398e-06,-1.183909621e-05,1.243973099e-05,9.398313215e-06,1.382143103e-05,6.684926344e-06,5.693218634e-06,1.833668711e-05,5.265765113e-07
8.700000000e+00,-9.533484227e-06,4.164984201e-06,1.115705869e-05,-1.121059228e-05,4.539207351e-06,1.105601527e-05,2.027480275e-05,-6.334396706e-06,1.772667152e-05,1.162098822e-05,4.276950000e-06,1.509909177e-05
8.710000000e+00,8.207773248e-06,6.113460189e-06,6.296867547e-06,6.671100138e-06,1.122298368e-05,1.410347651e-05,1.112366936e-05,8.964427738e-06,1.708987879e-05,8.277439816e-06,9.196848836e-06,5.900697923e-06
8.720000000e+00,-1.321200625e-05,-5.226981153e-06,1.801342433e-05,1.385382010e-05,3.844565466e-07,1.222682054e-06,9.088795855e-06,-3.720038411e-06,8.685294412e-06,6.231351095e-06,-4.972881474e-06,1.384069181e-05
8.730000000e+00,-9.628356582e-06,1.040451025e-05,-3.975971890e-07,7.074864986e-06,4.625353541e-06,-4.035884463e-06,2.345565122e-06,6.486188869e-06,2.300051798e-06,3.119875340e-06,5.895540568e-06,-8.693902842e-06
8.740000000e+00,-1.121625012e-05,5.093199612e-06,7.023073165e-06,-1.457405264e-06,-3.222224341e-06,6.323151033e-06,-1.184709853e-06,1.105225272e-05,-2.676425892e-06,-1.560968493e-05,-2.816107210e-06,1.211140958e-05
8.750000000e+00,8.992966950e-06,-1.177888584e-05,-1.827964287e-07,2.535235223e-06,-1.314759252e-05,3.540971608e-06,-8.131554833e-06,-6.038318172e-06,-1.984174561e-06,-6.174374274e-06,-2.988171289e-06,-3.588260650e-06
8.760000000e+00,1.174938092e-05,-1.725811829e-06,7.786216982e-06,6.553202744e-06,-5.780079523e-06,1.708879092e-06,-7.234678446e-07,-3.152240702e-06,-6.039679765e-06,-5.068842535e-07,-5.230972266e-06,-5.536443769e-06
8.770000000e+00,-4.513150189e-07,1.546732968e-05,-2.109764384e-06,1.129764918e-07,1.831132338e-05,2.329495501e-06,7.837994875e-06,-1.607514377e-06,5.813623400e-06,-7.155455881e-06,1.070974040e-05,-8.566065012e-07
8.780000000e+00,1.355795029e-05,4.690469996e-06,-4.561464751e-06,-5.872877095e-06,1.463920687e-06,-2.938752285e-06,-5.548655142e-07,7.433824866e-06,-2.265062060e-06,-3.680727011e-06,7.161514414e-06,5.919331678e-06
8.790000000e+00,1.040899700e-05,1.759406014e-05,2.008602150e-05,3.191054077e-06,1.301279531e-05,-2.775906881e-06,1.460009296e-05,9.177175877e-07,2.804908266e-06,1.455392488e-05,2.510253645e-06,6.005551364e-06
8.800000000e+00,1.142554052e-05,9.605571832e-06,-5.131219603e-06,3.232324746e-06,-5.004532242e-07,4.808880631e-06,1.122157175e-05,1.602351857e-05,1.076126675e-05,1.206026712e-05,5.319481193e-06,5.813500171e-07
8.810000000e+00,1.955038183e-05,9.025231572e-06,1.188911352e-05,5.854273715e-06,4.585507105e-07,4.535979528e-06,2.461842772e-05,5.151697108e-07,1.959385815e-05,3.971988519e-06,5.302401611e-06,6.941886174e-06
8.820000000e+00,3.337450450e-06,1.268585241e-05,1.641752158e-06,6.675390778e-06,-1.222411105e-05,4.923518025e-06,5.639173018e-06,7.610135367e-07,6.011730120e-06,-7.251992254e-06,6.928416444e-06,1.024557889e-05
8.830000000e+00,2.089637189e-06,-2.014570404e-06,-1.057950993e-06,1.793489641e-06,-3.685742316e-06,1.366478117e-05,-2.443779552e-06,-8.277103258e-08,-7.303053276e-07,-1.292382172e-05,-4.861902141e-07,-4.629803108e-07
8.840000000e+00,1.793107929e-06,-8.572701602e-07,-1.100938236e-05,2.190740058e-06,-1.587271634e-05,-5.761752820e-06,2.959896067e-06,1.445997208e-06,-3.613814741e-06,1.665158895e-06,-1.052418187e-05,-1.569249972e-05
8.850000000e+00,1.599267525e-06,-5.854249843e-06,-1.001074491e-05,-7.811021787e-06,-1.024317427e-05,1.156989513e-05,1.486167568e-06,-6.733801126e-06,7.879845502e-06,5.227654998e-06,-9.946328372e-06,-9.880564664e-06
8.860000000e+00,-6.388048189e-06,-7.165337889e-06,1.139192950e-06,-1.424804638e-05,-9.090935081e-06,-1.261405202e-05,-9.252032665e-06,2.953914422e-08,6.388272891e-06,-1.915190819e-05,-2.963566853e-06,-3.212969429e-06
8.870000000e+00,-1.962648129e-05,-8.429680341e-06,9.046013050e-06,-6.193233330e-06,-7.554428516e-06,6.612964151e-07,-1.258672329e-05,5.733211432e-06,-8.133348991e-06,-1.678695774e-05,-1.406015760e-05,-6.250919900e-06
8.880000000e+00,-1.375402956e-05,-1.052993516e-05,-1.871039628e-05,-3.280000303e-06,-5.987524174e-06,-9.593652047e-06,-1.549472768e-05,-1.847282834e-05,-9.296612099e-06,-1.469133926e-06,-3.645494868e-06,1.354198703e-05
8.890000000e+00,-7.742065973e-07,-7.334935927e-06,-1.832086803e-05,8.805037435e-06,-1.003034568e-05,5.893111086e-06,8.429533469e-06,1.601005922e-05,5.337597236e-07,-2.341486741e-06,4.383012643e-06,4.463366834e-06
8.900000000e+00,-5.789938229e-06,-7.130015038e-06,3.982848118e-06,-6.018638159e-06,2.257570466e-06,-9.373893224e-07,4.299040735e-07,-1.881960351e-06,-3.570219589e-06,3.376725366e-07,-8.677033273e-06,1.502647650e-05
8.910000000e+00,4.775181527e-06,1.814507862e-06,3.017921765e-06,1.505407541e-05,-2.406686692e-06,1.509951903e-06,-3.736363763e-06,1.077637953e-05,5.880737226e-06,-2.983305076e-07,-4.910153984e-06,3.590448552e-06
8.920000000e+00,-2.099285488e-06,-8.837203080e-07,7.647797617e-06,-1.352890588e-05,-6.133206635e-06,-2.296821883e-06,1.700948938e-06,1.478085183e-06,9.224452164e-06,-1.773594511e-06,5.910749310e-06,2.002448493e-06
8.930000000e+00,9.929103202e-06,3.331270275e-06,3.044458117e-06,-8.931756385e-06,1.736408749e-06,-3.234992324e-06,-3.749775168e-06,-2.769473893e-06,-2.753032219e-06,3.959309289e-06,4.051378567e-06,1.693139316e-05
8.940000000e+00,-1.560355743e-05,6.320409622e-06,-1.298780500e-05,9.590460023e-06,2.348056505e-06,1.216781713e-05,1.069712393e-05,-8.044491775e-06,-2.578737887e-06,1.796291504e-05,5.824721835e-06,1.289351634e-05
8.950000000e+00,-8.923542083e-06,-5.681282797e-06,-8.061241456e-06,4.948281216e-06,-6.055677513e-06,-2.246222023e-07,-8.226052793e-06,-5.168741713e-06,-4.968252490e-06,5.695225949e-06,-1.883649470e-06,7.898448294e-06
8.960000000e+00,-7.770356164e-06,-6.750404807e-06,1.886534819e-06,-2.317854980e-06,-2.489704877e-06,-1.036329897e-06,-3.932544336e-06,-1.322735744e-05,-4.714115743e-06,-1.143709452e-05,-1.472625482e-05,5.650736632e-06
8.970000000e+00,-6.086436875e-06,-1.242317832e-05,-3.089106680e-06,-1.104125291e-05,-4.330136795e-06,5.545822971e-07,-1.903110637e-05,-1.796910226e-05,-1.054348257e-05,-6.531634330e-06,-1.164231108e-05,-1.015488731e-05
8.980000000e+00,-1.546084968e-05,-1.297357902e-06,-2.999160676e-06,-5.288796745e-07,-1.750799451e-05,-1.897121107e-05,-6.558451456e-06,-1.384379543e-06,1.006809926e-06,-4.328072751e-06,-1.905440723e-05,-3.583972066e-06
8.990000000e+00,-5.329116249e-06,-9.749756652e-07,1.194027769e-06,-6.045565682e-06,9.108454311e-06,-5.613137018e-06,-2.541547129e-06,1.048098418e-05,3.216991280e-06,-4.593881401e-06,-5.135814680e-06,6.818769508e-06
9.000000000e+00,-3.043275684e-06,2.976132912e-06,-2.050207898e-06,-8.130055548e-06,7.757114368e-06,-3.705799196e-06,-8.792376390e-07,9.339381346e-07,1.313259233e-05,-7.024954236e-06,-2.981325330e-07,-1.288339913e-06
9.010000000e+00,-7.737814842e-06,1.058426618e-05,-2.150432400e-06,-3.082242942e-06,-5.831347670e-06,-2.612877460e-07,-5.914076825e-06,-1.912036818e-06,-5.086031084e-06,-4.932405859e-06,-3.587098661e-06,9.439646518e-06
9.020000000e+00,6.263359902e-06,4.590701580e-06,8.515642670e-06,2.222319718e-06,-2.507306835e-06,9.436442205e-06,1.613299631e-05,3.201344494e-06,3.457966910e-07,-8.319656224e-07,2.413354568e-07,2.075759765e-06
9.030000000e+00,4.409535412e-06,8.140849102e-06,-2.428219722e-06,9.780370514e-06,7.778355790e-06,1.142206637e-05,3.025918326e-06,1.220467234e-05,-3.085074883e-06,-4.127025486e-06,-2.525955850e-06,9.533123862e-06
9.040000000e+00,3.358436374e-06,1.515161350e-05,1.955053834e-05,-1.766565306e-06,6.741904320e-06,-8.712786330e-07,1.059557912e-05,3.983659903e-06,7.856561028e-06,-4.675510422e-06,9.800383178e-06,4.106092236e-06
9.050000000e+00,1.048890188e-05,9.808826380e-06,1.376178887e-05,1.358548676e-05,7.277311138e-06,-4.250214588e-06,2.720626409e-07,-7.618610783e-06,1.161439627e-05,8.111961987e-06,6.013423213e-06,7.843050096e-06
9.060000000e+00,9.619037414e-06,2.670290282e-06,-4.045309003e-06,8.395150815e-07,5.832065304e-06,7.095855469e-06,1.695208615e-05,-1.178586813e-05,4.538127136e-06,-9.486891664e-07,-7.112279138e-07,-2.821458953e-06
9.070000000e+00,-8.634361533e-06,-7.860516958e-06,-1.096501339e-05,8.420569685e-06,8.191086401e-06,-2.905819591e-06,6.991705417e-06,-1.626942601e-06,-1.119732574e-05,-2.052581679e-05,-1.556704473e-06,1.405706262e-06
9.080000000e+00,-3.107240266e-06,2.229224187e-06,-6.062514325e-06,-1.420675821e-05,5.197870441e-06,-3.053028751e-06,4.962305997e-06,-8.978217942e-06,1.234731701e-06,1.881844270e-06,-3.511997631e-06,1.163694868e-05
9.090000000e+00,1.248904218e-06,-9.107144949e-06,1.959773507e-05,-1.136592140e-06,-7.022719285e-06,2.608649071e-06,1.069753495e-05,1.248383903e-06,-1.570414009e-06,5.453747033e-06,1.368170424e-05,-7.412040062e-06
9.100000000e+00,-5.758000363e-06,1.135147506e-06,2.416489962e-06,1.558345700e-06,1.698055063e-06,6.387458645e-06,-2.442521808e-06,1.260836692e-06,-8.440345118e-07,-1.681177023e-06,7.288253634e-06,-5.412630788e-07
9.110000000e+00,1.359768196e-05,-1.526157936e-06,3.281984780e-06,-1.168296944e-06,1.711220637e-06,6.949362315e-06,6.473753299e-06,-4.178812334e-06,8.504652037e-08,1.665879624e-06,3.967579452e-06,-1.365228275e-05
9.120000000e+00,-3.156051504e-06,8.107450597e-06,1.271752272e-05,2.523973821e-06,2.026971944e-05,1.014675644e-07,3.208739308e-06,3.232508146e-06,6.688445690e-06,1.333961503e-05,1.030557070e-05,5.201788409e-07
9.130000000e+00,1.365221379e-05,1.822775845e-05,1.196404366e-05,4.924035476e-06,-6.657337970e-06,3.827404209e-06,1.083594213e-05,5.646746226e-06,-8.681628834e-07,8.527655526e-06,1.582932736e-05,4.235550910e-06
9.140000000e+00,9.844770296e-06,2.475170143e-06,1.249051682e-07,1.182661314e-05,-7.255113828e-06,-2.501064713e-06,4.621377123e-06,6.057881333e-08,1.602988252e-05,9.927843826e-06,1.611244304e-05,6.186132917e-06
9.150000000e+00,1.829199029e-05,-4.382546451e-06,8.910690271e-08,7.970281495e-06,-7.736665693e-06,3.437101700e-06,6.605365458e-06,1.474938927e-06,8.447323423e-06,-7.914929231e-06,9.442543752e-06,1.123846881e-05
9.160000000e+00,7.519013704e-07,5.724173756e-06,-1.342136838e-06,7.069314746e-06,-1.124443616e-05,-1.526361981e-06,-4.697766011e-07,4.752870242e-06,-4.618046720e-06,-1.098446236e-05,3.726077917e-06,-7.924244448e-06
9.170000000e+00,-6.109806539e-06,-2.743357732e-06,1.206056494e-05,-7.084909713e-06,-5.575045642e-07,-1.478520418e-06,2.121871471e-06,-1.029527442e-05,-1.657266170e-05,-8.070927541e-06,-5.431025786e-06,7.132299292e-06
9.180000000e+00,2.288943884e-06,6.292763599e-07,7.404882064e-06,5.020120974e-07,-9.123475048e-06,-5.976170963e-06,5.054814587e-06,-2.148831060e-05,-1.155656543e-05,-1.272779002e-05,-4.786860050e-06,-9.341731660e-06
9.190000000e+00,-1.727763762e-05,-6.276091767e-06,3.109957408e-07,-1.369776574e-05,-6.608194758e-06,7.480410655e-06,-1.376668247e-05,4.713527778e-07,-1.746056003e-05,-8.896345495e-06,-9.764281820e-06,-5.974355929e-06
9.200000000e+00,-1.123680154e-05,-6.960715920e-06,-7.448323953e-06,-7.361763916e-07,-1.048341389e-05,-2.741387089e-06,-6.690796753e-06,-8.738013177e-06,-1.535845782e-05,-1.461891312e-06,1.800760991e-06,-6.312585946e-06
9.210000000e+00,3.478202948e-06,-6.316766251e-06,1.204574079e-05,-5.002973901e-06,-3.194837292e-06,-8.914485752e-06,-1.564494551e-06,6.507621890e-06,-1.388143298e-05,-5.999416894e-06,-1.193194231e-05,-1.639329386e-05
9.220000000e+00,-6.190346706e-06,-3.309957113e-06,-6.129084410e-06,-3.548497031e-06,-1.410073133e-05,9.161357916e-08,-1.387358794e-05,6.756820022e-06,-4.321935639e-09,-3.033003594e-06,1.164838685e-06,-3.137918505e-06
9.230000000e+00,-6.111232613e-06,8.617938800e-07,1.657872958e-06,-3.754368514e-06,-1.402148084e-05,-1.195801711e-05,3.295266307e-06,1.536326948e-06,-3.364219614e-07,-9.901799847e-06,5.974160048e-06,-4.991477020e-06
9.240000000e+00,-1.542063131e-06,-1.225022204e-06,4.955052749e-06,-1.024796979e-05,2.865708615e-06,5.274479139e-06,1.003191348e-05,1.732807660e-05,-1.677151814e-05,-1.054414460e-05,1.451465183e-06,-3.733922742e-06
9.250000000e+00,-6.194332847e-06,9.705732411e-06,-9.670004726e-08,-7.053522118e-06,-2.645231112e-06,3.450086789e-07,-9.221873574e-06,-1.469490516e-06,-6.769924896e-06,8.817798672e-06,3.371637578e-06,-1.032055354e-05
9.260000000e+00,2.710945356e-06,9.872502362e-06,4.170907001e-06,-6.438766821e-06,-7.301621489e-06,4.401965874e-06,-1.508558330e-05,-3.375955343e-06,6.043506164e-06,-1.359797111e-05,3.075154011e-06,8.788514440e-06
9.270000000e+00,-4.168140476e-06,-1.660622253e-05,-3.882069096e-06,-1.163857343e-05,-5.656846827e-06,-1.343795912e-06,8.539029629e-06,-9.412230023e-06,-2.706239100e-06,9.034160363e-06,-8.437601995e-06,-2.533180172e-06
9.280000000e+00,-6.612375821e-06,4.754081557e-06,5.900670104e-08,-6.115640208e-06,-5.180563193e-06,-7.411772059e-06,-1.531006688e-05,2.417741996e-06,-6.051190676e-06,-1.110305863e-06,-2.350182392e-06,-9.778054144e-06
9.290000000e+00,-1.716268319e-06,1.950315684e-06,8.520895713e-07,-5.491519933e-06,3.560740007e-06,-4.785777911e-06,-8.360844579e-06,1.052271363e-05,-2.223534234e-06,1.778150403e-06,-1.178776549e-05,-1.575264474e-05
9.300000000e+00,-1.026486810e-05,-5.264846464e-06,4.598755081e-06,-1.207675259e-05,-1.439792750e-05,-1.285281495e-05,-8.523253098e-06,1.498380268e-05,-1.821571440e-05,-9.583637397e-06,-1.675506046e-05,-1.005485014e-05
9.310000000e+00,-1.576727442e-05,-5.197117589e-06,-6.379462798e-06,-1.043545772e-06,-8.236215872e-06,6.778545858e-06,-5.888329936e-06,-4.485689070e-06,-1.686354104e-06,-1.183490984e-05,-8.107160765e-06,-1.847202690e-05
9.320000000e+00,-1.032712001e-05,-2.866066903e-06,7.428511977e-06,-1.133013835e-05,5.640656867e-06,-8.627700237e-06,-4.831147652e-06,-8.472939937e-06,-1.244179257e-05,1.350508679e-05,-9.220207854e-06,-3.518974451e-06
9.330000000e+00,-6.371975469e-06,-8.466838795e-06,-4.666554770e-06,2.683423883e-06,7.918136897e-06,3.400857545e-06,2.461499329e-06,-4.185998025e-06,-1.208020702e-06,-8.647796916e-06,-3.672452102e-06,2.734330409e-06
9.340000000e+00,1.288268418e-05,4.701242392e-06,3.270156072e-06,4.616520974e-06,5.842960378e-06,5.367312656e-06,9.921846379e-06,3.150740571e-06,-1.962788648e-06,8.392952098e-06,2.822699483e-06,4.630816864e-06
9.350000000e+00,1.395162767e-05,-1.931276650e-07,7.845946897e-06,8.134691322e-06,-7.737432222e-06,7.159133988e-06,-2.854193042e-06,1.023028918e-05,6.975051457e-06,1.245420830e-05,-6.286537951e-06,7.640980191e-06
9.360000000e+00,9.838149537e-07,6.946355973e-06,2.489624686e-06,2.070924726e-06,1.732578235e-05,5.587164357e-06,2.758737425e-06,9.859216934e-06,1.600257560e-05,-7.403716909e-06,6.871929745e-06,4.545486549e-06
9.370000000e+00,1.813817921e-05,-4.556815704e-06,7.687275983e-06,-7.792757497e-07,6.516240656e-06,-3.427710693e-06,5.176775863e-06,-8.398544802e-07,3.627104732e-06,7.131114895e-06,5.191957393e-07,4.119375262e-06
9.380000000e+00,1.206155399e-05,1.947933095e-06,-7.868104026e-06,-1.917054789e-06,5.807346581e-06,-1.057688484e-06,3.763115472e-06,5.992324311e-06,1.248542537e-05,9.402190309e-06,-4.954505332e-06,2.056089857e-06
9.390000000e+00,5.052110410e-06,4.690817411e-06,6.522253412e-06,2.450732645e-06,-5.890707474e-06,-3.184465101e-07,1.135453734e-05,-6.220253154e-06,-1.050236444e-05,-9.802868785e-06,7.055974311e-06,6.300842869e-06
9.400000000e+00,-5.074656832e-06,2.410369638e-06,4.055993867e-06,-3.686698795e-06,-8.637540626e-06,-9.513012970e-06,-8.632204863e-06,5.966659295e-06,5.404245294e-06,-6.620103224e-06,4.384278556e-06,3.105690425e-06
9.410000000e+00,7.209939412e-06,-1.938582891e-06,-1.272758394e-06,1.911726663e-06,-3.696032191e-07,4.494296575e-06,3.764941542e-06,-4.539115086e-06,-8.870206734e-06,3.405885386e-07,1.566724036e-05,6.634941382e-06
9.420000000e+00,3.170540260e-06,5.419643862e-06,1.499723739e-06,-2.341605301e-06,6.850758482e-07,-1.077382945e-05,2.235437284e-06,-2.657988315e-06,-4.559859563e-06,-9.780626871e-06,1.603572783e-06,6.224355377e-06
9.430000000e+00,-4.551142307e-06,-9.373080617e-06,-3.769393435e-06,-7.162104755e-06,9.144782682e-06,6.354188158e-06,2.297169715e-06,3.274562190e-06,1.007342825e-05,-5.917969341e-06,-9.755233631e-06,6.277821972e-07
9.440000000e+00,-6.598330306e-07,6.287037282e-06,6.460095328e-06,-3.531120720e-06,-9.027740418e-06,1.228014473e-05,-1.304212041e-06,2.586075393e-06,-5.737956427e-06,1.400153825e-05,8.060970462e-07,1.203028245e-05
9.450000000e+00,1.590935694e-06,8.522231532e-06,1.327809104e-05,-3.038583866e-06,8.083797042e-08,1.306771806e-05,-1.287718675e-06,5.101424224e-06,-5.087561855e-06,7.249180262e-07,5.502226395e-07,-1.802942082e-06
9.460000000e+00,-3.404853795e-07,1.121118472e-05,-1.225152757e-07,5.402082864e-06,-5.985028750e-06,8.264748071e-06,5.753191266e-06,1.519180438e-05,9.499355278e-06,8.594441815e-06,5.005213122e-06,9.330366741e-07
9.470000000e+00,5.130436771e-06,1.816097419e-06,1.190908766e-05,2.773990997e-06,5.524724697e-06,1.484254781e-05,1.283549624e-05,7.907355249e-06,1.555115931e-05,8.162841254e-06,8.630839008e-06,1.044145743e-05
9.480000000e+00,-3.682300329e-07,7.638820787e-06,9.230441736e-06,2.287065367e-06,4.455872604e-06,1.160787143e-05,1.374980731e-05,6.379766725e-06,-2.342956042e-06,-2.467073051e-06,-5.599004734e-07,2.285254231e-06
9.490000000e+00,5.150994469e-07,5.634925854e-06,1.402696597e-06,9.448540852e-06,1.202235788e-05,-2.640639419e-06,1.715913080e-06,3.618745041e-06,1.736657865e-06,1.325441822e-05,7.251867334e-07,1.110478929e-06
9.500000000e+00,1.431646437e-05,-1.605724474e-06,-3.341833935e-06,4.393645857e-06,-6.645109315e-06,-6.750161160e-06,-7.083976488e-06,6.023216580e-06,-1.420464595e-05,9.353375555e-06,-6.517377974e-06,1.038373058e-05
9.510000000e+00,-1.459772049e-06,7.326104043e-06,3.928530358e-06,-7.468763561e-06,-1.214444344e-05,-8.951914852e-07,-1.029590703e-05,-1.177651889e-05,5.590507698e-06,-2.027261664e-06,-2.452561691e-06,1.083184619e-06
9.520000000e+00,-2.283286848e-05,-7.388026439e-06,-1.807044128e-06,-3.563527923e-07,-9.516927804e-06,-1.191999603e-05,-8.320257886e-06,-3.775937287e-06,-7.790865072e-06,-1.511705903e-05,-5.183914078e-06,-1.903531033e-06
9.530000000e+00,-5.100495764e-06,-1.393742935e-05,-1.606072392e-05,-1.043309796e-05,-2.002374352e-06,-7.150099611e-06,-1.097991804e-05,-3.223869377e-06,-9.655376033e-06,-6.016257603e-06,-8.044935348e-06,-8.840404922e-06
9.540000000e+00,-1.442983597e-05,-1.335038889e-05,-6.116927422e-06,-4.594608575e-06,-1.013073376e-05,-1.277655520e-05,-1.119838163e-05,-2.782017826e-05,-1.385129021e-05,-2.798531286e-06,9.847778252e-06,-4.734190846e-06
9.550000000e+00,-1.364809123e-05,-9.559042381e-06,1.343663285e-05,-2.746476832e-06,-1.078628324e-05,-8.967484947e-06,1.383855061e-05,-8.713186145e-06,-5.888174647e-06,-8.852742239e-06,9.065659194e-07,3.298501984e-06
9.560000000e+00,-1.018435797e-06,3.684475230e-06,-1.215497165e-06,3.919836641e-06,-2.807986204e-06,9.226824412e-06,-1.283917216e-06,-5.392134842e-06,-8.249892561e-06,-5.233850621e-06,-3.692958506e-06,-2.860068263e-06
9.570000000e+00,-7.546061065e-06,-9.892323254e-06,-5.866451914e-07,-4.022435354e-06,1.935350565e-05,-3.696093617e-06,-1.668220766e-05,-4.304093580e-06,8.538402316e-08,3.099174218e-06,1.206929549e-06,1.370687818e-05
9.580000000e+00,1.219173725e-05,-1.976440794e-06,-1.845240844e-05,-9.109464272e-07,-9.019019183e-07,4.399043824e-06,-4.042369383e-06,-3.044605607e-06,-1.094557026e-05,4.043057011e-06,-2.118787395e-06,-1.202483333e-06
9.590000000e+00,5.160244955e-06,2.135476411e-06,1.246466792e-05,-3.372289699e-06,-1.960658048e-06,-1.084450202e-06,-3.812179361e-06,3.624851676e-06,-3.000014736e-06,-2.374557172e-06,-5.615749099e-06,6.964488703e-06
9.600000000e+00,-3.643905801e-06,1.527082331e-06,-4.407390994e-06,-2.459604148e-06,-4.029535262e-06,1.231640015e-06,8.826371163e-07,4.784387684e-06,8.388137520e-06,9.399426249e-07,8.808775709e-07,-3.783413464e-06
9.610000000e+00,-1.740681062e-07,-3.756037503e-06,2.694453765e-06,-1.344594238e-05,2.146998180e-06,3.693632582e-06,-4.355552803e-06,-8.734196993e-06,-2.853129327e-06,-9.862467227e-06,-9.027004426e-06,-8.198733662e-06
9.620000000e+00,2.606913046e-06,-6.822769472e-06,-1.124099281e-05,-3.441080837e-06,3.682807912e-06,-2.096439861e-06,-4.973722433e-06,-5.703308531e-06,-1.427812845e-05,2.585844392e-06,-7.950040138e-06,-7.986679882e-07
9.630000000e+00,-3.189162959e-06,-6.866235560e-06,-1.260275665e-05,-8.941087477e-07,-1.139741886e-05,-1.224065259e-05,-4.618984276e-06,-3.776679529e-06,-1.151367425e-05,-5.696148191e-06,-2.110875016e-05,-1.039810951e-05
9.640000000e+00,-1.009603117e-05,-8.236227572e-06,-6.334221927e-06,-5.021350979e-06,-1.003046685e-05,-1.546863347e-05,6.732835334e-07,1.298087038e-06,-1.353498828e-05,-1.407204860e-05,-1.012041794e-05,-1.565667880e-05
9.650000000e+00,-3.047820425e-06,-1.404426448e-06,-8.718504889e-06,-6.435646626e-06,-1.036213939e-05,-1.433610026e-05,5.384104196e-06,-9.260947532e-06,-6.762707611e-06,-1.207034955e-05,-8.760097582e-07,3.048302441e-06
9.660000000e+00,3.848556743e-06,-3.576899339e-06,2.501826982e-06,-9.794359186e-06,1.328659607e-05,-6.581810721e-06,3.807475084e-06,5.646561587e-06,-8.493038001e-06,-1.037897005e-05,8.906773954e-06,-9.360549055e-06
9.670000000e+00,2.596810840e-07,8.294767895e-06,-1.290506358e-06,-1.172241457e-05,2.653609203e-06,-1.973714314e-06,-7.558917754e-06,2.972833945e-06,7.212239580e-07,4.940906581e-06,-5.236277863e-06,5.916067308e-06
9.680000000e+00,8.781115407e-06,8.220551841e-06,7.589152524e-06,3.900886406e-06,8.823418947e-06,2.073673210e-06,-5.334655207e-06,-4.809720246e-06,-1.348964725e-07,1.953445090e-06,-1.262465010e-06,1.072510084e-05
9.690000000e+00,4.184836814e-06,1.732544578e-05,1.926646624e-05,2.904442369e-06,1.661681906e-05,2.711391393e-06,7.146496012e-06,2.737171535e-06,7.096699492e-06,2.890372175e-05,1.149344330e-05,-8.944538399e-07
9.700000000e+00,4.584209825e-06,7.834869531e-06,-3.034550601e-07,3.146799782e-06,7.962612685e-06,1.759893707e-05,1.327069975e-05,1.162204128e-05,-7.704388481e-08,7.944929303e-06,6.193527884e-06,-3.689422532e-06
9.710000000e+00,4.389266600e-06,-4.338820043e-06,3.159514276e-06,-5.741438945e-06,-1.047537859e-06,-8.099111580e-06,3.680587342e-06,6.481777325e-06,-1.120004950e-05,-8.770637648e-06,-9.877214497e-06,6.054515829e-07
9.720000000e+00,3.923453447e-06,7.900430752e-07,1.180059121e-06,-1.937767175e-06,2.832426475e-06,9.114203903e-06,1.611386688e-06,1.584209536e-05,6.572354898e-06,1.023053549e-05,1.177546985e-06,7.478511936e-06
9.730000000e+00,-2.460118470e-06,-1.070766810e-05,-1.191522091e-06,2.148577198e-06,-1.495187342e-06,1.359521048e-06,9.698692326e-07,6.253981945e-07,-6.338181508e-06,1.068631457e-05,9.209666120e-07,6.534987431e-06
9.740000000e+00,2.012481125e-07,-8.408144792e-06,4.330683294e-06,-1.319833108e-05,7.934881949e-06,-7.338387629e-07,1.791371370e-06,-4.593417573e-06,1.735532784e-05,2.942837909e-06,1.385924602e-06,8.194401178e-06
9.750000000e+00,-3.788832658e-06,3.233402159e-07,2.258273418e-06,-1.148922963e-05,-1.000136684e-05,4.162076884e-06,-1.176844164e-06,-7.305178554e-06,-1.263503506e-05,-7.830261291e-06,1.310936097e-06,-3.468561276e-06
9.760000000e+00,-5.674920540e-06,-7.313153286e-06,5.405321268e-06,-1.249215746e-06,-2.927821185e-06,1.296739393e-06,6.082898206e-07,3.158610986e-06,5.171449397e-06,-9.488501646e-06,7.746243571e-06,-4.692450579e-06
9.770000000e+00,-8.175087412e-06,3.805387539e-06,-5.195701889e-06,-7.998079020e-06,2.214679225e-06,2.648025701e-06,7.651260300e-06,-4.675096117e-06,-2.194565394e-07,3.879983306e-07,5.024868103e-07,2.330483910e-06
9.780000000e+00,-5.848073667e-06,1.016075781e-05,1.815272113e-05,-1.157607639e-06,-3.971798393e-06,1.329987801e-05,-7.789756963e-06,1.695003887e-06,1.414104565e-05,3.221255792e-06,2.030498949e-06,3.791804919e-06
9.790000000e+00,3.456665824e-07,9.313175905e-06,6.495696622e-06,8.114360836e-06,5.887848863e-06,8.025768239e-06,4.260687280e-06,9.066465179e-06,9.143790354e-06,4.115997649e-06,6.283638784e-06,1.381938886e-05
9.800000000e+00,-1.875913997e-06,1.090600760e-05,2.559623739e-05,4.118264133e-06,-6.770114323e-07,2.831196384e-07,2.245187718e-06,1.106938692e-06,1.191237940e-05,-3.397781402e-06,1.251630058e-05,-1.876964654e-06
9.810000000e+00,4.456469460e-06,-2.369053990e-06,4.332629010e-06,-1.311891072e-06,1.499590374e-05,8.089448016e-06,1.138553468e-05,1.395433288e-06,4.259603148e-06,5.203235663e-06,-5.676802445e-06,5.891701583e-06
9.820000000e+00,-2.234132104e-06,8.395499525e-06,7.368668654e-06,1.788658070e-05,4.317541406e-06,-5.157379184e-06,-3.960021140e-06,6.627227342e-06,9.646333762e-06,7.632970500e-06,8.936418890e-06,1.012817093e-05
9.830000000e+00,-9.738884597e-06,4.130482914e-06,-5.603080914e-06,4.763076331e-06,-2.908906654e-06,1.217988524e-05,-2.605167734e-06,-6.623986827e-06,-3.927719483e-06,-2.761470358e-06,-1.971097083e-06,1.051902982e-06
9.840000000e+00,-4.064010756e-07,2.048590821e-07,-8.854002652e-06,-1.751553324e-06,-1.271975032e-05,-5.183510676e-06,-1.307792871e-05,1.348472615e-06,-4.646081067e-06,1.022539552e-06,-2.013314766e-05,3.885598335e-06
9.850000000e+00,6.115438786e-06,-2.729030090e-06,-2.084305872e-05,-5.646535085e-06,-5.340970600e-06,-1.192586808e-05,4.906003415e-06,-1.156719377e-06,-9.568088823e-06,-9.050229662e-07,2.537819657e-06,1.203901412e-05
9.860000000e+00,-1.300293602e-05,5.217272843e-06,-1.221651018e-05,-5.897767530e-06,-6.051016058e-06,-8.367806203e-06,3.518568477e-06,-1.194153928e-05,-7.342170647e-06,-1.028698272e-05,-5.300247680e-06,-5.847258865e-06
9.870000000e+00,-4.406297429e-06,-4.925030174e-06,-1.271054832e-05,-6.409804200e-06,-5.054600453e-06,-1.227317310e-05,4.405471499e-06,-8.939262336e-06,-1.908121029e-05,-7.232587131e-06,-1.457723350e-05,-4.009294123e-06
9.880000000e+00,3.540459714e-06,-4.631947707e-06,-4.092235429e-06,-1.122961370e-06,-8.781954018e-06,-8.559447679e-06,-1.036588702e-05,-5.482799571e-06,2.870774876e-06,-6.357960269e-06,-1.301278654e-05,-7.472447141e-06
9.890000000e+00,-1.359216079e-06,1.340885422e-06,-8.607075159e-06,1.027845058e-05,6.164369288e-06,-2.630264228e-06,-1.465925130e-05,9.726744551e-07,-4.729462335e-06,1.652459420e-05,-1.919202875e-05,-5.264665652e-06
9.900000000e+00,1.080014887e-05,-9.595238827e-07,-5.550790936e-06,1.944533083e-06,5.715351348e-06,-1.565420279e-06,6.391210007e-06,9.932025013e-06,9.518175261e-06,3.095228566e-06,1.632879359e-06,-5.968131343e-06
9.910000000e+00,-2.928085636e-06,7.114757352e-06,-8.769388886e-06,1.571976727e-05,-1.505204778e-07,1.548927176e-06,1.130973562e-05,2.614448277e-06,4.437202634e-06,9.918453762e-07,-2.495424807e-06,6.342104482e-06
9.920000000e+00,9.180726781e-07,1.583532308e-06,6.324444949e-06,-1.247204071e-05,9.708730859e-06,3.932462530e-06,-1.884775854e-06,6.592015530e-07,-6.003030178e-06,1.455439725e-06,-2.598358503e-06,8.704043252e-06
9.930000000e+00,-8.252092212e-06,2.605560834e-06,1.032813869e-05,-1.041092942e-05,1.557186704e-06,-7.037066117e-06,-4.845984180e-06,3.913077593e-06,1.735339887e-05,7.261630922e-06,1.276086588e-05,1.265537083e-05
9.940000000e+00,-7.129298007e-06,-1.179300970e-05,8.823120491e-06,1.329926033e-05,-1.667892579e-07,1.362253001e-06,-2.889803415e-06,-7.356806605e-06,-1.253793611e-05,7.787711668e-07,-1.113557524e-05,5.553975763e-07
9.950000000e+00,-1.187204652e-05,8.520935849e-06,3.403710832e-06,-1.350167734e-05,1.186610813e-06,-2.579201709e-06,-1.226672856e-06,-1.591188910e-05,4.702226939e-07,6.035524270e-06,-2.029391094e-06,-9.652599463e-06
9.960000000e+00,3.852585733e-06,-2.100089744e-06,-1.095850775e-06,-1.067877963e-05,1.299962176e-05,-9.574137947e-07,-2.006267245e-06,6.207858515e-06,3.087157790e-06,-1.113266578e-05,2.640436279e-06,-1.976183412e-05
9.970000000e+00,-1.971392963e-05,-6.165210841e-06,-2.151099843e-05,-9.737912072e-06,-9.952541625e-06,-6.989022065e-07,-1.296174162e-05,-1.373580920e-05,-1.036581273e-05,-1.037171591e-05,-1.407573507e-05,-1.207876729e-05
9.980000000e+00,-1.070657692e-07,3.518278634e-06,-7.986704841e-06,2.515326791e-06,-1.112355194e-05,-5.059511383e-06,-1.682609736e-06,-5.461743696e-06,-1.413263346e-05,-9.336869314e-06,-1.003389354e-05,8.516685628e-07
9.990000000e+00,5.786334816e-06,-4.367447816e-06,4.106904349e-06,-9.293967217e-07,-2.052815693e-07,-7.663443306e-06,-2.554562005e-06,-3.053078783e-06,8.503012552e-06,1.192485153e-05,7.472680792e-06,7.705368285e-06
1.000000000e+01,5.044420220e-06,6.704613351e-06,2.242240555e-06,4.426410214e-06,5.688025813e-06,8.439809618e-06,1.678251753e-06,4.360218177e-06,1.009189876e-05,6.728663076e-06,2.243504646e-06,-5.456829459e-06
1.001000000e+01,1.135960023e-05,7.880123116e-06,-8.480589559e-07,1.079918789e-05,4.130825581e-06,8.314366796e-06,3.295294801e-06,-3.000462439e-06,-1.981183092e-06,-6.804773711e-08,7.607907956e-06,1.065615090e-05
1.002000000e+01,-3.526052329e-06,7.218194592e-06,5.855105068e-06,2.133103984e-06,6.674752697e-07,1.307116265e-05,8.999481495e-06,8.837806860e-06,2.157119838e-05,6.465598748e-06,6.458295565e-06,5.043834011e-06
1.003000000e+01,1.114612291e-05,1.058158491e-07,6.024419796e-06,1.107679652e-05,1.049399666e-05,-2.442308166e-06,-1.272108673e-06,6.597492176e-06,1.765291992e-05,6.504243173e-06,-3.325112932e-06,-5.549986549e-06
1.004000000e+01,1.258848004e-05,1.331036017e-05,1.499705305e-05,9.790155118e-06,1.831254617e-05,-2.929654282e-06,-1.836910353e-06,1.145642246e-06,9.238390315e-06,5.674706317e-06,1.984329604e-05,-4.756889504e-06
1.005000000e+01,4.015452786e-06,-4.011018269e-06,1.406835477e-05,-1.103595850e-05,6.448400008e-06,-2.475806347e-06,-1.928341710e-06,1.069552128e-05,2.299377420e-06,3.446058017e-07,7.631884404e-06,7.311667059e-06
1.006000000e+01,-6.833440818e-06,7.039409959e-06,-7.219473943e-06,-9.932030311e-06,-3.556045048e-06,9.364510080e-07,-1.700940075e-06,-4.922147539e-06,-9.602733111e-06,1.548683727e-05,-6.893592907e-06,4.950131683e-06
1.007000000e+01,1.305456409e-06,-1.667432364e-06,-8.217450835e-06,-5.410799931e-06,-1.280268011e-05,-2.632191311e-06,-7.103176321e-06,-7.883124179e-06,2.219044097e-06,1.063846679e-05,1.808814435e-06,-6.655196802e-06
1.008000000e+01,1.085266485e-05,-1.200847293e-06,3.474085583e-07,-9.474693189e-06,-7.937019530e-06,-3.647091894e-06,-8.637584565e-06,-1.740114668e-05,-8.164291393e-07,-3.553418101e-06,5.163114907e-06,-9.974548505e-06
1.009000000e+01,-5.324315962e-06,4.104299336e-06,2.405027454e-06,6.355292384e-07,-3.667702814e-06,2.928159691e-06,3.801614984e-06,1.303930261e-05,-6.080218158e-06,-1.538085588e-05,8.045919968e-06,2.737596876e-06
1.010000000e+01,-9.480599514e-06,2.046137154e-06,6.128326304e-06,9.286490965e-06,6.861322484e-06,-8.265837301e-06,1.227649536e-06,7.018365524e-06,6.281935109e-06,5.465989897e-06,7.199264820e-06,-9.545240860e-06
1.011000000e+01,-4.702494416e-06,2.377580090e-06,9.535239315e-06,-4.281563200e-06,2.361231959e-06,6.920894351e-06,4.568956093e-06,1.511499345e-06,-8.689571937e-06,7.007614915e-06,1.117512570e-05,1.454449012e-05
1.012000000e+01,5.565638029e-06,2.105292087e-06,-5.922887439e-07,-2.505010641e-06,1.135978928e-05,7.528390283e-07,1.430145085e-05,1.314986161e-05,-3.393491443e-07,6.956926567e-06,1.471904525e-05,7.605075421e-06
1.013000000e+01,7.451029945e-06,5.846564959e-06,6.801443695e-06,-3.100735972e-06,5.954165928e-06,3.512141709e-06,1.079703364e-05,7.153968822e-06,-2.181091457e-06,7.326815503e-06,1.413578131e-05,2.193127488e-05
1.014000000e+01,1.941446451e-05,1.078854751e-05,1.267648688e-05,2.145950893e-05,2.095193157e-05,6.993454141e-06,8.557289976e-06,2.183932610e-06,1.509584422e-05,8.829414611e-06,1.418814989e-05,8.062315203e-06
1.015000000e+01,-3.432174790e-06,-5.218099345e-06,1.829345592e-05,7.810084900e-06,1.384263601e-05,4.367161157e-06,7.148273240e-06,-3.339227564e-06,1.875034908e-05,3.652940239e-06,1.208476852e-05,7.067903461e-06
1.016000000e+01,1.153856514e-05,3.211670705e-06,-3.240786419e-06,-2.435438738e-06,-3.594908219e-06,1.927517613e-07,3.160723759e-06,1.262768079e-06,7.758946015e-06,2.290711587e-06,-4.948894970e-06,-2.633117149e-06
1.017000000e+01,-4.260203322e-06,-1.936950983e-06,1.149902424e-05,-2.895882585e-06,7.105945033e-06,-1.497989541e-06,-9.676295833e-06,1.001487494e-05,2.116639638e-06,4.123391266e-07,-1.966693317e-05,1.272408801e-05
1.018000000e+01,1.175214677e-05,-1.845302800e-06,-5.149751699e-06,6.459965635e-06,1.878327743e-06,-2.939633584e-06,-5.879723575e-06,-1.115421871e-05,2.395483875e-08,-8.905562829e-06,-5.892828278e-06,-1.320164998e-05
1.019000000e+01,6.745702229e-06,-5.575362614e-06,1.381194742e-06,-4.778887586e-06,-6.421389004e-06,-5.285338662e-06,-3.785456360e-06,-1.031707347e-05,-1.138099570e-05,5.338671978e-06,-6.501915985e-06,-1.247630107e-05
1.020000000e+01,-6.480468210e-06,-3.814807239e-06,8.274749134e-07,-1.413621638e-05,-1.090834470e-05,-1.989442225e-05,-1.037458196e-05,5.827411673e-07,-1.068970845e-05,-4.738938298e-06,-1.199612324e-05,-1.885332560e-05
1.021000000e+01,-1.049491133e-05,-1.243040674e-05,5.915503612e-06,-3.242842333e-06,-1.398419529e-05,-2.179303438e-05,-5.856798911e-06,-3.261046689e-06,7.340210072e-07,-9.902732188e-06,6.671472712e-06,-6.493100668e-07
1.022000000e+01,-4.024053890e-06,2.136346861e-06,-2.658012376e-07,-8.718609333e-06,-2.139940390e-07,-1.318066209e-05,-2.284860816e-06,-1.086786908e-05,4.075580864e-06,-1.128583825e-05,-1.204554378e-05,-7.179718561e-06
1.023000000e+01,-1.359863342e-06,9.552932300e-06,1.225593890e-05,-4.251028914e-06,6.509838023e-06,-5.955866896e-06,-7.939547965e-06,2.339753037e-07,-7.601835448e-06,-2.523251480e-06,-1.680193766e-05,3.582498096e-06
1.024000000e+01,-5.754208310e-06,-7.146142498e-06,-2.082650198e-05,-3.167703844e-08,1.731246321e-06,-4.179743588e-06,2.741425380e-06,2.896693500e-06,5.387220110e-06,6.100400975e-06,-1.647372062e-06,2.049548602e-06
1.025000000e+01,-4.172022802e-06,-3.719721729e-06,-2.082320731e-08,6.652682184e-07,3.889555516e-06,-3.962300570e-06,-2.868970941e-06,-2.444100691e-06,-1.111732822e-05,6.591200149e-06,6.665571465e-06,-7.438995509e-06
1.026000000e+01,1.710556937e-06,8.739703076e-06,-5.033116017e-06,-7.640712089e-06,-1.567674738e-06,5.547502779e-06,7.807488026e-06,-3.783726646e-06,-7.539150801e-07,-1.125747803e-06,5.588432928e-06,1.058203013e-05
1.027000000e+01,3.515377387e-08,-6.349399108e-06,-3.954087588e-07,-1.491194638e-05,9.926674918e-06,1.383939379e-06,-6.266573270e-06,8.714555364e-06,-1.632527196e-05,-1.533527008e-05,-1.154455349e-05,-1.170565018e-05
1.028000000e+01,1.569194678e-06,4.738910933e-06,-1.578495731e-05,5.167716778e-06,-8.068969242e-06,1.851912257e-06,6.629722054e-06,3.006881726e-06,-1.629699118e-05,2.860216767e-06,5.123406724e-06,-1.141365885e-05
1.029000000e+01,-1.838827661e-05,-1.195351791e-05,-1.548736092e-06,2.931357076e-06,-1.899010518e-05,-5.928409580e-06,-1.554184444e-05,-8.382369669e-06,-2.304969570e-07,-6.941135167e-06,-1.681223349e-06,-3.129637768e-06
1.030000000e+01,-5.532233693e-06,-8.565650008e-06,-1.051634597e-05,-1.722897059e-05,-8.084389069e-06,-1.320314228e-05,-7.331400902e-06,2.919630541e-06,-1.528000416e-05,-1.039262896e-05,-9.072698445e-06,1.706423115e-06
1.031000000e+01,-1.261434317e-05,-1.355663826e-06,-5.718508347e-06,-7.926760949e-06,-1.234236064e-05,-2.432415710e-07,1.045009382e-05,1.075965715e-06,-1.061530066e-05,-2.614442908e-06,-1.014314823e-06,-1.131606717e-05
1.032000000e+01,-5.528518279e-06,-3.634656568e-08,-6.594671254e-07,-7.791444919e-06,-6.143652877e-06,2.658682638e-06,-2.326624393e-06,-6.256290977e-06,-2.533271705e-07,-1.728812157e-05,-1.897751401e-05,6.199214436e-06
1.033000000e+01,-3.442029193e-07,3.339404287e-06,-4.204791963e-06,5.103944083e-06,-3.133677463e-06,3.214398771e-06,1.477015882e-05,9.538111139e-07,-6.056917265e-06,-1.295635178e-06,3.253468169e-06,-4.051445895e-06
1.034000000e+01,2.688184821e-06,8.610693363e-06,3.988448099e-06,5.966251748e-06,-2.458134124e-07,4.113294496e-06,5.082762760e-06,-1.241702727e-06,6.501830722e-06,1.240407372e-06,-1.191277398e-05,5.128830905e-06
1.035000000e+01,-1.242054437e-05,-2.573147899e-06,-6.338980320e-06,7.611946618e-07,-1.252612431e-06,5.148487117e-06,4.798139378e-06,-1.833310999e-06,6.409476099e-06,9.021919191e-06,5.731003200e-06,-4.028417771e-06
1.036000000e+01,5.868396231e-06,4.861634816e-06,7.970173107e-06,9.776214443e-06,-6.035413786e-06,8.903415042e-06,5.591469746e-06,-9.915533558e-08,2.547408612e-05,1.371763366e-05,8.001806640e-06,1.805235677e-05
1.037000000e+01,-1.288595371e-06,1.825348468e-06,3.068930575e-06,1.538558813e-05,1.090505716e-05,1.354734996e-05,1.398666794e-06,1.487901852e-05,2.727538259e-06,1.072317176e-06,1.184158802e-05,-2.000732158e-06
1.038000000e+01,6.724833156e-06,1.262560834e-06,-5.295018448e-06,5.417681885e-06,-3.646418320e-06,-4.547970073e-06,1.379729423e-06,1.141813049e-05,3.603192762e-06,1.996923322e-05,7.631875095e-06,5.542065880e-07
1.039000000e+01,1.267479185e-05,1.910605993e-05,-3.071080405e-06,3.320504394e-06,5.848969118e-06,3.611342391e-06,-1.875726665e-06,-4.463502268e-06,-6.046891327e-07,-4.432341428e-06,4.257282651e-06,7.581830973e-06
1.040000000e+01,6.245858679e-06,9.955363638e-07,-2.723824539e-06,3.950325282e-07,1.533566825e-07,9.676137799e-07,-5.573133820e-06,-1.410262715e-05,4.531581609e-07,-6.868951082e-06,3.636133698e-06,4.566335054e-06
1.041000000e+01,-3.237954311e-06,-8.595878139e-06,-2.535551937e-06,1.081629381e-05,-9.374107773e-07,2.068602462e-06,6.196905066e-06,7.177447707e-08,-1.619022972e-05,-8.391131794e-06,-5.843433944e-06,-3.849872471e-06
1.042000000e+01,-4.620592914e-07,1.105546850e-05,7.882569380e-06,-1.152076570e-05,-3.739719846e-06,7.221665766e-06,-1.710499565e-06,1.706828400e-06,1.410031606e-05,-3.919766295e-06,-1.328833630e-05,-1.143344841e-05
1.043000000e+01,-2.521070057e-07,5.350572591e-06,6.290521263e-06,-2.745337839e-06,1.707901994e-06,8.041946311e-06,8.025336749e-06,-9.810354655e-06,-8.338345331e-06,-3.777497566e-06,7.278922132e-06,2.132113500e-06
1.044000000e+01,3.622325406e-07,-2.400779039e-07,-3.641230387e-07,-9.428049071e-07,1.006440224e-05,-7.057305127e-06,1.422980765e-07,6.480411156e-06,-5.957054536e-06,-6.905416879e-06,1.277463941e-05,-5.840030567e-06
1.045000000e+01,-3.453323049e-07,1.774894988e-05,1.068091610e-05,2.135835488e-06,-3.852272325e-06,-1.684331392e-06,-4.207420556e-06,-4.350810106e-07,2.644030477e-06,4.909223611e-06,7.203316150e-06,8.961160455e-06
1.046000000e+01,1.034714352e-05,7.786576792e-06,1.018498419e-06,5.490988244e-06,1.169487343e-05,9.656575913e-06,1.454212318e-05,1.499562020e-06,1.460115752e-06,-4.413072832e-06,6.169070338e-06,3.996794645e-06
1.047000000e+01,1.284480026e-05,9.260668286e-06,-4.534671372e-06,5.271693572e-06,1.643079801e-06,7.769711330e-06,5.423089497e-06,1.975819541e-05,3.624762701e-06,3.567748691e-06,1.372564951e-05,6.786617066e-06
1.048000000e+01,-3.816894510e-06,1.745531362e-05,8.270224569e-06,7.299148550e-07,2.322012344e-06,-7.400135578e-06,2.829636883e-06,-5.551409533e-07,-5.486663366e-06,-1.939863163e-06,-4.076658619e-06,4.470483006e-06
1.049000000e+01,1.657073201e-05,1.132522959e-05,-1.903465832e-06,4.327980416e-06,-1.026526905e-06,6.343965787e-06,2.842524666e-06,6.450318611e-06,-2.342660410e-06,1.094799238e-07,7.941880612e-06,5.843946312e-06
1.050000000e+01,1.078597266e-05,9.097105506e-06,-8.252852709e-06,3.025718762e-06,-1.589862134e-06,3.629910415e-06,1.076034325e-05,-3.004215360e-06,2.339289261e-06,5.240244539e-06,-7.516058983e-06,-4.390280800e-06
1.051000000e+01,3.253797470e-06,-5.547171764e-06,-6.414898954e-06,3.043762522e-06,-2.978814586e-06,-4.147017534e-06,5.914399264e-06,-1.348920599e-05,-2.555266807e-06,-5.415466449e-06,8.902992583e-06,-9.008468468e-06
1.052000000e+01,-5.650119645e-06,-1.378320924e-05,-1.288811926e-06,-1.081964013e-05,-1.157851580e-05,-5.102928660e-06,9.277316491e-06,5.120978025e-06,-8.111688197e-06,2.172565825e-06,-8.379603515e-06,-9.321039144e-06
1.053000000e+01,4.211190384e-07,2.436172419e-06,-8.992442213e-06,-1.279224569e-05,-7.210678592e-06,-1.762016970e-05,-8.474087216e-06,7.497662262e-06,-1.331585297e-05,-1.762734499e-05,-5.452498422e-06,-1.725259458e-05
1.054000000e+01,5.800392814e-07,-7.109836550e-06,7.963407013e-07,-1.004791630e-05,-2.480196685e-06,-6.819142324e-06,-1.084526949e-05,-1.780197074e-05,1.774359027e-06,-1.031677796e-05,1.904721726e-06,-5.939353131e-06
1.055000000e+01,-5.274946995e-06,3.795071062e-06,-7.133784777e-06,1.090488678e-05,-4.943926889e-06,-2.712129470e-06,-1.510574088e-06,-3.444892847e-06,-5.530486513e-06,-7.716877118e-06,-1.770285884e-05,-6.872009347e-06
1.056000000e+01,-3.448736587e-06,-1.150732899e-05,-4.736846740e-06,1.190556958e-06,-5.950041741e-06,3.171125890e-06,2.827328592e-06,-1.035094409e-06,4.692335248e-06,-8.581117073e-07,-3.689555431e-06,-2.284798504e-06
1.057000000e+01,1.260472555e-05,-1.595282212e-06,1.310948226e-05,-2.711535417e-07,1.179216086e-05,-5.687883264e-06,-4.953454967e-06,-1.439211640e-06,4.903659642e-06,-1.110485765e-06,3.664880772e-06,6.945856113e-06
1.058000000e+01,2.119760669e-06,-9.001643382e-06,1.697820894e-06,5.418638888e-06,-5.005678021e-07,1.507138507e-06,9.114715098e-06,5.535173025e-06,7.316074152e-06,1.190102788e-05,3.088291449e-06,-2.943439184e-06
1.059000000e+01,1.205359330e-05,4.884009720e-06,1.414222660e-06,-2.697034360e-06,4.805094451e-06,1.104723266e-05,-8.842143964e-07,2.864439382e-06,-1.515439098e-06,5.752873751e-06,1.075995325e-05,2.846200989e-06
1.060000000e+01,-9.105127246e-06,4.909380316e-06,1.733568148e-06,-2.607747512e-06,-1.265217895e-05,4.059966406e-06,-2.638846810e-06,-6.327821894e-06,-7.113736489e-06,2.202846242e-06,7.742380359e-06,2.164700520e-06
1.061000000e+01,-1.003684069e-05,1.418675092e-06,-1.582750047e-05,7.502355760e-06,9.811298321e-06,8.200264601e-06,-1.023364388e-05,-6.107126773e-06,-3.867250753e-06,9.137009596e-06,-8.715376596e-06,-1.075268654e-05
1.062000000e+01,-1.522305871e-05,-6.111672255e-06,-5.923851668e-06,-1.331969446e-06,-8.209676653e-06,1.321449660e-05,-4.445103158e-06,-4.608006367e-06,1.683585178e-06,2.403260408e-06,-1.285389756e-05,-2.305365871e-06
1.063000000e+01,-5.757589078e-06,-6.752109038e-06,-1.265914012e-05,-1.043915662e-05,-1.390614403e-07,-1.180162151e-05,-2.353334073e-06,3.832151430e-06,7.808845317e-07,-1.480100111e-05,-9.927001798e-06,3.252532345e-06
1.064000000e+01,-7.525167096e-06,-7.102093544e-06,-2.159324646e-05,-1.582449732e-06,-6.228930326e-06,-1.147795063e-05,-1.273456039e-05,1.344281553e-06,-8.927312979e-06,-9.000261739e-06,-8.639625695e-06,-6.754853600e-06
1.065000000e+01,-1.719413140e-05,-6.569119131e-06,-1.018424484e-05,-7.563848371e-06,-2.557542692e-05,-1.451128017e-05,-4.448015345e-06,-1.470347102e-05,-4.738069651e-07,-1.687414307e-05,-1.540556404e-06,2.101089387e-07
1.066000000e+01,6.081996812e-06,-6.361489000e-06,-1.050787774e-05,-6.028115802e-06,-1.165388439e-05,-9.588784265e-07,5.381664269e-06,-2.013334632e-06,-5.094870066e-06,-6.188995023e-06,-6.895679606e-06,3.300077485e-06
1.067000000e+01,6.736846860e-06,-1.598462486e-06,1.048213052e-05,-1.279849720e-05,1.515597891e-06,1.893281403e-05,5.195732310e-06,1.133421642e-05,9.250333270e-06,1.328935175e-05,-5.294183053e-06,-1.653203800e-06
1.068000000e+01,3.036607377e-07,2.049868693e-05,3.785012194e-06,1.241613016e-05,3.200808269e-06,-6.413472036e-07,1.001556848e-05,-2.076487275e-06,4.965059298e-06,4.586251024e-06,1.301134717e-05,3.085429412e-06
1.069000000e+01,5.080695167e-06,1.447508326e-05,2.272223341e-05,1.077464832e-05,2.079749753e-05,-4.264382404e-06,4.871698527e-06,1.606884393e-05,6.248266429e-06,1.001325085e-05,9.539279199e-06,6.325040189e-06
1.070000000e+01,2.411534814e-07,3.283885355e-06,5.562418844e-06,3.298666371e-06,2.500917740e-06,1.693892115e-05,-1.532018415e-05,1.010928746e-05,-5.033994038e-06,2.075192033e-05,9.745318674e-06,6.002906498e-06
1.071000000e+01,7.471203401e-06,2.269311222e-06,3.014418009e-06,5.748179453e-06,1.407881472e-05,1.042515095e-05,9.394091445e-06,5.706523765e-06,1.181590488e-05,1.693759467e-05,6.244118391e-06,-3.148570507e-06
1.072000000e+01,1.506192956e-05,-9.515966586e-06,2.462290519e-06,5.297538457e-06,6.984752511e-07,-7.976876776e-06,-3.405045538e-06,-8.127200708e-06,8.963783569e-06,-4.446728626e-06,8.299321420e-06,-4.650187575e-07
1.073000000e+01,6.845598833e-06,3.054031348e-06,3.538718478e-07,-1.528231840e-06,7.989576763e-06,-2.608709834e-06,1.089710996e-05,7.717844398e-06,1.014481067e-06,9.277028914e-06,1.638166486e-06,-3.234225656e-07
1.074000000e+01,5.443568340e-06,5.164354024e-06,-2.071688259e-05,-8.672222164e-06,-7.395155102e-07,4.706004759e-06,-6.772068382e-06,-2.227310438e-06,9.927794623e-06,1.351899791e-07,-1.440783199e-07,-1.449802475e-05
1.075000000e+01,-1.215227907e-05,9.277694822e-06,2.908316728e-06,-2.451689390e-06,-1.771900517e-05,-9.057428059e-06,2.271454190e-06,8.945362286e-06,2.615070570e-06,3.306383534e-06,-2.873095186e-06,-1.233733276e-05
1.076000000e+01,-4.316418382e-06,-1.010643956e-05,-7.240581591e-06,7.436778332e-06,3.949581083e-06,-1.166632917e-05,-1.258389056e-06,-1.016137160e-05,-4.631941549e-06,-7.561956208e-06,-4.304431097e-06,3.936074817e-06
1.077000000e+01,-4.793747427e-06,5.527061506e-07,1.021712639e-05,-1.080509248e-05,-2.841774748e-06,3.861878831e-06,-7.211639229e-06,9.196537513e-06,-2.691591987e-06,-4.726686699e-06,-4.795399028e-06,-8.136976155e-06
1.078000000e+01,2.337161070e-06,6.918024167e-06,-2.133053533e-07,-3.468097722e-06,-2.004119029e-06,6.143359184e-06,5.820866990e-06,1.328496502e-05,9.064229030e-07,4.874919410e-06,-1.307362622e-05,-7.399133188e-07
1.079000000e+01,5.764297688e-06,1.035987487e-05,1.593581975e-06,9.953363814e-06,-5.760037258e-06,4.864170819e-06,1.648888457e-06,1.192927226e-05,-2.044550881e-08,1.844050717e-05,5.112607765e-06,7.337066893e-06
1.080000000e+01,5.184819625e-06,5.343530436e-06,-4.953701942e-06,2.350396721e-05,6.856223173e-06,1.496837450e-05,7.078531020e-06,3.966228540e-06,1.508374248e-05,2.674173169e-06,1.695484369e-05,5.672207614e-06
1.081000000e+01,6.426026789e-06,-1.825291545e-06,6.545286269e-06,1.550120642e-05,4.498508002e-06,-1.064510068e-05,1.367217288e-05,7.712113029e-06,6.195106119e-06,9.488242073e-06,1.044109784e-05,5.499554715e-06
1.082000000e+01,8.772073767e-06,2.743365333e-06,7.849016708e-07,1.494351655e-06,-6.230483494e-06,-8.718126259e-06,-5.755471837e-06,6.152240103e-06,-1.399621331e-06,3.593489865e-06,7.659637422e-07,1.901220548e-06
1.083000000e+01,4.767921329e-06,-2.107861050e-06,7.469427818e-06,3.937098179e-06,4.301071644e-06,3.722662951e-06,9.884225230e-06,6.679354711e-06,-2.306730693e-06,-1.868581301e-06,-1.583654452e-06,9.144863386e-06
1.084000000e+01,1.497326740e-06,-3.529502646e-06,-1.016874271e-05,3.495367519e-06,-2.237897693e-06,-1.154132115e-06,6.754507760e-06,-2.078021997e-06,-4.709265891e-06,1.857619466e-06,3.978448749e-06,-1.746773169e-06
1.085000000e+01,-4.194612497e-06,-4.293795093e-06,4.440638526e-06,-1.212785590e-05,-1.058138721e-05,4.924830983e-07,-2.068209210e-06,-4.541832093e-06,-1.146953212e-05,-8.361695089e-06,-5.580110651e-06,2.034176210e-06
1.086000000e+01,-1.133466209e-05,-5.119929200e-06,-9.868251769e-08,-1.537842701e-05,-7.344768067e-06,7.183236288e-08,-1.443087052e-06,-1.031653306e-05,1.258755675e-07,1.722819701e-06,-7.923728755e-06,-4.067498768e-06
1.087000000e+01,-1.437601213e-05,3.293855538e-06,-7.781736378e-06,-7.719971917e-06,-2.627112735e-05,-1.823967297e-05,6.891038569e-06,2.005190370e-06,-2.542576743e-06,-1.357126754e-05,-1.776032762e-05,8.488954219e-07
1.088000000e+01,-8.455606010e-06,-1.333344588e-06,-3.524900646e-06,-1.129379487e-06,-8.508023499e-06,-1.382221174e-07,-1.966534925e-05,-1.625589293e-06,-9.400238531e-06,-4.725373462e-06,-4.622958018e-07,4.660840432e-06
1.089000000e+01,-1.094671574e-05,1.454463775e-05,7.756606654e-06,-2.144758996e-07,-6.843572522e-06,2.163437188e-06,-1.703775685e-06,-1.897108499e-05,-6.245862716e-06,-8.737783198e-08,6.546155405e-06,-8.801349073e-06
1.090000000e+01,4.391162965e-06,1.646738926e-06,-6.339742731e-06,1.065128125e-05,-1.903574747e-06,-2.403315525e-06,-5.779658708e-06,1.828703029e-07,2.279494751e-06,1.126502346e-05,-5.346241463e-07,1.400055395e-06
1.091000000e+01,-6.882491758e-06,-4.683328073e-06,4.125922034e-06,3.871805007e-06,4.219440949e-06,4.709657693e-06,7.169054008e-06,3.797373901e-06,8.900706748e-06,-3.528558339e-06,-2.974386968e-06,8.286961366e-06
1.092000000e+01,2.009787510e-05,5.754035303e-06,-4.074172376e-06,3.455147697e-06,7.263768264e-06,8.057857835e-06,-2.756850683e-06,6.844403442e-06,8.361552754e-06,5.339921435e-06,-1.469446875e-06,8.126807282e-07
1.093000000e+01,1.177346213e-05,1.900818832e-06,5.185653789e-06,-5.739140739e-06,-4.485291128e-06,7.428853323e-06,4.925810855e-06,6.080578277e-06,1.164252287e-05,9.831083328e-06,7.361759143e-06,-1.433866187e-06
1.094000000e+01,-9.960261077e-06,1.219736478e-06,2.088655985e-06,7.260885002e-06,5.687360902e-07,2.817729857e-06,-1.789770960e-06,-7.981624703e-07,-4.049752030e-07,-1.963491388e-05,1.164805627e-05,-4.278291723e-06
1.095000000e+01,-8.015738810e-06,-1.758992800e-05,-1.261406061e-05,-1.133823388e-05,-1.532447992e-05,-1.179965141e-06,-4.823506861e-07,6.602942396e-06,-3.502350971e-06,-1.558290091e-05,-1.896466767e-05,-2.040110249e-06
1.096000000e+01,-1.383844558e-06,-5.843068364e-06,-4.265405870e-06,-4.016920893e-06,-1.090103216e-05,-4.558996918e-06,-1.680668057e-06,1.095628205e-06,-2.173817687e-05,-4.219627014e-06,-7.668215522e-06,3.574369949e-06
1.097000000e+01,-1.483392575e-05,-1.095449192e-05,-6.661283601e-06,-5.089610541e-06,-7.713323335e-06,4.819195454e-06,-1.288807760e-05,-1.196631262e-05,-1.346389297e-05,-1.618916752e-05,-1.035722601e-05,7.312991295e-07
1.098000000e+01,-6.522731772e-06,-1.062822485e-05,-1.116925433e-05,-3.967481863e-06,-3.713166138e-07,5.980218801e-06,-3.041597906e-06,-8.105084416e-06,7.513849416e-08,-4.268319874e-06,-8.751263612e-06,-1.609436741e-05
1.099000000e+01,-7.003965835e-06,-7.209989005e-06,-6.872551867e-06,-1.350190964e-05,2.906125658e-06,1.840423033e-06,5.208678753e-06,-6.934457635e-06,-9.366020738e-06,-1.042603885e-05,4.613720624e-06,1.332783146e-05
1.100000000e+01,5.193029551e-06,-8.987270151e-06,4.994546729e-06,2.650758438e-06,-2.379784304e-06,5.796826644e-07,-6.168378381e-06,2.108264618e-06,8.315389524e-07,5.541521916e-06,2.105219845e-06,2.053072244e-06
1.101000000e+01,-4.618500899e-06,5.565177436e-06,1.825994664e-05,1.339018821e-05,7.711583089e-06,-2.009937028e-06,6.223424631e-06,3.939978080e-06,9.848700951e-06,2.649874422e-06,-2.106175177e-06,2.093110360e-05
1.102000000e+01,-4.654323945e-06,7.562281153e-06,-4.645650789e-06,7.000361534e-06,1.499870923e-06,1.418235198e-05,1.832599227e-05,8.934381901e-06,-4.302553856e-06,4.595232713e-06,7.122528775e-06,-4.006940334e-08
1.103000000e+01,1.331832989e-05,3.566775630e-06,1.655546206e-05,4.088503559e-06,1.336414034e-05,1.100134129e-06,4.860305485e-06,7.859591720e-06,-2.672920805e-07,1.827286477e-05,1.044935835e-05,2.705458549e-05
1.104000000e+01,-6.800452717e-06,2.558963132e-06,1.229005224e-05,2.494083823e-05,2.313816228e-05,4.742126328e-06,6.886271945e-06,-4.635488666e-06,7.969799510e-06,-2.286018137e-06,1.368977096e-05,-3.175400867e-06
1.105000000e+01,2.236618835e-05,5.367756775e-06,-3.877898125e-06,1.850302171e-05,4.069079139e-06,-1.349554510e-05,2.085893144e-06,1.078427311e-05,4.018516684e-06,8.615366424e-06,1.297982185e-05,8.144981272e-06
1.106000000e+01,-6.229728923e-06,-1.203391185e-05,-3.282203150e-06,-3.261571309e-06,-9.157521995e-06,-6.210839785e-06,3.372062637e-06,7.609637913e-06,-9.289680870e-06,1.199562523e-06,6.261810640e-06,-5.266789870e-06
1.107000000e+01,2.505853704e-06,-7.112537855e-06,-1.169054904e-05,-4.290915310e-06,-5.813444742e-06,2.410518819e-06,6.492659905e-06,-1.101510177e-05,5.455644821e-06,-3.314682400e-08,-4.441737586e-06,1.405523074e-05
1.108000000e+01,1.279258048e-05,7.489456683e-06,-1.110536137e-05,-1.260615783e-05,-9.555661707e-06,1.557691884e-06,-3.646894623e-06,1.184820813e-05,2.858718304e-06,-1.065138045e-05,-5.293640837e-06,-1.284182866e-06
1.109000000e+01,-4.200909942e-06,-1.307743878e-05,5.915358857e-06,7.032161161e-06,7.775274354e-06,-5.039033145e-06,8.773856581e-06,4.264352305e-07,-5.954733305e-06,-4.797054012e-06,1.335284142e-06,-1.012725808e-05
1.110000000e+01,-8.755871186e-06,-4.674099660e-06,8.302071925e-06,7.655119756e-07,7.635862394e-06,4.825017476e-06,-3.039156958e-06,-6.239564775e-07,3.696155144e-06,-1.075407008e-06,2.587130259e-06,7.326294524e-06
1.111000000e+01,7.374095355e-06,1.097878671e-06,-4.887397188e-06,-2.690747218e-06,7.701668128e-06,-1.392608743e-05,6.890325651e-06,-6.043182099e-06,5.411433321e-07,-2.676201434e-06,-5.663398012e-06,5.164086290e-06
1.112000000e+01,9.629094567e-07,7.219892740e-06,-6.616624685e-08,1.235037395e-05,-7.054110438e-07,7.972008393e-06,2.056972561e-06,1.619638974e-05,-1.364447215e-06,7.631544321e-06,5.643168976e-07,1.158319787e-05
1.113000000e+01,8.612445414e-06,-6.524108144e-07,3.409216346e-06,9.351937440e-06,9.746676848e-06,8.929584589e-06,9.215648327e-07,1.219307000e-05,1.176235687e-05,-7.631424460e-06,1.039425739e-06,1.185283158e-05
1.114000000e+01,9.162501095e-07,8.314520305e-06,6.030008532e-06,4.147170925e-06,8.981928712e-06,3.712801484e-06,8.865151967e-06,1.822975955e-06,-1.305596574e-06,1.467230441e-05,1.457010161e-05,-1.775244238e-06
1.115000000e+01,8.029400148e-06,1.620696173e-05,2.410722100e-06,2.416242152e-06,-1.315405296e-05,5.587143948e-06,9.928254556e-06,1.048385061e-05,8.142428479e-06,-2.636916657e-06,3.821300232e-06,1.417960201e-05
1.116000000e+01,-1.304894770e-05,2.258581978e-06,1.960599957e-06,5.035739078e-06,2.994444769e-06,2.154077426e-06,-3.019229759e-06,1.054096830e-05,6.848573536e-06,3.902165210e-06,5.743121764e-06,-8.855936975e-06
1.117000000e+01,7.617349188e-06,1.821206234e-06,-7.292120700e-06,-9.819293505e-06,-3.997097871e-06,7.640779211e-06,3.624763831e-06,-2.725672016e-06,-8.539653564e-06,-2.644531118e-06,2.404456747e-06,1.308004086e-05
1.118000000e+01,4.147185347e-06,7.805540215e-07,-5.177791781e-06,-2.873664029e-06,2.259341565e-07,5.876446917e-06,-1.377486750e-05,-1.381690225e-05,-2.502876729e-06,-1.085360356e-05,-7.955271387e-06,-1.437342522e-06
1.119000000e+01,-9.254290615e-06,-3.847734931e-06,-7.675685615e-06,-6.837722723e-06,1.546188375e-06,1.938433782e-07,-1.363481824e-05,-7.247493890e-06,8.962298438e-07,-1.529192023e-05,-4.626864004e-06,9.811248602e-06
1.120000000e+01,-5.437312601e-06,-1.556440757e-05,-1.188217455e-05,-1.694388000e-05,-1.042163071e-05,-1.094081396e-05,-8.570993119e-06,-7.802044965e-06,-4.347952539e-06,-1.825515565e-05,-2.742039814e-07,4.888880220e-07
1.121000000e+01,-1.692908275e-05,-7.355792818e-07,-9.308040034e-06,-7.366499088e-06,-1.290231006e-06,-1.385416094e-05,-4.713283512e-06,6.987030068e-06,-6.059960065e-06,1.547391356e-06,-3.708753514e-06,8.968576158e-07
1.122000000e+01,-6.143263718e-06,-3.076843584e-06,-6.193989770e-06,-3.776993316e-06,-1.816525980e-05,-9.478774728e-07,4.682001741e-06,-1.244140382e-05,-2.440077918e-06,-4.765900248e-07,-7.052535216e-06,9.943039266e-06
1.123000000e+01,-9.575611967e-06,8.281037469e-06,1.006758699e-05,-1.085731726e-05,3.227524464e-07,7.599402012e-07,1.150365164e-05,4.776077380e-06,-3.498835759e-06,-1.870806765e-06,1.688228533e-06,-3.393220884e-08
1.124000000e+01,-1.391511143e-06,1.063444459e-05,-1.332260742e-05,6.705085249e-07,1.737258420e-08,1.893456734e-06,4.140780300e-06,5.810817605e-07,3.027086165e-06,3.655267736e-06,-2.567075565e-06,4.051935986e-06
1.125000000e+01,2.335197518e-05,-3.743072594e-06,-4.081578433e-06,2.360194760e-06,-1.276130262e-06,-8.030464225e-06,-3.749157541e-06,1.782495330e-05,-8.426340834e-06,8.872219504e-07,5.607081363e-06,-3.315863222e-07
1.126000000e+01,-2.419143904e-07,-2.464523125e-07,1.012763022e-05,-7.874279816e-06,5.511369670e-07,-4.245598120e-06,-4.694706174e-06,-1.409090009e-06,5.054836223e-06,7.959788895e-06,5.571157834e-06,-9.066805610e-06
1.127000000e+01,-1.591508891e-05,-7.610981071e-06,-1.567914297e-06,-7.856614893e-06,-6.667968933e-06,-3.681289006e-06,1.004971995e-06,-1.829134521e-06,-1.093794704e-06,-2.433153233e-06,-8.743534227e-06,2.684765588e-06
1.128000000e+01,-1.816933332e-05,-1.104968699e-05,-1.254963008e-05,1.081158067e-06,-1.802885874e-05,-2.898820621e-06,-1.762022228e-06,-1.484816657e-05,6.112544353e-06,-1.180916479e-05,-1.259028201e-06,7.215326510e-06
1.129000000e+01,7.807428135e-07,-1.826299616e-06,-4.947063985e-06,-1.381038543e-06,1.219359862e-06,-9.111588213e-06,7.638669725e-06,-2.344522439e-05,-4.015745750e-06,-1.717070199e-05,-2.642990491e-06,-1.146950250e-05
1.130000000e+01,-5.854645824e-06,-8.731067665e-06,-1.359802640e-05,9.193851110e-06,-1.959935264e-05,-2.266569311e-06,2.480433448e-06,-1.215462794e-05,-7.246169705e-06,-1.369089795e-05,-5.561481597e-06,-1.938102458e-05
1.131000000e+01,1.844713546e-06,-4.690334170e-06,-1.028904169e-05,2.266948728e-06,-1.444334822e-05,-8.062461925e-06,-7.577241840e-06,-1.336750900e-05,-1.586479566e-06,1.203210241e-05,-1.712220728e-05,-3.858276192e-06
1.132000000e+01,-1.882288400e-05,1.043654906e-05,-5.630924668e-06,1.142624903e-06,-7.073357644e-06,-6.523162826e-06,4.382430154e-06,-5.503394073e-06,-7.487641772e-06,3.593111515e-06,-3.766094380e-06,-2.758509262e-06
1.133000000e+01,-7.540535248e-06,9.218015396e-06,2.386894635e-06,-6.126403322e-06,-4.072409307e-06,-1.749727927e-06,-4.939624577e-06,7.103228026e-06,3.837483398e-09,-1.347543509e-06,1.426580839e-06,1.115104007e-05
1.134000000e+01,3.428528136e-06,9.029401027e-06,3.253333832e-06,9.829914381e-06,6.853073799e-06,4.600246210e-06,1.147488743e-05,-4.026749814e-06,-5.359920724e-06,3.135087401e-06,-3.241943715e-07,-4.249087467e-06
1.135000000e+01,9.467375794e-06,2.846288722e-06,2.517309144e-06,1.972624315e-05,1.054355054e-06,5.935854756e-06,9.165135314e-06,5.516614740e-06,-7.727205975e-06,-2.851222351e-06,1.523212534e-05,-1.535491689e-06
1.136000000e+01,5.942103817e-06,1.233396842e-05,4.433280060e-06,3.336607618e-06,2.044070859e-06,2.857280699e-06,1.074980081e-05,1.482194515e-05,4.544934630e-06,1.658785524e-05,2.286514773e-05,4.441213677e-06
1.137000000e+01,2.507224945e-06,2.101361684e-06,6.435582485e-06,3.979201282e-06,-6.506377848e-06,1.162780625e-05,1.654655127e-05,8.161504675e-06,1.202173142e-05,8.209348580e-06,7.031725826e-06,7.783661206e-06
1.138000000e+01,6.636259479e-06,7.087903066e-06,8.652342039e-06,1.531705647e-05,-8.671570093e-06,-3.237564086e-06,-3.177566678e-06,-1.294904107e-05,7.512272968e-06,5.680055601e-06,1.173819757e-05,9.483690301e-06
1.139000000e+01,-9.682843406e-06,2.885779449e-06,-1.136033104e-05,-3.986172330e-07,1.651665858e-06,3.095518665e-06,-4.666456887e-06,-1.615875714e-06,6.764087581e-06,1.068510896e-06,-6.225573858e-06,-8.747453665e-07
1.140000000e+01,1.378270397e-06,8.238852535e-06,-1.389268140e-05,-1.164051728e-05,6.237005373e-06,6.898608837e-06,4.754815770e-06,-7.500518857e-06,5.782554899e-06,1.126742053e-05,1.204225353e-05,9.840940265e-06
1.141000000e+01,-5.283262808e-06,-1.043760274e-05,-1.073387334e-05,6.864888346e-06,-7.596102952e-06,5.838323038e-06,-1.314080798e-05,5.028909050e-06,4.792354776e-06,-1.231866938e-05,-1.001451888e-06,7.724254810e-06
1.142000000e+01,-1.064193565e-05,-2.595954180e-06,-6.413147918e-06,5.840269217e-06,3.216812430e-06,1.204488540e-06,-6.747795324e-06,3.753243565e-06,-9.187938872e-06,-1.250696581e-05,3.032006936e-06,2.149769377e-06
1.143000000e+01,-8.979500986e-06,-8.364711643e-06,-2.385648330e-06,-9.555175055e-06,-1.102791497e-05,2.387350126e-07,4.303576575e-06,-5.102714365e-07,6.489501054e-06,3.129146880e-06,-9.892352933e-06,8.377442145e-06
1.144000000e+01,6.505283173e-06,2.089586443e-06,1.704649973e-05,7.565268602e-06,-2.261729220e-06,-3.633064702e-06,-3.695051544e-06,-2.001698953e-06,3.134196914e-07,8.813621552e-06,-9.003515210e-06,2.855009998e-06
1.145000000e+01,-1.211286560e-06,8.428446753e-06,1.537310310e-05,1.012202238e-05,7.395334635e-06,-1.151895811e-05,-6.974529640e-06,1.278431925e-05,-3.486611057e-07,8.379517313e-06,4.098664436e-06,5.709385077e-06
1.146000000e+01,2.976103910e-06,-2.959655465e-06,2.023403576e-05,6.638803115e-06,-1.442478642e-08,3.685381468e-06,1.083221236e-05,4.007941139e-06,6.053823467e-06,1.341390389e-05,-1.040552420e-07,1.350876488e-05
1.147000000e+01,7.248445270e-06,7.358974648e-06,1.571363490e-06,1.807937476e-05,1.344117622e-05,-1.028173391e-06,1.422264978e-05,3.340420922e-06,1.644593381e-05,1.009020857e-05,-4.341559830e-07,3.239451868e-06
1.148000000e+01,1.472611899e-05,2.655896193e-06,1.258834069e-05,9.021536925e-06,-8.286127282e-06,5.798847767e-06,1.280753893e-05,1.011475484e-05,-3.642141062e-06,1.165922071e-06,1.000252069e-05,1.721081180e-05
1.149000000e+01,6.960947249e-06,-8.529919431e-06,-7.670693310e-06,-2.263975138e-06,-2.433675212e-06,-1.550234682e-06,2.463571211e-06,-1.625846604e-05,1.949351313e-05,5.185977833e-06,-8.157844589e-06,1.638561596e-05
1.150000000e+01,-1.170546855e-05,-3.418037402e-06,-1.947520056e-06,6.152994014e-06,1.772924421e-05,5.460297855e-07,-4.859684395e-06,1.020704337e-05,-6.969240737e-07,4.228767899e-06,-2.164436822e-06,4.592595219e-07
1.151000000e+01,-4.645239631e-06,2.371336880e-07,-2.940767504e-06,-5.590603140e-06,-9.596212880e-06,1.951348554e-08,9.378083509e-07,-8.770564214e-06,-4.917070358e-06,-1.068079925e-05,-6.603471302e-06,5.740975247e-06
1.152000000e+01,-6.582130118e-06,-7.967946729e-06,-1.173359039e-06,-4.245030870e-06,-2.848975198e-06,3.859090098e-06,-3.395285358e-06,-1.857238480e-06,-8.800064259e-07,-3.064511450e-06,-1.021618171e-05,-8.787258025e-06
1.153000000e+01,-1.971270382e-06,-2.714202090e-07,-1.512027076e-05,-8.349909848e-06,7.128517114e-06,4.601682714e-06,-4.126664636e-06,-4.560902707e-06,-1.712920166e-05,-1.214951653e-06,-1.036579093e-05,5.619214886e-06
1.154000000e+01,-4.444019298e-06,1.332339419e-06,-4.994051442e-06,-6.178333952e-06,-6.560782922e-07,-3.053860862e-06,-4.726250026e-06,-8.546953372e-06,-8.291306150e-06,-9.058351795e-06,-6.566098338e-06,-5.835461914e-07
1.155000000e+01,1.044688740e-06,7.387592977e-06,-1.066702359e-05,-6.413477436e-06,-4.494826956e-06,-9.010085917e-06,2.374935581e-06,8.704274118e-07,-5.153133725e-06,8.299250447e-07,-1.069374003e-05,-8.122064188e-06
1.156000000e+01,-1.495191094e-06,4.067047378e-06,-1.045562650e-06,-6.224090083e-06,3.621789545e-06,1.652426384e-06,-6.778097541e-06,-1.386408320e-05,4.980431643e-06,2.320425486e-07,-7.489509567e-06,-1.282380308e-05
1.157000000e+01,1.094315605e-05,5.472760283e-06,4.090386131e-07,-4.862473599e-06,8.945070363e-07,-5.796314253e-06,1.388713650e-05,1.155386698e-05,8.580730322e-06,1.101449758e-05,-7.406176407e-07,-3.269764649e-06
1.158000000e+01,2.750457056e-06,-1.187441090e-05,1.706378639e-06,-6.543198455e-06,6.459316538e-06,-5.421818110e-06,4.523415750e-06,1.984120371e-05,3.430590523e-06,-9.546981879e-07,1.371696294e-06,-7.699860324e-06
1.159000000e+01,-7.587661967e-06,2.721127771e-06,-1.050827273e-05,-2.561223135e-06,4.789058737e-06,1.019774427e-06,-5.562447882e-06,2.184714589e-06,-3.105596972e-06,1.413053166e-06,1.451347912e-05,5.565697357e-06
1.160000000e+01,1.506495786e-05,1.330210506e-05,-5.570829104e-06,-8.997759007e-06,3.084697925e-07,-4.442079428e-06,1.679621257e-05,-6.192330750e-06,-9.389843619e-06,-1.452373017e-06,-6.056199957e-06,-2.971935331e-06
1.161000000e+01,-2.722464226e-06,-1.072639351e-05,-1.201058567e-05,-2.808942076e-06,-1.709802183e-05,-4.137066006e-06,-2.187858542e-06,-9.174483877e-06,-8.617746653e-06,-1.161298694e-05,-1.051024691e-05,-4.243877266e-06
1.162000000e+01,-1.880121221e-05,-8.278989538e-06,4.088484737e-07,6.027789807e-06,-1.496732652e-05,-6.149750978e-06,9.856617364e-06,-1.137037051e-05,-8.054031469e-06,-1.680993419e-06,-1.265748415e-05,-3.303420641e-06
1.163000000e+01,-1.061423859e-05,8.918207147e-08,-1.020728789e-06,-3.717593118e-06,-3.120231253e-07,-8.596517799e-07,5.819414243e-06,-7.865838471e-06,-1.433830215e-05,-4.573789326e-06,-1.250649984e-05,8.018888445e-06
1.164000000e+01,-3.632078790e-06,-2.944047678e-06,8.519594497e-06,2.294471177e-07,-3.332004753e-06,4.009973885e-06,-8.894214423e-06,-7.912252740e-06,1.673201483e-06,7.410816638e-06,-2.068249106e-06,-1.729899817e-05
1.165000000e+01,-1.499114545e-05,-3.169866162e-06,-8.240067694e-06,-4.589481697e-07,-7.142862169e-06,-4.528267883e-07,-2.339187891e-05,-5.382005927e-06,-7.516141114e-06,-5.631662402e-06,-1.318192500e-05,1.068164914e-05
1.166000000e+01,-2.922260827e-06,-7.687132806e-06,5.315961341e-06,-6.877586705e-06,-9.100466473e-07,5.290381790e-06,1.187907745e-05,-2.229720510e-06,-1.576473196e-06,-1.051888950e-06,-9.440557679e-06,-7.383001452e-06
1.167000000e+01,8.396837663e-07,4.203742410e-06,6.381294050e-06,-1.140794727e-06,-2.728814802e-06,9.751549504e-06,-1.087749900e-05,1.180157215e-05,-4.141575231e-06,7.166583487e-07,4.220624904e-06,1.416311106e-05
1.168000000e+01,2.789371268e-06,2.251211378e-07,6.491800232e-06,-9.527200087e-07,1.015059308e-06,1.759702395e-05,8.404407738e-06,5.036334030e-07,6.476447377e-07,8.933311335e-06,1.127301242e-05,1.161251993e-05
1.169000000e+01,1.564656338e-06,2.002999783e-06,6.764836681e-06,1.025041481e-05,1.173517870e-05,1.335467988e-05,1.067143232e-05,3.359249807e-06,3.106582168e-06,9.994470455e-06,3.074924578e-06,7.978454368e-06
1.170000000e+01,1.110776214e-05,6.077601335e-06,1.565745245e-05,-3.060208012e-06,1.489380602e-05,1.175322236e-05,2.720994501e-06,1.759307320e-05,1.121963525e-05,1.171350096e-05,8.242179883e-07,6.997352204e-06
1.171000000e+01,4.446231512e-06,9.778229310e-06,-3.785779506e-06,4.506510622e-06,1.100970132e-05,4.717152144e-06,1.164308816e-05,4.950048343e-07,-1.858092327e-06,-5.565474809e-06,3.530872004e-06,6.803695336e-06
1.172000000e+01,1.792823547e-06,8.551542562e-07,2.369475283e-06,1.991415027e-06,2.662342421e-06,1.094853951e-05,7.304011420e-06,6.322223727e-06,2.215446273e-06,-5.446790224e-07,1.132227792e-05,-4.220407724e-07
1.173000000e+01,-4.095198084e-06,1.865673250e-06,3.888846311e-06,2.129298950e-06,1.147405908e-05,-6.237726902e-06,4.678904849e-07,-2.470593900e-06,1.523778234e-05,3.468106130e-06,3.087352848e-06,-3.175295996e-06
1.174000000e+01,1.488821527e-06,-8.284548459e-06,4.064367337e-06,8.856276590e-06,5.234764526e-07,-2.044540736e-06,-3.819690587e-06,1.233296880e-05,2.295661607e-06,-1.082985760e-05,-5.515887263e-06,4.551606825e-06
1.175000000e+01,-7.123069072e-06,-7.323831732e-06,-2.432316224e-06,-1.477375358e-05,-8.937571438e-06,2.420295654e-06,-4.411209269e-06,-2.862506339e-06,6.069159758e-06,-2.429027608e-06,4.729466467e-06,-1.249442021e-05
1.176000000e+01,-4.399579664e-06,-3.595118580e-06,6.581167779e-06,9.850746586e-07,2.192855182e-06,8.273801022e-06,7.329823028e-06,6.822125001e-06,1.118856381e-05,1.866073600e-06,-1.608565386e-06,-6.942540492e-06
1.177000000e+01,6.118070674e-06,4.637157693e-06,4.411475755e-06,4.831624972e-06,8.919169584e-07,-1.645180226e-05,4.204522919e-06,-9.741247880e-07,-6.728824429e-06,9.761566326e-06,6.414122782e-06,-6.872253194e-07
1.178000000e+01,-6.137675842e-06,-7.997082395e-07,8.799704862e-07,4.792529923e-06,1.146395529e-05,1.277822380e-05,1.501346485e-05,1.478557388e-05,-9.443698748e-06,-5.214933463e-06,-3.941369738e-06,-1.308984688e-06
1.179000000e+01,1.073688817e-05,1.017749353e-07,-1.180757836e-06,2.829162610e-06,4.054688054e-06,1.236098010e-05,1.031828112e-05,4.520717869e-06,-4.178823854e-06,7.882290659e-06,1.018183568e-06,-1.311248307e-06
1.180000000e+01,1.314768957e-05,9.754320381e-06,1.039846701e-05,4.658603826e-06,-8.486114214e-06,1.384687888e-05,3.989289993e-06,2.348405696e-06,-2.525199322e-06,7.636068738e-07,4.754981416e-06,3.240896949e-06
1.181000000e+01,1.333271710e-05,3.966235748e-06,1.406146993e-05,7.447326415e-06,-2.889864115e-07,1.507168949e-05,6.652762858e-06,6.938206942e-06,6.116537731e-06,7.094637795e-06,2.520793482e-06,2.333994429e-06
1.182000000e+01,-2.219151945e-06,3.379861846e-06,-6.942622860e-06,-4.121475048e-06,4.985691268e-06,4.883389340e-08,1.438821866e-06,3.020792362e-06,1.389541340e-07,4.466237847e-06,1.384888383e-05,3.912594164e-06
1.183000000e+01,-5.982778330e-06,-3.995656291e-06,-3.478313789e-06,-2.549300168e-06,-1.189156561e-05,2.437633807e-06,5.946849702e-06,-4.886661176e-06,-2.559821610e-06,4.636112247e-06,2.608762813e-06,3.150649131e-06
1.184000000e+01,-3.265782751e-07,-4.821042775e-06,-5.233135860e-06,-8.763679183e-06,-7.197837991e-06,-1.200813265e-05,-1.060562881e-05,-1.888783468e-06,-1.311768875e-05,-3.382703175e-07,-5.434096466e-06,2.839205754e-06
1.185000000e+01,-6.918387645e-06,-1.998425978e-06,8.689012228e-06,4.401846247e-06,-1.007775285e-05,-1.448807179e-05,-2.824315932e-06,-8.226702187e-06,-1.433453652e-05,-4.351120690e-07,3.243054151e-06,-2.866983654e-05
1.186000000e+01,-7.432417607e-06,-7.722495734e-06,2.061151427e-06,4.898184605e-06,-4.009767084e-06,8.803654424e-06,-1.081977386e-05,-5.489056981e-06,-7.315090838e-06,-1.001823078e-05,-1.191490947e-05,-1.771408739e-05
1.187000000e+01,5.889173262e-06,-1.309051228e-05,-1.199468693e-05,2.492502881e-06,-1.073906889e-05,-1.582789037e-05,-3.604880052e-06,-1.636506673e-05,-5.342596595e-06,-1.148824161e-06,7.366476355e-06,-1.688212211e-05
1.188000000e+01,-1.523777397e-06,-9.927471801e-06,-5.570595556e-06,8.048808437e-06,-7.777854129e-06,-1.116363768e-07,-7.875157312e-06,-1.231803322e-05,-8.065727451e-06,-5.852574545e-06,-2.484536857e-05,-9.303473374e-08
1.189000000e+01,1.591838372e-05,3.666085019e-06,-6.803757443e-06,-9.100956712e-06,-2.045477736e-05,-8.716170686e-06,-4.056676183e-06,-9.182523324e-06,1.170144313e-06,1.748317659e-07,1.293287396e-05,-4.881798666e-06
1.190000000e+01,1.164779149e-05,-6.053227771e-06,8.890276034e-06,5.277913042e-06,-8.839522143e-06,1.999248145e-06,1.727628633e-05,-3.856397735e-06,6.771313527e-06,-8.364107622e-06,-3.532441581e-06,-1.529539285e-06
1.191000000e+01,8.330699186e-06,9.196716008e-06,1.253859413e-06,-5.315606662e-06,7.945910637e-06,2.939544852e-06,8.665448863e-07,9.254909078e-06,-1.556399506e-06,1.363195442e-06,5.507940727e-06,-2.293877496e-06
1.192000000e+01,3.195390720e-06,-1.176572070e-06,7.529935199e-06,3.058209665e-06,3.388648646e-06,2.500008663e-06,1.039490080e-05,-1.806543918e-06,4.756017427e-06,1.097937262e-05,-1.873799722e-05,-2.167024112e-06
1.193000000e+01,7.466889625e-06,-9.932094643e-07,1.864429763e-06,3.979556068e-06,-1.321635262e-06,-2.705207359e-06,3.358857770e-06,-1.610697711e-07,-1.205567652e-05,8.461868400e-06,-9.016436561e-07,-5.789864653e-06
1.194000000e+01,-7.521402911e-07,-2.090291699e-06,-1.459053711e-05,-1.232770922e-06,-5.754913407e-06,-6.410583213e-06,-5.679941990e-06,6.197037657e-07,1.876785869e-06,6.939706811e-06,-2.876646129e-06,2.201810286e-06
1.195000000e+01,-8.099118250e-06,-8.087927084e-06,1.293949396e-05,-1.020215676e-05,-1.321408288e-05,-7.622636762e-06,-1.036759467e-05,-8.382445296e-06,1.877139219e-06,-3.374868384e-06,-7.237675869e-06,7.648202543e-06
1.196000000e+01,-1.014823109e-05,-1.470200490e-05,-1.200836512e-05,-1.879266151e-05,-8.466964806e-06,9.817445108e-06,-1.131422164e-05,-5.337293214e-06,-1.205427376e-05,-2.125073074e-07,-1.207785379e-05,-3.483694362e-06
1.197000000e+01,-1.131294485e-05,5.276786005e-08,1.541188251e-06,7.780449269e-06,-8.394619975e-06,-4.788370141e-06,-1.247817011e-05,-1.332650637e-06,-3.705065910e-06,-6.502787520e-06,-1.229524923e-05,-9.462532403e-06
1.198000000e+01,1.045430563e-06,-6.408687250e-06,2.200663815e-06,6.663363893e-06,-3.868113586e-06,-1.403690448e-05,-8.173725248e-06,-3.358379273e-06,5.774698161e-06,-7.042120715e-06,-6.251549774e-06,-2.238432233e-06
1.199000000e+01,-5.142777173e-06,-6.247227039e-06,9.236191698e-06,-3.146924665e-06,2.220717546e-06,-1.922119194e-05,-9.435866327e-06,-1.078276385e-05,3.541564342e-06,3.327561127e-06,1.700442297e-05,-1.208132649e-05
1.200000000e+01,-4.210739730e-06,-2.878618047e-06,-5.816151044e-06,4.490422545e-06,6.069291201e-06,2.658406016e-06,-2.247231342e-06,-7.175748337e-06,2.965911379e-06,8.415273918e-06,-8.549370519e-06,1.473304921e-05
1.201000000e+01,4.043584915e-06,-3.895984654e-06,3.821966155e-06,-8.823646151e-06,4.469220997e-06,-6.072977735e-07,1.659249891e-05,-1.794681737e-06,-7.644115373e-06,-1.225075888e-06,1.006120102e-05,8.202929116e-06
1.202000000e+01,5.240438805e-06,-3.661873090e-06,9.214114269e-06,5.941375843e-06,1.376152355e-05,-1.166331343e-05,1.811119341e-05,1.073841159e-05,6.369237271e-06,-2.842390702e-06,9.686450766e-06,5.736711387e-06
1.203000000e+01,6.830197424e-06,1.881741822e-05,7.125825399e-06,2.642353718e-07,4.771935933e-06,-6.528722718e-06,1.341882185e-05,1.264535516e-05,-3.081385049e-06,8.469191688e-07,-7.133739698e-06,7.201979868e-06
1.204000000e+01,7.660787448e-06,1.241121508e-05,1.095067559e-05,6.000499576e-06,9.337156264e-06,4.376133397e-06,-9.400718513e-06,1.013737766e-05,2.119791478e-06,1.499232918e-05,1.547580624e-05,1.915748875e-05
1.205000000e+01,-4.248852716e-06,4.441364883e-06,6.647221305e-06,6.716377092e-06,-1.200456716e-05,3.514142202e-06,1.821013432e-06,9.326732422e-06,-4.412147481e-06,-4.201071730e-06,4.970008622e-06,1.002626179e-06
1.206000000e+01,2.353310168e-08,-1.239367199e-05,-9.223447391e-07,3.917802091e-06,5.303229407e-06,7.471206135e-06,6.404153555e-06,-5.504270855e-06,2.287546187e-05,5.718675874e-06,3.905934629e-06,1.076189815e-05
1.207000000e+01,-7.764406463e-06,9.573617054e-06,-7.825582976e-06,-3.292228982e-06,9.368342536e-06,2.735406795e-06,6.451911187e-07,-7.643839932e-06,-9.338388077e-07,-4.452447720e-06,1.622553638e-05,-1.161761747e-05
1.208000000e+01,-1.727835397e-06,3.447882769e-06,2.872285141e-06,-4.040350940e-06,-4.482716881e-06,4.020211833e-06,3.349637463e-06,-8.992330454e-06,6.308165483e-06,1.432288086e-05,-5.165570167e-06,3.540420552e-06
1.209000000e+01,-5.030083292e-06,2.497968769e-06,-2.560035654e-06,4.338325047e-06,-6.547116696e-06,-1.017326400e-06,-1.790366125e-06,-5.715399200e-06,4.756308838e-07,-1.201480363e-05,-5.988282310e-06,5.022742129e-06
1.210000000e+01,4.323733348e-07,2.715238675e-06,-1.426813549e-06,-4.486518318e-06,-5.212985338e-07,6.618285994e-06,-3.732785331e-06,9.186896565e-08,2.828983029e-06,-7.038926621e-06,-3.108119747e-06,4.902636466e-06
1.211000000e+01,6.021282671e-06,1.521829999e-06,4.211602686e-06,1.568705514e-06,-7.809098135e-07,5.453072606e-06,3.964982661e-07,1.716951172e-06,7.973004700e-07,-1.612598327e-06,4.818301272e-07,3.424913349e-06
1.212000000e+01,-2.957387603e-06,5.265837162e-06,2.355179248e-06,1.575319146e-06,1.880044848e-05,-7.217631177e-07,-1.033432845e-06,3.318904229e-06,6.018103183e-06,8.700771487e-06,3.027372244e-06,5.345061037e-06
1.213000000e+01,1.276488341e-05,-5.659522481e-06,-7.919175786e-06,-7.298679199e-06,1.341947206e-05,1.228313463e-05,1.193313225e-05,6.266492145e-06,3.962973978e-06,1.078986818e-05,7.095112773e-06,1.058653108e-05
1.214000000e+01,2.439561613e-05,-2.205597954e-06,2.856626708e-06,-1.302357652e-06,-4.338132047e-06,3.752142570e-06,9.436781834e-06,4.784905094e-06,-8.513472403e-07,4.415188619e-06,5.053663782e-06,1.439697756e-05
1.215000000e+01,2.231107329e-05,-8.004406147e-07,1.526011972e-06,5.975682831e-06,-2.411710247e-06,-4.211282691e-06,-6.844903119e-06,-3.106828172e-06,6.419354910e-06,-2.129904826e-06,-2.355520829e-06,-2.811244626e-07
1.216000000e+01,-1.987776928e-06,7.861526362e-06,3.462521098e-06,-5.468634784e-07,-3.904900428e-06,-3.281865739e-06,6.583570036e-06,-1.168387671e-05,1.406650961e-05,3.526175334e-06,7.997694853e-06,1.186777951e-05
1.217000000e+01,-6.970459201e-06,-1.476714615e-06,-9.666502521e-07,6.416554553e-07,3.950310762e-07,-1.026221138e-05,3.968141653e-06,1.899037578e-05,6.911567329e-07,2.994819151e-06,3.526930425e-06,-1.880908884e-06
1.218000000e+01,-1.737741819e-05,5.464227243e-06,5.824095943e-06,-1.909925614e-06,4.136632851e-06,2.100618411e-06,-8.133776312e-06,-1.296822730e-05,-1.268618417e-05,-1.537812328e-05,-5.685017722e-06,-1.024151092e-05
1.219000000e+01,-7.919548710e-06,-1.089114544e-05,-2.890721706e-06,-2.590372174e-06,-1.085414333e-05,-1.698306342e-05,2.932248711e-06,-4.466692523e-06,4.798240348e-06,-2.702191797e-05,-2.241390555e-06,-6.367345592e-06
1.220000000e+01,-1.682814047e-05,-5.166977236e-06,-4.470537510e-06,1.629985812e-07,2.463891143e-06,3.371994477e-06,-1.626503474e-05,-1.169142137e-05,-9.911468904e-06,-2.773149427e-06,-6.735928669e-06,9.407721198e-08
1.221000000e+01,-1.073180291e-05,-1.563615789e-05,3.056337808e-06,8.713235277e-06,-9.959502323e-06,-2.652823296e-06,-7.426781573e-06,4.375195077e-06,-6.616525066e-07,-9.492682112e-06,-4.011070940e-06,-4.445197885e-06
1.222000000e+01,5.186829243e-07,-1.403850582e-05,-1.983997730e-06,-1.382067461e-05,-1.608414065e-05,-1.045360567e-05,-2.687496368e-06,-9.260965200e-06,-9.024553271e-06,3.476455215e-06,3.520917386e-06,-1.202949385e-05
1.223000000e+01,-4.041015628e-06,-1.607189918e-05,-1.741566469e-05,4.028135865e-06,1.576640413e-05,-8.386651850e-06,8.578760473e-06,1.088072671e-05,3.838653932e-06,1.461944171e-06,6.977168894e-06,-1.492504810e-06
1.224000000e+01,-6.285683417e-06,1.842613474e-06,3.096733605e-07,-1.060509570e-05,-9.217000678e-06,4.548891823e-06,-3.302892439e-06,5.217152237e-06,4.156476223e-06,1.814329532e-06,-6.392538149e-06,1.095966149e-05
1.225000000e+01,1.012137173e-05,7.126985138e-07,3.368103569e-06,2.958761796e-06,6.694529720e-06,4.773470286e-07,1.094196209e-05,2.211443188e-06,4.237113327e-06,9.886143397e-06,-4.316555896e-06,4.457833913e-06
1.226000000e+01,-2.438556246e-06,-1.320418912e-05,8.500474824e-06,3.915118186e-07,-2.085781527e-06,1.920614164e-05,7.938127422e-06,1.213012363e-06,-2.271653418e-06,3.958248931e-06,4.004679868e-06,7.167469901e-06
1.227000000e+01,-1.148566916e-05,9.696483431e-06,-2.529575811e-06,-1.433831138e-05,4.957923141e-06,-2.805437527e-06,-2.358347812e-06,1.157320735e-06,-6.002951395e-06,1.966766424e-06,-2.976587653e-06,-7.783829434e-07
1.228000000e+01,-1.275309617e-05,-9.766970976e-06,-1.492454251e-05,2.097300218e-06,-9.789508220e-06,-3.059818330e-06,3.481094432e-06,-4.331590486e-06,-7.422469817e-06,1.244513609e-05,-2.758738382e-06,2.604234706e-06
1.229000000e+01,-1.067676311e-05,-7.869480811e-06,1.730548228e-06,-5.636725638e-07,2.776087022e-06,-6.444083099e-06,-1.088027617e-05,-6.753713240e-06,-9.734644483e-07,-2.498995107e-06,-1.636170675e-05,6.408114648e-06
1.230000000e+01,5.788227569e-06,-7.632505922e-07,-1.408800221e-05,-6.180097891e-06,-1.020346703e-05,-5.332142639e-06,-9.718319687e-06,4.358049860e-06,-8.912446320e-06,-4.861926189e-06,-9.783484475e-06,-4.580571756e-06
1.231000000e+01,7.956660242e-06,-5.953887202e-06,-1.827207557e-06,-5.443080019e-06,5.026188619e-07,-1.322478121e-05,-1.141877908e-05,-3.716818259e-06,-4.169003748e-07,-3.549956178e-05,-8.878169094e-06,-1.154051926e-05
1.232000000e+01,-1.323939588e-05,-7.238055900e-06,-8.726599468e-06,-4.111422932e-06,-8.143217702e-06,-2.217898983e-06,-8.433055772e-06,-8.987917595e-06,2.328037367e-06,-1.407331227e-05,3.428090340e-07,-2.751337431e-06
1.233000000e+01,7.189128839e-06,-3.964251433e-06,-3.786397054e-06,-1.727486827e-06,5.469249220e-07,9.994458415e-06,6.620423797e-06,2.604054357e-06,-5.396321575e-06,-5.855048069e-06,-6.383226195e-06,-8.190260141e-06
1.234000000e+01,7.083591939e-06,-5.623941994e-06,9.255679031e-06,4.966730460e-06,-1.409564893e-05,8.296639648e-06,-7.921925365e-06,9.378116551e-06,6.859367943e-07,4.741753430e-06,1.124258121e-05,6.405126505e-06
1.235000000e+01,1.216487699e-05,-5.932199217e-06,9.493647925e-06,1.700921019e-06,6.719146873e-06,7.748989616e-06,9.992731969e-08,-6.002968287e-06,4.714849547e-06,-1.396861298e-06,9.241931665e-06,1.635448307e-06
1.236000000e+01,-1.598373290e-06,1.487841052e-05,1.670781398e-05,-4.363927288e-06,1.318570401e-05,2.060975610e-06,2.519564771e-06,7.656471940e-06,6.848205887e-06,1.358243733e-05,9.746890058e-06,1.190717104e-05
1.237000000e+01,1.825744371e-06,4.326091182e-06,5.977647508e-06,9.332974492e-06,1.092211648e-05,1.185196168e-05,1.181441109e-05,-5.060720080e-06,-6.294909417e-07,6.587677549e-06,1.799446909e-05,4.506594084e-06
1.238000000e+01,6.096995053e-06,-2.872808625e-06,4.580255451e-06,-5.160760341e-06,-1.602332381e-06,6.968682000e-07,3.993889491e-06,1.230367619e-05,6.412365116e-06,8.042988896e-06,-9.515814134e-06,6.929505310e-06
1.239000000e+01,-3.750793796e-06,4.542903998e-06,-3.439154110e-07,1.061780356e-05,-2.211851628e-06,3.341638843e-06,-5.556828051e-06,-6.725844589e-07,5.338551885e-06,1.196475890e-06,2.841950670e-06,-1.812677664e-06
1.240000000e+01,-8.013477490e-06,1.486057945e-06,1.136711550e-07,-2.200699965e-06,8.691228817e-06,1.372044773e-05,-7.924719971e-07,-1.156756712e-05,-1.924381825e-06,4.217255886e-06,-2.102816461e-06,-4.211533000e-06
1.241000000e+01,3.099313686e-06,-6.196795282e-06,8.107455551e-06,1.099262970e-05,1.106028438e-05,-8.446789225e-06,1.023406566e-06,-5.959388767e-06,-2.775238477e-06,6.938544992e-06,-3.603554957e-06,-2.879258598e-06
1.242000000e+01,-1.804568498e-06,3.091298909e-07,-1.306424135e-05,7.247189177e-06,-2.444401142e-06,3.695992266e-08,3.772779118e-06,1.448489579e-07,2.636457903e-06,4.471070215e-06,-9.463604438e-06,-8.975642430e-06
1.243000000e+01,-2.915883175e-06,4.828050697e-06,-1.085877347e-05,2.230802969e-06,-1.571865948e-05,3.473271941e-06,-7.145094248e-06,-3.651526641e-06,9.986898571e-07,-5.302352432e-06,-4.783776188e-06,-1.127311178e-05
1.244000000e+01,-6.978022118e-06,-4.079326527e-06,-5.240098951e-06,-3.048113012e-06,1.012301357e-05,-1.076566254e-05,1.354050936e-06,1.813479894e-05,3.640321916e-06,-2.316300596e-06,-2.265605417e-06,4.102674157e-06
1.245000000e+01,-1.459114297e-06,6.655053210e-06,1.564101615e-05,4.018606630e-06,-5.229659504e-06,1.541127439e-05,1.455753535e-05,6.909998289e-06,-1.005195222e-06,1.371535447e-06,8.527792057e-06,5.432007175e-06
1.246000000e+01,9.391624771e-06,-6.530687660e-06,-1.921539507e-06,7.634925310e-06,-1.356780759e-05,7.610208706e-06,3.801091724e-06,1.227608896e-05,-5.281933172e-06,1.058728229e-06,-1.562629752e-06,8.961741554e-06
1.247000000e+01,1.638557314e-05,1.915816901e-05,5.104870919e-06,1.771178635e-05,1.758755905e-05,-5.212989004e-06,6.966021245e-06,7.282632284e-06,3.758714011e-06,-5.919096187e-07,9.030677401e-06,-3.891432788e-07
1.248000000e+01,-3.119834463e-08,-4.860520668e-07,3.141160542e-06,3.682497062e-06,-2.873660930e-06,9.726158556e-06,3.746416535e-07,7.850688324e-06,1.053581224e-05,1.292400706e-05,-8.110630211e-06,6.724428031e-06
1.249000000e+01,5.442272892e-06,-5.855075330e-06,3.279066978e-06,-2.879760189e-07,3.923967688e-06,3.988340614e-06,8.564872413e-06,-3.342880393e-06,-4.634010774e-06,1.084307944e-05,1.346709086e-05,1.022171082e-05
1.250000000e+01,1.890823415e-06,-5.328173115e-06,1.440593887e-06,-4.115926311e-06,-2.952483895e-06,-3.369024973e-06,7.593172191e-06,-3.585702281e-06,-7.284909220e-06,-3.675857782e-06,-2.608336176e-06,1.078696581e-05
1.251000000e+01,-1.780484540e-05,-3.346469526e-06,-8.305975122e-06,-4.806329055e-06,-3.109367422e-06,1.329255629e-06,-8.051715236e-07,7.378487333e-06,2.153678963e-06,3.388892397e-06,-7.475218695e-06,-6.171992220e-06
1.252000000e+01,5.477084711e-06,-7.850627085e-06,-4.736702122e-07,-7.605998924e-06,-2.310406334e-07,-1.486176089e-06,-7.300624389e-06,-2.238838288e-06,-2.351030521e-07,-1.141665507e-05,-1.818473269e-06,-1.207684103e-05
1.253000000e+01,-4.253383739e-06,-7.218913507e-08,-1.071825275e-05,-1.675726268e-06,-4.354334519e-06,-1.059325283e-05,-8.793417793e-06,-1.153675497e-05,-2.575902344e-06,8.321931772e-06,1.735522378e-06,7.483099024e-07
1.254000000e+01,-1.226007275e-05,7.685643090e-06,-1.042677839e-05,-1.616605360e-05,-2.964741083e-06,1.569135176e-06,-7.984528083e-06,1.212644225e-05,-8.200013756e-06,-8.160011410e-06,-2.124086963e-05,-1.713411706e-05
1.255000000e+01,2.734754516e-06,-8.922974814e-06,-6.489864564e-06,-1.987593210e-05,7.297873312e-06,-1.401606899e-05,-5.427807329e-06,2.608617341e-06,-1.514578834e-06,-1.257889040e-06,6.636176291e-06,-3.992575470e-06
1.256000000e+01,-1.035305294e-05,3.500538925e-06,1.094987216e-05,9.420111761e-07,-5.005029375e-06,1.092657053e-05,-4.107323604e-06,-7.588216434e-06,5.930656668e-07,-1.298853190e-05,-3.366486704e-06,9.072804742e-06
1.257000000e+01,-1.356703805e-05,-1.550847968e-06,8.062713310e-07,-2.067766049e-06,1.218521223e-05,-1.893430742e-06,6.950534815e-06,5.352900939e-06,-1.383030658e-05,2.804146984e-06,-8.509043640e-06,1.040763076e-05
1.258000000e+01,-2.434675545e-06,-1.061515228e-05,3.177825142e-07,1.342360504e-05,-1.244668684e-06,1.022714789e-05,1.364467294e-05,-2.888604354e-07,4.960941155e-06,2.503927670e-06,1.621771554e-06,-7.363465002e-07
1.259000000e+01,-8.905205754e-06,1.020210016e-06,-1.358029549e-06,1.411440425e-05,-5.625328927e-06,7.958888722e-06,-1.115238089e-05,-1.353354225e-05,1.303618534e-05,-1.153327793e-05,1.267944981e-05,1.731230668e-06
1.260000000e+01,3.298538840e-06,5.691060313e-06,6.365998422e-06,6.018859862e-07,-8.638975240e-06,4.649318474e-06,-1.476821826e-06,1.334977866e-05,8.579250645e-06,4.528272829e-07,2.416033602e-06,4.450331319e-06
1.261000000e+01,-5.235647212e-06,-3.571401623e-06,6.527780078e-06,-1.089679201e-05,8.783031590e-06,-4.365533176e-06,-7.106892516e-06,-7.237750635e-06,-4.058445559e-06,-2.948486078e-06,-1.023062194e-05,-1.295478431e-05
1.262000000e+01,-4.325047405e-06,2.962778552e-06,-4.534045932e-06,-8.732790056e-06,-2.013271069e-05,-5.656268892e-06,-2.894568307e-06,-8.680684329e-06,-1.785286399e-05,-1.733594328e-05,-7.442720723e-07,-8.169886788e-06
1.263000000e+01,2.415351175e-06,4.128243306e-06,-9.986421112e-06,-1.895201872e-05,-4.001442576e-06,-3.989521720e-06,-4.564831734e-06,-1.290428579e-05,-8.580217236e-06,-4.916308290e-06,-5.132706091e-06,-1.293715067e-05
1.264000000e+01,-1.736329362e-05,-3.709943076e-06,-5.510212663e-06,-1.412489343e-05,-7.699315848e-06,-3.896048534e-07,-9.761681717e-06,-2.953459263e-06,5.859485633e-07,-8.851045422e-06,-2.718673799e-06,-7.143819813e-06
1.265000000e+01,-6.099725811e-06,-4.514311455e-06,-6.644534600e-06,-9.433629903e-08,-3.093185357e-06,3.892341833e-06,3.421950590e-07,4.417538362e-06,-6.131044066e-06,1.502413644e-06,-9.515223817e-06,-1.537363515e-05
1.266000000e+01,-6.485723383e-06,-7.671611266e-06,-1.410054267e-05,-1.947399260e-05,2.227798103e-07,1.320214844e-06,1.635285593e-06,-4.722932124e-06,-7.955372013e-06,-2.903124325e-06,3.061749721e-06,3.199150548e-06
1.267000000e+01,4.028091512e-06,6.728570427e-06,-6.164970167e-07,1.221755093e-06,7.065040958e-06,1.227718106e-05,1.054192996e-05,1.008064515e-06,-1.288635852e-05,-7.393997860e-06,-7.797236919e-06,-1.625496807e-05
1.268000000e+01,-2.226594672e-06,-5.968980853e-06,1.483260257e-06,2.785304732e-06,1.785527977e-05,-1.138400994e-06,3.711814079e-06,1.970607757e-06,6.099041466e-06,3.433573869e-06,7.827987586e-06,1.603561261e-05
1.269000000e+01,1.162640510e-05,-1.019197649e-06,9.788843488e-06,1.193224149e-05,1.821432447e-06,7.654966755e-06,8.574644220e-06,1.841455357e-05,1.108922016e-05,-2.928398004e-06,6.037715615e-06,-4.053420838e-06
1.270000000e+01,4.712023139e-06,3.354225790e-06,3.124342972e-06,8.085749780e-06,-3.606639108e-06,4.501894556e-06,-7.068146223e-07,2.255305129e-05,2.693960522e-05,-5.274072470e-06,3.226257993e-06,1.228938302e-05
1.271000000e+01,-1.977219085e-06,-4.109378455e-06,2.324771596e-05,1.180587213e-05,1.230870339e-05,5.285113826e-06,1.466641403e-05,2.276342807e-06,7.777111081e-06,7.493626446e-06,1.611826752e-06,1.386394824e-05
1.272000000e+01,-1.766061931e-06,9.233311676e-06,1.049034006e-05,-3.989159956e-06,3.675045520e-06,-5.312258790e-06,4.952290477e-06,6.881597805e-06,1.315126844e-05,1.447491380e-05,-1.507198830e-07,-1.233450217e-06
1.273000000e+01,-2.504806633e-06,3.018886762e-06,1.237473190e-06,-1.355527136e-06,-6.706620592e-06,-1.056969381e-05,1.323473718e-06,1.279389811e-05,9.510286468e-06,8.784137556e-06,-1.341073628e-05,2.154679568e-06
1.274000000e+01,-4.899054808e-06,7.138778151e-09,3.701191968e-06,1.225772008e-05,3.329068772e-06,-2.222036149e-06,-7.896279973e-07,8.717942010e-06,7.890331029e-06,-4.590267776e-06,-9.252165518e-06,1.519618720e-06
1.275000000e+01,-6.480493011e-06,4.419049101e-06,9.344463545e-06,-2.349015568e-06,1.134564905e-05,-1.660734528e-06,-6.829977766e-06,-1.194368063e-05,-6.236527917e-06,-4.456964340e-06,-1.340196612e-05,2.235794878e-06
1.276000000e+01,1.287708640e-05,1.112374033e-05,1.555169119e-06,3.040202695e-06,3.538095762e-06,5.715057148e-06,9.187561410e-06,1.079108440e-05,-2.528564717e-06,6.332115150e-06,9.292546102e-06,-1.318381502e-05
1.277000000e+01,-4.005854185e-06,5.580220602e-06,5.298859230e-06,-4.137322526e-06,4.996854407e-06,-2.810409613e-07,-3.545047146e-06,-5.628414117e-06,4.022767930e-06,4.953895448e-06,5.634041516e-06,-1.234226143e-06
1.278000000e+01,-1.357935544e-06,1.503650991e-06,5.924892365e-06,-2.321742976e-07,5.396091879e-06,7.713515855e-06,9.460524114e-07,-2.144483883e-06,3.204960951e-06,9.529174775e-06,2.689601277e-06,-8.188801255e-08
1.279000000e+01,-7.108163949e-07,8.999306949e-06,1.349785481e-05,-1.540744126e-06,1.015637711e-05,-1.036626230e-05,1.033292281e-07,6.699767599e-07,-2.874050709e-06,6.110270886e-07,4.759748703e-06,1.208450117e-05
1.280000000e+01,1.341905699e-05,-1.853310220e-06,8.338293366e-06,7.987037429e-06,8.800791800e-08,-9.029872088e-06,5.719863105e-06,5.205109404e-06,1.059687008e-05,7.586083012e-06,1.269091883e-05,1.904025684e-05
1.281000000e+01,7.783430128e-06,3.344590383e-06,9.340078685e-06,1.595644398e-05,5.840755757e-06,-2.738390347e-06,5.840959191e-06,-7.939793028e-06,-1.076530495e-06,3.528132126e-06,1.460107499e-05,-2.225733311e-06
1.282000000e+01,4.148573650e-06,-2.851512640e-06,4.825324329e-06,4.402780245e-06,-1.708924311e-07,6.927236573e-06,1.200309972e-05,1.754552568e-07,4.282648715e-06,1.113260573e-05,9.082680155e-06,-2.517284535e-06
1.283000000e+01,-4.343597788e-06,5.762962763e-06,-1.131589826e-05,-6.385210967e-06,8.536515863e-06,-5.252957173e-06,1.345265825e-05,9.984608276e-06,-2.862323293e-06,1.138021647e-05,-7.712588126e-06,6.318643994e-06
1.284000000e+01,6.808167063e-06,-3.887414482e-06,6.634653476e-07,-5.437028551e-06,-5.098958581e-06,9.032788101e-06,4.345339421e-06,-3.420358918e-06,1.272327913e-05,6.829103863e-06,-1.647088281e-06,8.185965842e-06
1.285000000e+01,-8.095599164e-06,-4.299404904e-07,-8.113844633e-06,3.372131617e-06,7.198241564e-06,-1.153456503e-05,-3.590094181e-06,3.109088008e-06,4.035154254e-06,-4.499222080e-06,-2.189621967e-07,-3.922477975e-06
1.286000000e+01,-1.733287204e-05,-6.774170793e-06,1.866388640e-06,1.276561568e-06,-4.399527965e-06,-3.240817024e-06,-3.476405032e-06,-2.820237918e-06,-7.054483994e-06,-1.046026066e-06,-7.263752147e-06,-1.112396278e-05
1.287000000e+01,-3.863183330e-06,-1.704948203e-06,-1.232795471e-05,-4.641716529e-06,-1.042887906e-05,-3.452625749e-06,6.488700234e-08,-5.264847583e-07,-1.637299543e-05,-8.483536887e-06,-1.313712980e-05,-1.089676917e-05
1.288000000e+01,-1.324181732e-05,3.606935269e-07,1.160672700e-07,-3.060309540e-06,3.740601864e-06,3.563173679e-07,-6.155588079e-06,-1.026850090e-05,3.968367684e-06,-5.107277604e-06,-6.217103683e-06,-1.059327256e-05
1.289000000e+01,5.767298761e-06,-4.812738590e-06,2.299316451e-06,2.132445651e-06,2.322394308e-06,-1.711101151e-05,-1.563970829e-05,7.600215294e-06,-5.984718994e-06,4.562865999e-06,3.444211713e-07,-2.029724578e-05
1.290000000e+01,9.541827881e-06,7.027211755e-07,1.058900333e-05,-3.905032839e-06,1.082690506e-05,-4.416369808e-06,-8.364201186e-06,-9.969163056e-06,-5.304769580e-06,8.272707633e-07,1.451757816e-05,-7.427004379e-06
1.291000000e+01,4.768679395e-06,1.075142836e-05,4.062713663e-06,1.175840553e-05,7.222559297e-06,-3.926586589e-07,3.557536040e-06,7.577812717e-06,1.322047124e-05,-4.521803254e-06,1.040014207e-05,-4.145417240e-06
1.292000000e+01,-1.982470415e-06,-2.774620525e-06,1.236795108e-05,2.083615338e-05,-9.097076146e-07,-6.886407550e-06,1.005356096e-05,-2.949749112e-06,-5.181309226e-06,1.063809497e-06,1.996876284e-06,1.159102602e-05
1.293000000e+01,-4.200376931e-07,3.560361418e-07,6.986434736e-06,1.310915913e-05,-5.025816214e-06,-1.031508804e-05,4.891523494e-06,-7.820086042e-07,-4.335989652e-06,-6.897640603e-06,-7.004370622e-06,-1.242366971e-05
1.294000000e+01,4.722434772e-08,-3.069993461e-06,-1.587542572e-06,1.272820865e-05,-3.732948357e-06,-3.386992012e-06,4.303411930e-06,-3.265534663e-06,8.633736026e-06,4.149348992e-07,9.137765439e-06,6.836550409e-06
1.295000000e+01,5.106875732e-07,2.004867980e-06,-6.653203247e-06,2.910161658e-06,-1.198664941e-05,-6.001066857e-07,-8.256597364e-06,5.099531229e-06,-1.194220663e-05,8.503973290e-06,-3.785800764e-06,-1.074995009e-06
1.296000000e+01,-5.106993774e-06,2.474378898e-06,-3.570523351e-06,4.265805647e-06,7.181414576e-07,-3.868549478e-06,9.144282007e-06,-9.545599050e-06,-1.813028958e-05,1.263930099e-05,-3.170761731e-06,-1.760089679e-05
1.297000000e+01,-6.825793750e-07,-1.488628337e-05,-1.283253222e-05,-4.312032005e-06,-3.134569692e-06,-1.124894545e-05,-1.427152610e-05,-2.629090131e-07,-1.250122421e-05,-1.270829856e-05,-5.369761875e-06,-6.364698217e-06
1.298000000e+01,-1.017869562e-07,-1.094245897e-05,-1.952493711e-07,-1.198437287e-05,1.338397639e-06,-2.433065948e-06,-1.232653121e-05,-1.334907899e-05,-1.090492883e-05,-1.304988048e-05,-1.530839799e-05,-1.215847219e-05
1.299000000e+01,-1.190587258e-05,-9.116777922e-06,4.728357229e-06,-7.844545341e-06,-5.701812997e-06,-4.384019349e-06,-4.708065442e-06,6.656323074e-08,5.883930231e-06,7.689627413e-06,1.576434145e-06,-3.088751668e-06
1.300000000e+01,5.102272494e-06,4.437194928e-06,-4.148073420e-06,5.296343495e-06,3.145649708e-07,2.675991442e-06,-4.450392345e-06,-9.760958117e-07,-7.454700065e-06,1.017961895e-05,6.825612452e-06,-6.710790606e-06
1.301000000e+01,-3.107343518e-06,1.157873144e-05,7.457852514e-06,-1.601648781e-06,3.042604844e-06,8.259108249e-06,-3.268791035e-06,7.732223686e-06,1.708389583e-06,3.774056371e-06,-2.983795949e-06,1.319735610e-05
1.302000000e+01,1.342736908e-05,-8.621944939e-07,1.356501177e-06,-1.311422109e-05,1.632782175e-05,3.593320015e-06,1.051929289e-06,1.955053919e-05,1.124631538e-05,-3.117255206e-06,1.337822382e-05,1.232095692e-05
1.303000000e+01,1.726527579e-05,5.990164177e-06,9.236146488e-06,-2.717312399e-07,3.100250239e-07,6.527124961e-06,2.095030291e-05,1.158954968e-05,1.427656971e-05,8.665297554e-06,8.141131273e-06,3.062243989e-07
1.304000000e+01,9.114216583e-06,1.240592883e-05,-6.810560853e-06,2.174134493e-06,5.246864916e-06,7.697710326e-06,3.235460149e-06,5.750143678e-06,1.257509151e-06,6.461753970e-07,8.914317656e-06,4.143421337e-06
1.305000000e+01,1.204054161e-05,4.482959507e-06,3.642333553e-06,3.563013373e-06,5.922342519e-06,-1.489704065e-06,1.493236539e-05,8.178364517e-06,-3.395188523e-06,2.506580877e-05,-8.299033542e-06,-1.639537005e-06
1.306000000e+01,-5.046841586e-06,-7.338526717e-07,-6.219128150e-06,2.299450752e-06,2.886943488e-07,6.681882953e-06,1.438273403e-05,1.031360635e-06,1.630313160e-06,6.903515856e-06,-9.848021599e-06,-2.196972044e-08
1.307000000e+01,7.853590104e-06,-1.243605446e-05,1.608359308e-06,3.660305944e-06,-9.849571376e-06,-1.727889469e-06,7.065566892e-06,-1.103166907e-09,-1.470129650e-05,9.711622998e-06,2.839799160e-06,4.462427117e-06
1.308000000e+01,-4.069927732e-06,3.837392275e-06,-9.652826860e-06,5.197450027e-06,-1.082898432e-05,8.502689847e-06,-7.410063784e-06,-1.626375437e-05,7.232469167e-06,-4.967312699e-07,-9.894165988e-08,-4.886924026e-06
1.309000000e+01,1.059954049e-06,-3.930071910e-06,-6.336916489e-06,6.257550358e-06,-7.517734717e-06,-8.494570730e-07,1.201468520e-05,3.088973389e-06,-6.168213582e-07,-9.275677709e-07,-1.067984632e-05,-1.896702607e-06
1.310000000e+01,-1.906842564e-06,-4.749667089e-06,-2.742508049e-06,-3.787153997e-06,-3.407803462e-06,6.969522504e-06,2.350065291e-06,8.754384997e-07,-3.609114819e-06,1.020993929e-05,1.321984418e-06,-5.230489085e-06
1.311000000e+01,7.311284675e-06,5.929741266e-06,6.016363684e-06,1.088016471e-05,1.731879033e-06,-2.774518074e-07,-3.268637075e-06,1.272696415e-06,3.152053246e-06,1.959753788e-05,-8.017254488e-06,3.942098171e-06
1.312000000e+01,3.841257326e-06,2.887317030e-06,8.732255964e-06,1.410245835e-05,-2.041089568e-07,6.800132995e-06,1.066603893e-06,-4.746615187e-06,5.376918242e-06,-9.419448937e-07,4.957693421e-06,9.755337902e-06
1.313000000e+01,2.083895065e-05,1.039642486e-05,-1.201768448e-06,2.124583415e-06,1.484768449e-05,3.768847220e-06,4.431270802e-06,1.013058093e-05,1.687434894e-05,-4.454349358e-06,-4.049847886e-06,1.371155406e-05
1.314000000e+01,7.158275537e-06,8.203663401e-06,1.483699338e-05,3.620962995e-06,6.955274131e-06,-1.272545913e-06,-1.066664981e-05,8.600009951e-06,1.003726402e-05,5.095216759e-06,1.307509929e-05,2.321021016e-05
1.315000000e+01,1.123502212e-06,1.237429657e-05,1.961027710e-06,1.733629332e-06,1.308745436e-05,-5.535391734e-06,1.725836968e-05,1.806580448e-05,-2.403356950e-07,1.282270366e-05,1.143801948e-05,1.152803137e-05
1.316000000e+01,1.690125250e-07,9.503317799e-06,3.611856521e-06,-5.573007131e-06,-8.278289684e-06,1.453405472e-05,-2.283489993e-06,-6.589872558e-06,-5.171335747e-06,-3.359318000e-06,9.490488456e-07,-7.166209534e-06
1.317000000e+01,-1.624540012e-06,1.397330463e-06,-1.268509598e-05,4.013138835e-06,-9.785256956e-06,2.755331267e-06,-5.402027606e-06,2.619520990e-06,-4.185622526e-06,-7.136572952e-06,-4.323998806e-06,5.967931092e-06
1.318000000e+01,-2.591950007e-06,-3.897076934e-06,9.347025133e-08,-6.949549881e-06,-2.165256884e-06,3.483695622e-06,-4.693773420e-06,-1.509118441e-05,-2.726690550e-06,-4.096568612e-06,-9.122433954e-06,-1.063526820e-05
1.319000000e+01,-2.585582239e-07,-8.505612676e-06,-1.352235520e-05,-1.312369949e-05,-7.246156521e-06,2.774094532e-06,-1.127001006e-05,-5.573312451e-06,-1.150328243e-05,-1.402755065e-05,-4.874460562e-06,1.431640914e-06
1.320000000e+01,3.220401500e-08,-5.180086214e-06,-8.328046869e-06,-1.005039671e-05,3.221735805e-06,-6.729527985e-06,4.646474650e-06,-1.184576176e-05,-5.384937354e-06,-3.074763504e-06,6.527063641e-06,-6.016726670e-06
1.321000000e+01,4.639391384e-06,-5.660101185e-07,-2.484429529e-06,8.674184396e-06,-7.791702864e-06,-1.065890455e-05,-1.021784017e-05,-4.324783908e-06,-5.097472868e-06,-1.014995669e-05,-1.033737171e-05,-1.599906673e-05
1.322000000e+01,-1.263738773e-05,-5.544875564e-06,-9.772513390e-08,-7.067128481e-06,-6.782410584e-06,-1.073008083e-05,4.289320281e-07,-7.449691591e-06,8.857650663e-06,-4.699697631e-06,-1.538297829e-05,-1.095952101e-05
1.323000000e+01,7.536858813e-06,3.951851417e-06,6.249962946e-06,-4.215628057e-06,1.942404919e-06,2.027379413e-06,2.227083277e-06,-2.895290024e-06,3.010291187e-06,-1.120451731e-05,6.049151094e-06,4.500842155e-06
1.324000000e+01,3.128275437e-06,-3.582312482e-07,-4.884907957e-06,8.280257839e-07,7.712958842e-06,-6.134847530e-06,-7.270007343e-06,1.140588434e-05,1.776379286e-06,4.813676944e-06,1.665775145e-05,-9.566782393e-06
1.325000000e+01,1.940515766e-06,7.480272866e-06,-4.442536181e-06,1.623889339e-06,-4.991278132e-06,3.791036135e-06,5.387034754e-06,1.620731081e-06,-8.945698364e-06,1.249471833e-05,3.075581174e-06,4.886998612e-06
1.326000000e+01,4.126547785e-07,1.733106062e-06,1.105946196e-05,6.869927685e-06,5.405450579e-06,1.350899690e-07,-8.264533589e-07,2.952501086e-06,-7.109686501e-06,-2.410834582e-06,8.093151747e-08,1.074643404e-05
1.327000000e+01,-2.619651000e-06,7.538506974e-06,3.707272041e-06,-2.338716463e-06,-7.324211967e-06,4.034807452e-06,8.749931024e-07,-1.295162603e-05,6.726294126e-06,-8.718888079e-06,-4.579594828e-06,1.056123277e-05
1.328000000e+01,2.694046837e-06,-8.144420200e-06,6.679818700e-06,-1.168636174e-05,1.630904389e-06,-3.878606385e-06,-1.208156876e-05,-3.777654267e-06,-4.586065222e-06,-2.528893101e-06,1.679826586e-06,-1.193139377e-05
1.329000000e+01,-7.140224757e-06,-5.191566880e-06,5.265470185e-06,-7.510344397e-06,-1.117434478e-05,1.104766852e-05,9.272735306e-06,-1.401164513e-05,1.786821535e-06,-1.416811477e-05,-1.081561259e-05,5.359623822e-06
1.330000000e+01,-4.596671834e-06,-1.542596729e-05,-1.402578349e-05,-5.169071327e-06,-1.677765062e-06,-8.194552855e-06,-8.350457286e-06,7.783656401e-07,-8.873982490e-06,-1.665437940e-05,-3.985110457e-06,1.942725594e-06
1.331000000e+01,-7.253192681e-06,5.165234394e-07,-1.760337172e-05,4.326347260e-06,-9.256281679e-06,-5.516036350e-06,-1.559993078e-06,-1.345149968e-06,-5.957889569e-06,-7.306030837e-06,1.176484728e-06,3.781603347e-06
1.332000000e+01,-9.317758697e-06,-8.529666459e-07,1.049523151e-05,3.744184967e-06,5.299543624e-06,-1.079269102e-05,3.193127847e-06,5.128932673e-06,-5.145382628e-06,7.027328751e-06,3.627510063e-06,-2.968428103e-07
1.333000000e+01,8.469876757e-06,7.424516883e-06,-6.915889140e-06,1.258370656e-05,4.113137977e-06,8.105745778e-06,-8.415646807e-06,-1.922684953e-06,2.278372412e-06,-2.495646418e-06,-2.928218353e-06,2.640346542e-08
1.334000000e+01,-1.375977130e-05,1.916645817e-05,1.182854918e-05,-1.064093504e-06,-3.313583196e-06,-1.298166162e-07,-6.290274134e-07,-1.059932190e-06,7.247753919e-06,8.919940515e-07,5.866131095e-06,-5.896269352e-06
1.335000000e+01,7.472178086e-06,-5.285914485e-06,2.488852864e-05,1.542050143e-05,1.133147805e-05,-2.080012439e-06,-1.718712129e-06,1.613397998e-06,3.967099072e-06,1.047176677e-05,9.015256784e-06,3.692724133e-06
1.336000000e+01,9.592769076e-06,1.019272544e-05,9.744917800e-06,1.900754884e-05,-1.010317410e-06,2.232661140e-05,1.750858654e-05,-1.539323745e-06,3.605660093e-06,7.144645538e-06,-4.364187492e-06,5.931215355e-06
1.337000000e+01,1.202672633e-05,-2.281803402e-06,1.491613079e-05,-4.334081494e-07,-1.926318842e-06,1.210293225e-05,1.373581774e-05,5.915243135e-06,5.749604781e-06,1.025411106e-05,1.574532574e-05,5.860630860e-06
1.338000000e+01,6.198967982e-06,3.212958153e-06,-1.641661931e-06,-9.091888827e-07,1.407788081e-06,3.307933884e-06,1.404624670e-06,8.876356477e-06,-3.976960030e-06,1.112044516e-05,5.548420962e-06,6.063009146e-07
1.339000000e+01,-6.945260204e-06,1.159466613e-05,1.141811323e-05,8.912518490e-06,8.752330090e-06,2.532992052e-06,5.430540407e-06,6.043480072e-06,1.597357294e-05,-2.598643788e-06,-7.355843652e-07,9.822161189e-06
1.340000000e+01,-1.548407592e-06,2.145898146e-07,1.364300922e-05,3.105641828e-06,3.919972036e-06,-5.601041170e-08,-4.775543018e-06,3.011117051e-06,-2.072136641e-06,-4.595913136e-06,3.414903284e-06,-9.440083562e-06
1.341000000e+01,2.044238198e-06,5.218344324e-07,3.856370678e-06,-1.602712713e-05,-1.197158676e-05,3.030466396e-07,-9.562472786e-06,2.524684129e-06,-3.149120061e-06,5.194211450e-06,1.836433284e-06,6.847633974e-06
1.342000000e+01,-1.113983751e-05,-1.054549270e-06,-1.203845000e-05,-2.715626121e-06,-8.696756808e-06,4.401994088e-06,4.937795422e-06,6.378957253e-06,1.058113750e-05,-4.680003453e-06,-1.078995039e-05,4.715132084e-06
1.343000000e+01,-1.351426729e-05,1.335103458e-05,2.183220537e-06,1.705212565e-05,-2.610569275e-07,-2.167664825e-06,7.536121394e-06,-7.641107916e-06,-5.858029714e-06,3.968735957e-06,-1.241890809e-05,-5.284018777e-06
1.344000000e+01,-1.175816846e-05,7.954178917e-07,8.001075117e-06,7.689315420e-06,-4.082665561e-06,2.811842015e-06,1.356134904e-06,3.583605343e-06,3.527860313e-06,1.066339455e-06,-1.150991780e-06,-4.824678132e-06
1.345000000e+01,1.223339569e-05,9.597590082e-06,3.708853293e-06,2.429194621e-06,5.586020919e-06,1.663198256e-06,1.321320271e-05,5.275809781e-06,1.189971207e-05,-5.553231153e-06,-1.846557064e-06,1.487307401e-06
1.346000000e+01,-1.326069304e-06,7.399311470e-06,-4.147766583e-06,3.667867948e-06,6.549405303e-06,-3.287387659e-06,7.387043026e-06,4.797556342e-06,5.417055935e-07,7.214956945e-06,8.680830352e-06,2.446891614e-06
1.347000000e+01,9.285763937e-06,-5.574838593e-06,1.611273006e-06,9.189347588e-06,7.665704147e-06,1.765549854e-05,-8.276192717e-07,2.996745439e-06,2.770689332e-06,-3.794526332e-08,-4.012607655e-06,1.363334075e-05
1.348000000e+01,1.219560837e-05,9.995898742e-06,2.465405905e-06,-9.572912528e-08,1.116443861e-05,1.080858663e-05,1.485975185e-05,3.094068851e-06,6.125189368e-06,3.184762283e-06,-9.253786201e-06,4.674258740e-06
1.349000000e+01,1.364119132e-05,1.030347278e-05,1.080473195e-05,1.513801014e-06,1.168803359e-05,3.131640709e-06,-4.515330799e-06,5.547415937e-06,1.962395562e-05,1.347513940e-06,-2.331691287e-06,-1.133188835e-05
1.350000000e+01,-1.397662372e-06,-1.016538846e-05,-6.179613903e-06,-6.685146529e-06,-2.337051021e-06,5.034555758e-06,-3.884806139e-06,3.355562597e-06,1.392883317e-05,1.131845482e-05,-3.406324119e-06,-6.236091586e-07
1.351000000e+01,1.706359694e-06,-3.701834298e-06,-1.174207980e-06,9.966684392e-06,1.610543422e-06,-1.203572218e-05,7.071510777e-06,-5.228889354e-06,-2.687552276e-06,-3.375282602e-06,4.807897516e-06,-9.338808337e-06
1.352000000e+01,1.692799485e-06,2.610985334e-06,-3.553153353e-06,8.000088115e-06,-7.156728886e-06,-1.792088718e-05,-1.751664047e-05,-1.459382707e-05,-2.150385131e-05,1.202134655e-06,-4.954667212e-06,-3.733799226e-07
1.353000000e+01,-2.219665697e-06,-1.109313087e-05,-2.142878166e-06,1.857962403e-06,-8.046851690e-07,-1.574235628e-05,-1.149828905e-05,-4.175997575e-06,-1.239243521e-05,-4.842176464e-06,1.838379695e-06,-1.680753987e-05
1.354000000e+01,-7.751144073e-06,-6.375008298e-06,-5.187844672e-06,-3.889912512e-06,-5.308764255e-06,-2.120318808e-05,-3.136213745e-06,-1.848309090e-06,-7.267387825e-06,3.020264499e-06,-6.646780458e-06,4.064853454e-06
1.355000000e+01,3.847030766e-06,1.501148435e-06,-3.813866480e-06,-6.835056866e-06,2.223846768e-06,-6.563302505e-06,-1.788992512e-06,-5.768877651e-06,-1.077596415e-05,1.679301187e-07,-5.528238551e-06,-9.549861656e-07
1.356000000e+01,-1.076204113e-05,-5.626228909e-06,-4.317171414e-06,-4.251257815e-06,4.586839472e-06,-1.399038078e-06,6.195550333e-06,4.947623656e-06,-8.928602682e-06,1.728624645e-08,-6.195477858e-06,-9.107263707e-06
1.357000000e+01,4.556559568e-07,9.727110234e-06,-1.843084168e-08,5.254497722e-06,-4.757576221e-06,1.846764672e-05,-1.484774735e-07,5.108377020e-06,3.773010320e-07,5.640994219e-06,8.869650683e-07,3.698447465e-07
1.358000000e+01,2.795241877e-06,3.160178116e-07,-8.907619968e-06,-4.890061069e-06,6.351527749e-06,-5.998777518e-06,-3.548004084e-07,-5.796174907e-06,1.004078485e-05,1.114431451e-05,8.519104979e-07,-1.262782029e-06
1.359000000e+01,1.004935238e-05,-3.344500715e-06,-4.890694673e-06,-2.160633731e-06,2.961452457e-06,2.761586523e-06,8.409656910e-06,-1.206596052e-06,8.488548701e-07,-2.082449169e-07,-6.524377536e-06,-1.035148530e-05
1.360000000e+01,1.268373491e-06,-7.440650253e-06,-1.220220334e-05,-1.266518848e-05,8.786466304e-06,1.321203780e-06,8.584451752e-06,-2.525790691e-06,-9.220090087e-07,1.208936411e-05,-4.052050788e-06,7.654735407e-06
1.361000000e+01,-4.675447991e-06,-4.682537296e-06,-8.324742550e-06,1.602290061e-06,-3.827113914e-06,5.300444139e-06,5.032045969e-08,7.768191780e-06,2.295129120e-06,7.416013552e-06,-5.426111611e-07,1.654400383e-06
1.362000000e+01,-1.131599552e-05,7.264952463e-06,-7.112372660e-06,-8.457154555e-06,-2.598757590e-06,-1.172512741e-06,-1.171373318e-06,-9.914788990e-07,-6.916005620e-06,-1.336051835e-05,-5.534165527e-06,-4.494155883e-06
1.363000000e+01,-1.724155618e-05,7.207521415e-06,-1.373056500e-05,-1.039710158e-05,-5.637999505e-06,-2.393359329e-06,-5.573101520e-06,-1.668397830e-06,-1.242285630e-07,-8.569219412e-06,-1.584537806e-05,4.437274770e-06
1.364000000e+01,2.698222823e-06,-1.824035854e-06,-1.024568120e-05,-8.160642909e-06,-1.270771747e-05,-1.044897115e-05,-8.847119221e-06,-2.644985029e-07,-4.919976980e-06,-3.821511647e-06,-1.282326311e-05,1.172724607e-06
1.365000000e+01,-2.692882694e-06,-8.458545197e-06,-1.829677791e-05,3.798773702e-06,-1.278094299e-05,-6.662187552e-06,-1.278430353e-05,-5.700602070e-07,-2.412467236e-05,-7.305286061e-06,9.563039631e-07,-2.656643061e-06
1.366000000e+01,-3.750996079e-06,4.622593821e-06,1.338451642e-05,-7.108542933e-06,1.524399447e-05,-6.153913456e-06,-2.059490378e-06,-5.481965750e-06,-2.942320152e-06,-3.916814297e-06,-1.622252688e-06,-1.709195574e-05
1.367000000e+01,1.610604478e-05,9.121415138e-06,-9.627592755e-07,-8.203118400e-07,4.538689640e-06,-4.332999824e-06,4.300150615e-06,-6.693718988e-06,-4.202654986e-06,1.659270438e-06,7.166390569e-06,-9.849023661e-06
1.368000000e+01,3.784867761e-06,1.731734800e-05,6.936926556e-06,4.000791665e-06,-3.311443309e-06,1.282681627e-05,-1.504269590e-05,1.221111849e-05,-1.199730766e-05,9.286264594e-06,-9.249736075e-06,1.864404715e-05
1.369000000e+01,1.257943992e-05,1.270818227e-05,-1.585264092e-06,7.493046813e-06,1.983956676e-07,1.223273496e-05,4.975204570e-06,1.244471571e-05,6.371048603e-06,1.654759157e-05,-9.219222041e-07,2.700449272e-07
1.370000000e+01,1.052483549e-05,1.047039704e-05,-6.295772719e-06,1.938149626e-06,-7.576569624e-06,1.117472141e-05,1.045342894e-05,-5.052841025e-06,-2.679142693e-06,1.944204117e-06,4.519030808e-06,1.397226234e-05
1.371000000e+01,1.108433036e-05,1.348318542e-05,2.628239717e-06,4.470351978e-06,2.354966178e-06,2.510335398e-06,6.946152823e-06,5.876203216e-06,-1.528106116e-06,-1.754434176e-06,-3.273873145e-06,7.966987812e-06
1.372000000e+01,1.932002519e-06,-7.861748749e-06,-5.546666076e-06,-1.242300639e-05,6.245498030e-06,1.247786285e-05,7.691216476e-06,-1.078726322e-05,5.652927969e-06,8.958084318e-06,4.278325999e-06,1.815760038e-06
1.373000000e+01,1.133977535e-05,1.421775907e-05,1.256395232e-06,1.434242386e-06,3.235493034e-06,1.006440701e-06,7.585721137e-06,1.035485257e-05,-4.665776402e-06,1.754649668e-06,1.301492835e-05,-3.192046368e-06
1.374000000e+01,1.973535788e-06,1.555626436e-06,-1.349832830e-05,7.879797521e-06,7.571442674e-06,4.311602111e-07,-1.171905405e-06,2.001195981e-06,-4.006975233e-06,-8.565879950e-06,-1.041380457e-05,3.753510980e-06
1.375000000e+01,-9.786451401e-06,-1.672494571e-06,4.856008846e-07,-1.037372501e-05,7.002192760e-06,-5.842187804e-06,-6.154189821e-06,-1.438705972e-05,-1.125343106e-05,6.749716607e-07,-1.234580558e-05,5.560194704e-06
1.376000000e+01,8.742213129e-06,7.122694400e-07,-1.389170670e-06,-6.612109969e-06,1.898923897e-06,-9.392514890e-06,9.084884949e-06,4.777087919e-06,8.701613357e-07,-9.242952949e-06,5.939582807e-06,-3.942509209e-06
1.377000000e+01,4.336391078e-07,-3.398125840e-06,5.890259803e-06,3.129910785e-06,5.098461026e-06,5.193690593e-06,1.648739655e-06,1.224186286e-07,8.603502421e-07,5.182774536e-06,1.066322922e-05,-7.646895832e-06
1.378000000e+01,4.447927048e-06,1.109446203e-05,-3.473547864e-06,4.722654163e-06,2.284140194e-06,7.895499102e-06,-1.292373230e-05,-1.057669465e-05,-4.621745613e-06,9.403367430e-06,-4.918206808e-06,-9.963008183e-07
1.379000000e+01,1.039525517e-05,7.835600839e-06,-2.322724779e-07,1.513336398e-06,-6.209678533e-06,8.329590982e-06,-1.074377542e-06,-2.040824267e-06,7.178936296e-07,-4.267618287e-06,-6.022352293e-06,3.213892581e-06
1.380000000e+01,4.782775572e-06,-3.173773634e-06,1.539968092e-05,1.150978042e-05,7.834884892e-06,8.834506229e-06,3.578950514e-06,-6.061365228e-06,1.082439090e-05,6.654156363e-06,3.848859266e-06,-1.523832613e-07
1.381000000e+01,1.271620544e-05,1.498111099e-05,5.472389681e-06,6.395650731e-06,7.373378995e-06,1.200807001e-05,1.033817318e-05,8.136436275e-06,-1.056877743e-06,1.353580779e-05,9.134805156e-06,1.321658978e-05
1.382000000e+01,-5.311242873e-06,3.362384703e-06,9.249008535e-06,8.849145233e-06,1.477994381e-05,5.488768751e-06,5.550567356e-06,9.055868900e-06,1.319715073e-05,1.253948809e-05,1.060561538e-05,9.720443905e-06
1.383000000e+01,-2.014403149e-06,-8.260737686e-06,-1.604926680e-05,-2.765214784e-06,4.743970219e-06,-4.788611147e-06,1.794991092e-05,-7.321073149e-06,9.547805995e-06,6.370136645e-07,-1.963490740e-06,7.522674899e-07
1.384000000e+01,-4.753355133e-06,-7.306152292e-07,8.870709113e-06,-2.501450964e-06,-1.426118648e-06,5.227705253e-07,-3.363735375e-06,4.873871676e-06,7.555858673e-06,-4.654125243e-06,3.204488270e-06,-4.865432279e-06
1.385000000e+01,-1.395798747e-05,-7.373060784e-06,-5.050810315e-06,1.912052023e-07,-4.878159696e-06,-1.309909393e-05,-8.648397110e-06,-1.074467931e-05,-1.946659915e-06,-2.351637121e-06,-1.906202056e-06,-1.806841837e-06
1.386000000e+01,1.939462830e-06,-7.557289360e-06,-8.270591004e-06,-5.572653968e-06,-5.769087660e-06,-9.880288511e-06,-1.362974795e-05,-1.332465464e-05,-6.958565648e-06,-4.694712258e-06,-1.082720772e-05,-1.026517628e-05
1.387000000e+01,-4.613991381e-06,-1.599874125e-05,-8.911721090e-06,-1.075839869e-05,3.146716579e-06,-8.408705501e-06,-9.312926280e-06,-5.028115735e-06,1.070033845e-05,-2.065562113e-05,-1.383746464e-05,-1.882872937e-05
1.388000000e+01,-1.059951075e-07,-1.178536780e-05,1.014229869e-06,-4.957158963e-06,-1.885875491e-05,-1.217369272e-06,2.204557505e-06,-4.997455759e-06,4.196115628e-06,-6.425190798e-06,-1.620693744e-06,-8.309902784e-06
1.389000000e+01,9.005648264e-06,1.308909939e-05,1.024948419e-05,-1.130694049e-05,-7.485765239e-07,2.879276339e-06,-1.046887195e-05,-5.161125647e-06,6.561695015e-07,-1.186924771e-06,1.673670237e-06,-1.052087512e-05
1.390000000e+01,1.603912036e-05,8.969120080e-06,-6.807429857e-06,4.313722572e-06,2.387127401e-06,1.562477752e-05,-9.455302823e-06,6.455621121e-06,-3.543652099e-06,-5.614937007e-06,1.870340756e-06,-2.238878187e-06
1.391000000e+01,2.144615852e-06,3.828064783e-06,7.624389414e-06,-9.447353638e-07,-2.084058821e-06,1.364873238e-05,-3.404348192e-06,1.364359425e-05,1.554644670e-06,-3.904552124e-06,-3.138888462e-06,-3.397488389e-06
1.392000000e+01,3.661684805e-06,-4.291280929e-06,8.074155380e-06,-6.559218564e-06,8.927089242e-07,2.110742207e-05,-7.920896586e-07,5.335714672e-06,9.625012201e-06,1.662464682e-07,-6.563973007e-06,-6.345208280e-06
1.393000000e+01,-2.104989561e-06,3.837330003e-06,-2.345275559e-06,5.093858868e-06,-1.741843243e-06,1.350626250e-06,2.021913577e-06,6.338184860e-06,-4.079912064e-07,-3.812651585e-06,-1.499145982e-05,-1.504614921e-05
1.394000000e+01,-5.318525030e-06,-7.986622418e-07,3.311642287e-06,-3.975779181e-06,7.642199333e-06,6.237445883e-06,-3.239890067e-06,2.085182251e-06,1.254953836e-05,-5.302744535e-06,3.322720560e-06,-4.331914000e-06
1.395000000e+01,-3.262236944e-06,-1.111379737e-05,-1.998859187e-05,1.987491436e-06,-5.721990512e-06,-2.066222204e-06,1.455836383e-05,-1.007025922e-05,4.146586885e-06,-6.824962463e-06,-7.202310826e-06,-1.351802758e-05
1.396000000e+01,-1.075861897e-05,-1.101442741e-05,-1.333658240e-05,-3.445510977e-06,-1.792877910e-05,-2.327843835e-06,1.114194619e-06,-2.348501569e-05,-6.526502589e-08,-5.506724872e-06,-1.077761287e-05,-5.820403790e-06
1.397000000e+01,-6.880312686e-07,-3.658852373e-06,-6.282790634e-06,1.058174967e-06,-1.659496678e-05,-5.305455963e-06,-1.642815850e-05,-8.646204563e-06,-4.177547668e-06,-2.342436776e-05,1.525052642e-06,6.396029777e-06
1.398000000e+01,3.198310239e-06,-9.104405289e-06,-9.559825596e-06,-1.583930471e-05,-6.336020436e-07,-9.825271035e-06,6.670609604e-06,-1.230236266e-05,-1.255507014e-05,-5.044912627e-06,-9.479770066e-06,-6.671495327e-06
1.399000000e+01,-4.027304385e-06,-5.874476839e-06,1.213173858e-06,5.494097925e-06,1.038272463e-05,-1.670209235e-05,1.103399256e-05,-1.567538100e-05,-8.852081397e-06,3.645061739e-06,4.269714199e-06,-1.303343341e-05
1.400000000e+01,-2.001219813e-05,1.311190369e-05,4.057901995e-06,1.639487722e-06,5.620424520e-06,1.852401190e-06,2.440218778e-06,1.648385659e-06,-6.745657021e-06,4.688383359e-06,-9.970247172e-06,5.612495857e-06
1.401000000e+01,6.103912458e-06,1.047626734e-05,-3.475714475e-06,-2.349272428e-06,1.745339854e-05,1.302322654e-05,1.668207652e-06,1.648301768e-06,-6.374550380e-06,-4.310903633e-06,-4.799977608e-06,-3.826381222e-06
1.402000000e+01,5.043973699e-06,1.448598415e-06,1.861759251e-05,7.797792348e-06,8.146688179e-06,-2.006622118e-06,1.003409943e-05,1.467981305e-05,-4.164364372e-06,8.560047079e-06,8.878375199e-06,1.042024502e-06
1.403000000e+01,7.375439121e-06,3.337052138e-06,1.212517144e-05,1.681988039e-05,-1.770458871e-06,1.021222064e-05,1.326384038e-05,1.119379985e-05,1.009183173e-05,3.044991528e-06,4.569167480e-06,-3.059908660e-06
1.404000000e+01,-5.063032290e-06,1.110163523e-05,1.141128634e-05,1.859736968e-05,7.362578732e-06,1.064117091e-05,2.313990192e-05,8.791150361e-06,3.943016795e-07,2.181896702e-06,1.226221533e-05,1.086685984e-05
1.405000000e+01,-4.904534256e-06,-9.461343986e-06,1.420411222e-06,-1.010765344e-05,-1.342198814e-06,1.774576410e-05,1.167210479e-05,-4.253984553e-06,4.275362040e-06,2.569614563e-06,-5.444331073e-07,8.468647256e-06
1.406000000e+01,5.755168443e-06,6.558987582e-06,-5.588811729e-06,-9.409162632e-06,1.066191841e-06,-6.100966100e-07,9.745765130e-06,1.100199768e-05,7.381737292e-06,-8.339201440e-06,2.481324865e-06,-2.042307467e-06
1.407000000e+01,7.248560982e-07,-2.366347155e-06,5.977251411e-06,-1.538496958e-06,-5.062418157e-06,-4.246937186e-06,9.989789676e-06,7.122707793e-06,4.610511961e-06,-1.211172046e-06,5.367612447e-06,8.295441946e-06
1.408000000e+01,-7.081099432e-07,-1.959212734e-05,-4.904619198e-06,3.434982004e-06,-1.442602647e-07,3.944954163e-07,-4.252694803e-06,-1.635072874e-05,-1.053118987e-06,-2.427845527e-06,3.065609995e-06,-1.969708082e-06
1.409000000e+01,7.368793279e-06,-5.758674726e-06,-3.848287291e-06,-1.447836119e-05,-5.584486749e-06,8.112856069e-06,-6.821205792e-06,2.822660239e-06,8.032113613e-07,7.166046393e-06,-2.959896875e-06,-1.390541138e-05
1.410000000e+01,-3.376008727e-06,6.608033965e-07,-6.543243034e-06,2.705566553e-06,-4.120716137e-06,-1.402719717e-06,-1.125161325e-06,-3.834473750e-08,-7.032824465e-06,-3.569543161e-06,1.939754975e-06,-1.933589865e-06
1.411000000e+01,-6.861535048e-06,-3.197384650e-06,7.789088922e-06,1.536832591e-06,5.299681731e-06,-6.444442639e-06,2.084507676e-06,9.898445591e-06,2.336696960e-06,9.881787152e-06,-1.008733933e-06,1.229604558e-06
1.412000000e+01,3.285897133e-06,1.229875880e-05,4.706065825e-06,-6.075120662e-07,1.271765422e-05,3.635587134e-06,1.870314431e-06,8.627799270e-06,-2.319572310e-06,-4.739002174e-06,-1.272350116e-06,1.244854772e-05
1.413000000e+01,-7.256449231e-06,1.555528407e-05,1.202568854e-05,1.187013735e-05,6.782585870e-06,5.985389698e-06,3.885932278e-06,-1.987288332e-06,1.183567994e-05,9.889191202e-06,5.608839705e-06,1.145553174e-05
1.414000000e+01,4.559321963e-06,6.537851185e-06,9.396221356e-06,2.712776341e-06,-1.769780571e-06,1.127815874e-05,1.072882077e-05,7.513939544e-06,8.329511592e-06,-8.433339605e-06,1.067895249e-06,1.883799976e-05
1.415000000e+01,1.371273622e-05,-3.709283560e-06,1.237277819e-05,2.424152097e-06,7.104646963e-06,5.930886629e-06,5.605522952e-06,5.205381844e-06,1.004498251e-05,3.590001609e-06,4.623531926e-06,1.404179989e-06
1.416000000e+01,2.445861847e-06,6.842185877e-06,-2.256189392e-12,1.304700077e-07,-9.807243477e-07,2.157040865e-06,7.274265040e-06,4.988172986e-07,9.471110710e-06,-2.178973009e-06,2.390359361e-06,7.554795826e-06
1.417000000e+01,-4.447158860e-06,-6.488854989e-06,-2.447000170e-06,-8.058444271e-07,-3.794043927e-06,1.136209608e-05,1.501773615e-05,-1.443096988e-06,-5.716694356e-06,-2.120952108e-06,1.890399269e-06,-2.784648202e-07
1.418000000e+01,1.437035408e-05,-2.035858888e-05,3.555053100e-06,-4.884249548e-06,-6.962492936e-06,9.947033147e-06,-1.037845818e-05,4.141444117e-06,6.217841112e-06,-1.922906773e-06,-5.689257437e-06,-2.173035633e-06
1.419000000e+01,-1.119652055e-05,-5.053203934e-06,-1.416369630e-05,-6.991903835e-06,-1.227315520e-05,-3.748249222e-06,-3.254073350e-06,-3.960853253e-06,-1.879690895e-05,-5.741658455e-06,-3.574849205e-06,-7.248575453e-06
1.420000000e+01,-5.267605553e-06,1.028028060e-06,-1.558861010e-05,-1.406463954e-05,-2.967092420e-06,-1.044881321e-06,3.321350406e-06,-8.107141833e-06,-1.466745409e-05,9.248622278e-07,-8.816396236e-06,-7.309903066e-06
1.421000000e+01,-4.874970841e-06,8.150887063e-06,-1.667903832e-06,-1.101095304e-05,-5.700435378e-06,-9.874084308e-06,-1.571862389e-07,-1.022955634e-05,-1.472085182e-05,-3.500809045e-06,-3.740394371e-06,-1.325275496e-05
1.422000000e+01,-5.443241693e-06,2.552946862e-07,-2.458787617e-05,-1.666716999e-05,-1.451394148e-07,2.118290146e-06,-7.642824879e-06,-4.573018485e-06,2.605711471e-06,1.489546725e-05,7.035167429e-06,-3.160496117e-06
1.423000000e+01,-6.669447547e-06,-6.376664692e-06,-6.707813134e-06,5.245187606e-06,6.730056091e-06,-3.617404118e-06,-4.238085268e-06,8.179188397e-06,1.212183279e-05,-2.889384053e-06,1.718195635e-06,1.653482897e-06
1.424000000e+01,1.006006000e-05,1.614605030e-06,4.372387557e-06,-4.522122256e-06,4.534341999e-06,-4.017500718e-06,1.495850082e-06,-7.537493347e-08,2.054246291e-07,5.947499463e-07,1.156355507e-05,-1.219021785e-05
1.425000000e+01,-3.323715521e-06,1.136989416e-06,2.824296841e-06,4.523300544e-06,6.781805067e-06,-7.547267578e-06,-4.346101753e-06,2.553477467e-06,5.589651492e-06,3.212219714e-06,1.746317342e-05,5.274266414e-06
1.426000000e+01,7.286801445e-06,-8.819692932e-07,2.614573603e-06,1.184268141e-06,-1.162791793e-05,1.454962332e-05,7.025538824e-06,1.367994732e-05,9.040964585e-06,-3.866026809e-06,1.333963974e-05,-1.294240513e-05
1.427000000e+01,1.339668239e-05,6.197724864e-06,-2.530179163e-06,1.586263559e-05,-8.879823532e-06,-2.729395467e-06,7.092081589e-06,-3.862068027e-06,-9.390235851e-07,2.410347398e-06,-4.309025781e-06,-1.887092432e-06
1.428000000e+01,-3.059918759e-06,-3.618899627e-06,-1.197344619e-05,-4.308055870e-06,3.067961793e-06,-1.552899598e-05,-1.214065467e-05,-5.052224225e-06,-9.885458377e-06,-8.719437387e-06,-7.984933518e-06,1.313941050e-06
1.429000000e+01,-8.195368716e-06,-2.722058095e-07,1.007463424e-05,4.997568998e-06,8.977593138e-06,-9.023907934e-06,-1.806836081e-05,-1.784865373e-05,-4.809066999e-06,-2.283205518e-05,-5.321430796e-06,-1.341565601e-07
1.430000000e+01,-3.343759235e-06,-7.879350942e-06,-1.053381250e-05,-5.659862795e-06,-1.463896913e-06,8.783392025e-07,1.237444493e-05,7.685713382e-06,-1.343562176e-05,-1.188173076e-05,-1.592363551e-07,-1.257466435e-05
1.431000000e+01,-6.312940253e-06,-1.486643526e-05,-9.176054657e-06,-8.454938000e-06,-3.401529829e-06,-1.561383430e-05,1.904775231e-06,-4.894554093e-06,-1.716221833e-06,-4.385609293e-06,-1.040203783e-05,-8.185500540e-06
1.432000000e+01,-1.662144340e-06,-8.125967608e-06,-1.597993848e-05,-6.903020478e-06,-7.471539357e-06,-1.853626227e-05,-9.681063359e-07,3.981496660e-06,-4.096072731e-06,3.408640326e-07,-1.075183277e-05,-1.044244171e-05
1.433000000e+01,3.121437225e-06,6.183176895e-06,8.321149864e-06,-3.432465146e-06,5.022507790e-07,9.503466999e-06,-1.056859413e-06,3.380273607e-06,-5.567264171e-06,3.258537355e-06,1.971068864e-06,-8.208987361e-06
1.434000000e+01,9.966652502e-06,-4.080416760e-06,4.997685286e-06,-3.389058332e-06,1.165830537e-05,1.618882537e-06,-7.414321704e-07,3.250909324e-06,-1.432939883e-06,4.604321323e-07,-5.710548880e-06,-3.196207380e-06
1.435000000e+01,1.402176903e-05,-2.019180505e-06,-8.973377412e-08,7.468773443e-06,-1.448803143e-06,1.746936942e-05,1.449648269e-05,-1.920884113e-06,8.793835106e-06,1.263278668e-05,8.132291822e-07,1.004357429e-05
1.436000000e+01,1.684292552e-05,1.158315454e-05,1.668384061e-05,3.890951376e-06,1.239267200e-05,3.454111743e-06,7.608202968e-06,2.367140262e-06,9.358435932e-06,4.168956030e-06,5.947783370e-06,2.605912349e-06
1.437000000e+01,5.453655529e-06,3.756773969e-06,1.450168298e-05,8.809949727e-06,-2.058604979e-06,1.593008721e-05,5.666311814e-06,7.180284004e-06,6.424930948e-06,1.713399591e-05,-6.950033755e-07,-7.835405922e-07
1.438000000e+01,-7.568201451e-06,-1.896162730e-06,-5.515570233e-07,3.359271202e-06,1.624124954e-05,6.729955895e-06,1.715164450e-05,-1.306020448e-06,1.235078700e-05,-6.854083918e-06,1.832363458e-05,5.614084104e-06
1.439000000e+01,9.702267560e-06,9.832754012e-06,-3.453507304e-06,1.193542207e-05,8.678954583e-06,9.680164586e-06,6.795793698e-06,-2.162930370e-06,8.300420343e-06,1.865905578e-06,8.331164540e-06,-8.507510132e-06
1.440000000e+01,6.822712653e-07,-8.134192837e-06,-9.365690454e-07,3.174894353e-06,3.074834326e-07,-2.889012321e-06,3.771211235e-06,8.597649784e-06,7.991852833e-06,3.581366555e-06,6.765233108e-06,-4.570463645e-06
1.441000000e+01,-1.297610012e-05,8.088423171e-06,2.603770086e-06,3.470941255e-06,7.529725973e-08,1.176274788e-05,-5.219130578e-06,-7.285733733e-06,-2.315902354e-06,-6.893254911e-06,9.862251101e-06,2.872970567e-06
1.442000000e+01,-1.837846488e-07,-1.163170136e-06,9.124745529e-06,-7.701267552e-07,-1.466416003e-05,-8.162476480e-06,-2.172009858e-06,1.179856112e-06,-8.994646786e-06,-3.593426060e-06,3.773652869e-07,1.440190971e-06
1.443000000e+01,4.400295759e-06,5.165775808e-06,1.306002547e-06,-9.432197567e-06,-2.171334383e-06,8.787868629e-06,-1.386033156e-05,-7.067488166e-06,1.281505826e-05,-1.148629800e-05,8.892467686e-07,6.554211602e-06
1.444000000e+01,2.241904675e-06,-4.339009257e-06,-1.499011521e-06,1.997570688e-05,-4.616162384e-06,-1.380713060e-05,1.531291535e-05,8.041083568e-06,-1.013316479e-05,1.161808530e-06,3.285233814e-06,-1.867962594e-06
1.445000000e+01,-7.079844654e-06,1.879115230e-05,1.954372614e-06,2.324285991e-07,8.163697659e-06,8.934399062e-06,-1.258005058e-06,7.276855246e-06,6.351706451e-06,-7.694250168e-07,-7.864456948e-08,7.701876302e-06
1.446000000e+01,6.259731653e-06,8.656754770e-06,9.552446023e-06,1.275081273e-06,1.931758312e-07,2.474913766e-06,-2.499991855e-06,1.273796285e-05,1.262919706e-05,6.728981192e-06,-4.773878828e-07,8.094429973e-06
1.447000000e+01,5.325492538e-06,9.757342388e-06,1.501709211e-06,7.038829261e-06,-1.019068212e-05,6.960710871e-06,3.145813757e-06,1.950946641e-05,8.349327413e-06,1.066231659e-06,2.995378709e-06,1.518479698e-05
1.448000000e+01,6.215136271e-06,1.581112566e-06,1.331362889e-05,1.657523062e-05,2.414254653e-06,1.112179568e-05,8.695923567e-06,-9.985283466e-07,1.298941948e-05,3.853626294e-06,-6.876070910e-06,1.435710912e-06
1.449000000e+01,2.216775540e-05,5.650463106e-06,-1.369009147e-06,2.523340965e-05,1.662985734e-06,1.131643296e-05,-9.119356467e-06,-4.579874568e-06,-2.186213618e-06,-4.827392642e-06,5.538335888e-06,8.209636619e-06
1.450000000e+01,2.711552942e-06,-3.076235219e-06,3.051891886e-06,2.470376995e-06,-5.328990766e-08,1.465715444e-05,3.096057866e-06,4.960120453e-06,-7.204954565e-06,-1.638196952e-06,1.266313700e-05,-2.222473770e-07
1.451000000e+01,-3.324418675e-06,-1.854081771e-05,-5.845357722e-06,-5.408296103e-06,-1.251533297e-05,-2.317277406e-06,-1.065627562e-05,-1.166595538e-05,-7.759255290e-07,-1.901778960e-05,1.179257494e-07,1.365552076e-06
1.452000000e+01,2.424130310e-06,-2.943554282e-06,-6.760367237e-06,-5.565349579e-06,-1.283620874e-05,-1.072284351e-05,3.469602357e-06,-7.108133573e-07,-4.469011181e-06,-2.647188590e-06,-8.235901618e-06,-1.922597123e-05
1.453000000e+01,-1.203137501e-05,-1.174794783e-05,-6.549809669e-06,3.491495847e-07,6.119456941e-06,3.329686414e-06,-7.100140202e-06,-1.757796580e-06,-1.040969834e-05,-9.546777343e-06,-8.233128211e-06,-7.171988282e-06
1.454000000e+01,-3.988091175e-06,-4.048324608e-06,-1.485232400e-05,-1.669988601e-05,-4.031794946e-06,-8.383064505e-06,1.152566027e-06,-1.335917917e-05,1.386910062e-06,-1.326886999e-05,-4.193475176e-06,-5.499705708e-06
1.455000000e+01,-1.922152386e-05,-9.097376445e-07,-3.476921432e-06,1.084320832e-05,2.199116325e-06,-7.328731985e-07,-1.081483953e-06,-5.783074065e-07,-1.130194712e-05,-7.764544277e-06,-3.348912986e-06,4.353267675e-06
1.456000000e+01,-3.926615132e-06,1.607548183e-05,-8.485871483e-06,3.123401195e-06,-3.375235087e-06,1.417702268e-06,7.236227793e-06,1.872892163e-06,-1.109051619e-06,-3.089977602e-06,2.022265452e-06,8.876790275e-06
1.457000000e+01,-7.229501663e-06,1.282244672e-06,-8.080157362e-06,-3.861584952e-06,3.917451798e-06,1.771191495e-05,-3.584590073e-07,2.711192112e-07,-3.405241753e-07,-2.924390414e-07,6.621351088e-06,-2.889517336e-06
1.458000000e+01,-7.959509780e-07,-1.881981250e-06,-1.204060162e-05,-7.472340724e-06,4.452930887e-06,-1.220651860e-06,-1.226550569e-05,6.221176125e-06,-8.743439541e-06,-9.537885529e-08,1.884008153e-06,-8.181038779e-07
1.459000000e+01,-1.037231001e-05,8.272828606e-06,-9.815683641e-06,3.334671619e-06,-6.499136279e-07,-5.309575429e-06,3.495421516e-06,3.719362389e-06,4.692366378e-06,3.679975966e-07,6.257971998e-06,3.936755740e-06
1.460000000e+01,-1.368714169e-06,3.367174188e-06,-9.232630567e-06,5.117889139e-06,3.618452725e-06,-1.656918283e-06,4.478227176e-06,1.185648867e-05,8.478035922e-06,9.525399878e-06,2.001288332e-06,-5.738940764e-06
1.461000000e+01,-4.697655300e-06,-5.089613211e-06,2.621869803e-07,-1.673862216e-05,-8.743420239e-06,-9.552661193e-07,-4.602161366e-08,-2.617097897e-06,-7.226432319e-06,2.578925232e-06,-3.779904975e-06,-1.292602543e-05
1.462000000e+01,-4.656181893e-06,9.129778316e-06,-7.592515168e-06,8.958173863e-06,3.688650825e-06,-7.256601553e-06,-8.709623761e-06,-4.531946311e-06,-6.053576213e-06,-5.276225531e-06,5.048017931e-06,-3.247159403e-06
1.463000000e+01,-1.679103941e-05,-6.567196441e-06,-4.102642837e-06,-1.888331347e-05,-1.621448730e-05,-3.809069084e-07,3.255784482e-06,-4.060994551e-06,1.663366439e-07,-6.819520531e-06,-1.149646866e-05,-6.944592456e-06
1.464000000e+01,-1.225131932e-05,-1.268898464e-07,-7.999024811e-06,-1.074624849e-05,-2.587752640e-05,-1.030235065e-05,1.460271992e-07,-1.787577078e-05,-3.807289212e-06,5.498592777e-06,-6.412506595e-06,-6.799464515e-06
1.465000000e+01,-1.334384965e-06,-1.921081917e-05,2.470369298e-07,-9.494754147e-06,-5.742725349e-06,-5.494545796e-06,-1.466735442e-05,-5.810969139e-06,-7.303981946e-06,5.425188313e-06,-7.753861281e-06,-4.228609999e-06
1.466000000e+01,8.402338697e-07,-1.371879080e-05,3.149884308e-06,-9.362291765e-06,-1.844912687e-06,-2.718871315e-06,1.713643863e-06,6.403070633e-06,2.726328356e-06,4.909296343e-07,3.605411288e-06,7.132617909e-06
1.467000000e+01,-1.157536619e-07,-5.385959152e-06,5.319371770e-06,-3.837497794e-06,6.031749437e-06,-2.487524762e-06,5.628910911e-06,-4.081135899e-06,-2.873914377e-06,3.043797922e-06,1.050555567e-05,9.836889365e-06
1.468000000e+01,7.966167040e-06,-4.895626895e-06,-2.830220501e-06,3.380062804e-06,1.459662643e-05,1.974007700e-06,8.609686130e-06,3.992666494e-06,-2.372644991e-06,8.528388706e-06,5.641862141e-06,7.486292282e-06
1.469000000e+01,6.322114665e-09,1.661853384e-05,4.500534849e-06,6.393355456e-06,-1.217100914e-06,-4.771167462e-06,4.144839910e-06,-6.438448906e-06,3.599815426e-06,-3.790913472e-06,2.117665078e-06,1.174129008e-06
1.470000000e+01,9.490423764e-06,1.316548497e-05,6.601236996e-06,6.116568509e-06,4.584839049e-06,-4.232855421e-06,1.357644534e-05,-8.857471692e-07,2.538064065e-05,1.180709870e-05,3.052446320e-06,6.056984671e-06
1.471000000e+01,2.266869174e-05,1.448127931e-05,6.376959749e-06,-1.786439896e-06,2.082683181e-06,1.185068072e-05,9.195820796e-06,7.701156006e-07,9.164606828e-06,7.270155247e-06,2.503790619e-06,1.107295918e-05
1.472000000e+01,2.565130341e-06,2.612856068e-06,1.616801252e-05,1.289580852e-05,7.682696077e-06,3.084832479e-06,-1.484952159e-06,1.099953564e-05,3.338752661e-06,1.102572928e-05,2.996007460e-06,7.526264909e-06
1.473000000e+01,8.882833307e-06,-7.332381721e-06,-1.807684317e-06,3.116999181e-06,5.091192688e-06,3.613024328e-06,3.789157224e-06,1.634222657e-06,1.550814932e-05,2.565357737e-06,2.718940016e-06,-1.504992098e-07
1.474000000e+01,-7.895602660e-06,5.154666122e-06,-5.082098028e-06,6.438997132e-06,-5.559751428e-06,-5.866881739e-06,-1.923998162e-05,3.616729045e-07,-9.966239223e-07,-1.606250448e-05,1.743372393e-05,6.131795516e-06
1.475000000e+01,-4.283140812e-06,4.155838940e-06,-6.706419201e-06,-8.545747437e-06,5.908386551e-06,-5.610373958e-07,-8.306017611e-06,-1.185916294e-05,7.406448243e-06,-3.880187939e-06,-8.679522071e-06,8.627780395e-10
1.476000000e+01,-8.255229211e-06,1.386083389e-05,-7.276040202e-06,-8.810397627e-06,4.443706661e-06,-6.209392422e-06,1.295575999e-05,2.152263346e-06,1.044558273e-05,-1.704656680e-05,4.620278875e-06,-9.469848868e-06
1.477000000e+01,2.854634730e-06,1.410716824e-06,1.519394870e-06,1.602833792e-07,8.596598916e-06,8.581160596e-07,-6.335128109e-06,6.256850321e-07,-2.527322415e-06,8.228017539e-06,1.191559106e-05,-5.025620699e-06
1.478000000e+01,1.078939634e-06,9.262208739e-06,5.622726630e-06,-1.641767012e-05,9.190738292e-06,-4.674649526e-06,1.279184903e-05,1.339196562e-05,2.505486709e-06,3.713352141e-06,2.140337826e-06,5.955110551e-06
1.479000000e+01,2.117703557e-06,4.418423390e-06,4.993509135e-06,3.244224668e-06,1.424247388e-05,1.052535061e-06,4.252480253e-06,4.247641909e-06,1.095362469e-05,1.342789825e-05,1.159515049e-05,1.005415229e-05
1.480000000e+01,8.372508575e-06,4.663997297e-06,-6.793068671e-06,2.340347400e-06,6.592418494e-06,3.533224711e-07,1.033972074e-06,9.746791079e-06,3.610854654e-06,-6.553656597e-06,4.471917753e-06,7.891724510e-06
1.481000000e+01,1.330061153e-06,-1.308386312e-06,2.901805567e-06,6.275190382e-06,6.578456686e-06,2.078217176e-05,1.191280020e-05,-7.614143272e-06,1.307307256e-05,-2.463628617e-06,1.089793219e-05,5.906867714e-06
1.482000000e+01,7.830951433e-06,1.219679061e-05,1.900361064e-06,1.440875767e-05,-6.890176636e-08,1.021235797e-05,-9.003035345e-06,-3.008571760e-06,2.112364002e-06,5.113671641e-06,1.319091253e-05,-1.713445781e-06
1.483000000e+01,-4.034290405e-06,-4.038159457e-06,-2.451522029e-06,-4.917703924e-06,1.179833763e-05,5.219915195e-06,-4.946654618e-06,-9.436413919e-06,8.775234456e-06,3.433466387e-06,9.819956040e-06,5.291164317e-06
1.484000000e+01,-4.105255372e-06,9.756747395e-06,-4.028722361e-06,9.425486365e-06,4.325706686e-06,-3.353783226e-06,-2.553969060e-06,-1.967979905e-06,-3.549039986e-06,-6.246277436e-06,-6.814889078e-06,-1.584735889e-06
1.485000000e+01,-1.382772814e-05,-1.114860424e-05,-7.185291062e-06,-1.167485602e-05,-7.315901827e-06,-5.858754046e-07,-8.632151448e-07,-5.262632196e-06,1.801240953e-06,-2.685885793e-06,-6.554097302e-06,-2.058363903e-05
1.486000000e+01,-1.561167616e-05,-4.888457618e-06,-9.198598214e-06,-1.174328280e-05,-7.284654268e-06,-7.470276636e-06,-1.996600802e-06,-1.779831961e-05,5.555319439e-06,-6.792543078e-06,-1.786241805e-05,5.306674494e-06
1.487000000e+01,6.883748208e-06,-1.528179073e-05,7.656284850e-06,-6.682984702e-06,-1.313896290e-05,-1.480251025e-05,-1.414942426e-05,-2.337797698e-06,-4.514653616e-06,-1.360777146e-05,1.122703894e-05,-3.914501676e-06
1.488000000e+01,-1.039677382e-05,-4.700702944e-06,-6.822113485e-06,-1.540866362e-06,-1.492320756e-05,-8.396038657e-06,-1.461773667e-05,-9.455383145e-06,-3.249180796e-06,-1.999796801e-06,-6.625922836e-06,-6.225292366e-06
1.489000000e+01,9.964524750e-06,-1.861322891e-06,-1.035788357e-05,-5.933383893e-06,8.892830718e-06,9.676147166e-06,-1.605087805e-05,-1.595607782e-05,-9.902637764e-06,5.907318173e-06,-1.191310113e-05,-2.870551001e-06
1.490000000e+01,3.834797679e-06,-1.262876665e-05,1.942066333e-06,1.990779989e-06,-4.651514490e-06,-4.111945463e-06,1.036281657e-05,7.752409006e-06,6.225470280e-06,6.052568218e-06,5.644724918e-06,-8.575808127e-06
1.491000000e+01,-9.700571220e-07,3.642635538e-06,-4.489087537e-07,2.613265317e-06,6.596104589e-06,-3.395991562e-07,1.552311364e-07,-6.114886117e-06,4.396798526e-06,-1.310464501e-06,1.305859108e-06,-9.452669533e-06
1.492000000e+01,-1.726343894e-06,-6.468578933e-06,-2.178680645e-06,1.362429805e-05,-5.958929732e-06,8.790048179e-06,1.151199772e-05,-3.994081078e-06,1.375070611e-05,8.583832126e-06,6.450201377e-06,1.115653083e-05
1.493000000e+01,-3.011997363e-06,8.979708522e-06,-4.190589718e-06,-1.057850632e-05,2.467868512e-06,3.817715576e-06,5.919376214e-06,-1.605234778e-06,7.274507494e-06,-1.199397773e-05,1.059503587e-05,1.238128885e-05
1.494000000e+01,3.341399799e-06,-3.228550011e-06,-4.540925207e-06,-3.231330564e-06,5.679261234e-06,-2.543357003e-06,1.869298560e-06,-4.495336261e-06,-2.237386662e-06,-1.079262402e-06,-1.719169321e-05,-1.124862209e-06
1.495000000e+01,-6.431557882e-06,5.268169789e-08,1.710936432e-06,-1.062983437e-05,-1.382845954e-07,2.553814415e-06,-2.998098030e-06,-9.585865860e-06,-1.252669010e-05,-1.960980378e-06,-1.501137913e-06,-5.536583065e-06
1.496000000e+01,-2.764281673e-06,-1.188459652e-05,-1.387162092e-05,3.648040705e-06,-7.598966466e-06,-2.115443346e-06,-1.916516039e-05,-1.004367006e-05,-2.482824669e-06,-9.631232174e-07,6.820566438e-06,-1.229262297e-05
1.497000000e+01,-1.555440551e-05,-1.948940959e-05,2.704420166e-06,-5.916098050e-06,-6.863914914e-06,2.523811792e-06,-1.359227631e-05,-2.712809705e-06,-6.570895722e-06,-1.345749940e-05,-9.052945574e-06,-2.182516549e-05
1.498000000e+01,-1.428777136e-05,-8.058959268e-06,-1.411276348e-05,-5.898652081e-06,-1.107732649e-05,1.008366329e-06,-2.246625095e-06,-4.719939917e-06,-9.264541840e-06,-5.225124658e-06,-4.681561715e-06,8.304074692e-07
1.499000000e+01,-1.857813555e-05,-3.798812965e-06,-7.568835087e-06,-1.797034136e-05,1.071647423e-06,-4.060691946e-06,-4.065601629e-06,-1.331211281e-05,-5.030832009e-06,1.996689042e-06,4.695207955e-06,-4.317638351e-06
1.500000000e+01,5.259114119e-06,7.863339876e-07,-8.523008510e-06,1.026214039e-06,6.121882986e-06,7.235291925e-06,-7.419169231e-06,9.318091341e-06,-1.273728642e-05,-1.972704920e-06,-5.390000394e-06,1.237213658e-05
1.501000000e+01,2.448924469e-07,1.109210696e-05,-2.781032183e-06,1.260886647e-05,9.000737826e-06,-1.621112543e-05,5.845207479e-06,4.410433660e-06,1.276341689e-05,1.139129051e-05,-6.283795342e-06,-2.819215786e-07
1.502000000e+01,-3.953097723e-06,9.036212688e-06,8.875173092e-06,-4.074789314e-06,1.724773520e-05,1.239870073e-05,1.942911059e-05,-4.097293713e-06,1.602212516e-05,-1.242785324e-05,1.920963317e-05,1.062328246e-05
1.503000000e+01,7.061501233e-06,1.467271764e-05,-4.033775173e-06,4.996743992e-06,-4.678004429e-06,1.024447772e-06,1.395816041e-05,4.813297840e-07,9.781884943e-06,8.383018740e-06,-1.222207880e-05,-2.347589656e-06
1.504000000e+01,8.245072477e-06,-3.811908996e-06,1.401379065e-05,2.813594594e-06,1.925808657e-05,4.864539304e-06,-2.739693195e-06,1.716158377e-05,-4.200158314e-06,9.720087159e-06,1.040304926e-05,-1.982206941e-07
1.505000000e+01,-7.728028659e-06,8.264721030e-06,7.512546763e-06,-8.135847732e-08,-2.714172603e-06,9.917567940e-06,8.079381450e-06,-3.857853276e-06,-2.493660206e-06,-6.009027882e-06,-3.062818349e-06,1.053459264e-06
1.506000000e+01,-1.713946988e-06,1.066451518e-05,5.151172172e-06,7.603513255e-07,6.671294250e-07,5.873177405e-06,1.003696371e-05,1.569247639e-05,1.401491915e-05,5.469606992e-08,1.848005594e-06,-3.667978099e-06
1.507000000e+01,-5.484846868e-06,-6.700919314e-06,-9.814361237e-06,-1.109077885e-05,-8.477516589e-06,6.858845295e-06,-6.224709612e-06,-2.534301810e-06,-5.622959648e-06,5.867513706e-07,-3.840563398e-06,-5.852544246e-06
1.508000000e+01,1.329041201e-05,2.526549504e-06,7.343358922e-06,1.183273264e-06,-2.108739450e-06,-5.096404463e-06,2.192410205e-06,5.850816169e-06,-8.111202886e-07,-1.929918307e-06,-5.290456294e-06,-4.248061016e-06
1.509000000e+01,-7.352643864e-06,4.224264397e-06,1.609485627e-05,4.104243177e-06,1.284890635e-06,-1.802404780e-05,-8.778550223e-07,-1.254508690e-06,-1.187226107e-05,4.730843266e-06,-2.445238426e-06,2.275173095e-06
1.510000000e+01,-4.342385585e-07,-4.866938113e-07,-1.007851664e-05,2.355572892e-06,-6.680501659e-06,1.399668035e-06,1.179931562e-06,-1.571170836e-05,1.654801341e-05,-2.502972790e-07,1.070217028e-05,-1.707471118e-06
1.511000000e+01,-5.414728455e-06,8.746756185e-06,-6.193147227e-06,8.677267410e-06,-3.554333740e-06,1.373935595e-06,6.576622579e-08,1.262492428e-05,1.750885985e-06,-6.236622593e-06,9.488893822e-06,7.018589840e-06
1.512000000e+01,6.515577959e-06,7.775833391e-06,8.840942118e-06,3.350965557e-06,-3.152481518e-06,7.136118489e-06,-5.215075133e-07,2.287717663e-05,3.986077541e-06,1.362017113e-05,-6.199182356e-06,2.758612222e-06
1.513000000e+01,-9.293357353e-06,1.327121228e-05,1.292930987e-05,7.161617348e-06,4.751492075e-06,1.781793069e-05,6.524648225e-06,8.987181914e-06,8.792198247e-06,1.396505799e-05,2.984433076e-06,5.523519570e-06
1.514000000e+01,1.545297878e-06,-6.742295043e-06,-1.610299209e-06,9.938615257e-06,3.422434978e-07,2.695942466e-06,7.842906016e-06,8.600116255e-06,1.917102135e-06,2.943790263e-06,1.439263260e-05,1.077407942e-05
1.515000000e+01,-6.794432897e-08,4.311753970e-06,9.426255609e-06,1.438258079e-05,7.440233484e-06,6.359939603e-06,-6.607225432e-06,7.696212561e-06,1.032722500e-05,-1.354471947e-05,4.611101505e-06,6.812271683e-06
1.516000000e+01,8.280658515e-06,-9.811652151e-07,9.786598277e-06,8.804532706e-06,-1.424093641e-05,3.318490420e-06,5.213970987e-06,8.034258136e-06,8.107882232e-06,1.316136046e-06,9.391514373e-06,-8.271158414e-06
1.517000000e+01,3.816552406e-06,3.292205111e-06,-3.741429929e-06,8.003227615e-07,3.693011667e-06,1.657056775e-05,7.030630393e-07,-3.662748396e-07,-5.651496115e-06,3.028271300e-06,-2.596379947e-06,2.366026370e-06
1.518000000e+01,-3.893610100e-06,-1.590099264e-07,-1.361773280e-06,-3.763221425e-06,-1.216196129e-05,-6.648091492e-07,-5.800169685e-06,3.094307229e-06,-4.767569766e-06,-1.066491077e-05,-8.246397435e-06,-1.879350262e-05
1.519000000e+01,6.164211372e-07,-4.539344739e-06,-5.631306906e-07,-2.781644987e-06,-4.219775482e-06,6.076229323e-06,2.693043916e-06,-9.620541755e-06,-3.605863152e-06,-7.907533398e-07,-1.194249307e-05,-1.282350216e-05
1.520000000e+01,-1.111215840e-05,-3.359024627e-06,-1.072541442e-05,-6.406719066e-06,-9.421540972e-06,-8.612295725e-07,-2.777657960e-06,-8.525833857e-06,-4.599930979e-06,1.012216389e-05,2.186796763e-06,-1.758533601e-05
1.521000000e+01,-1.055733791e-05,4.355149230e-06,5.093561591e-07,-1.185558522e-05,-5.792991857e-06,-8.683144942e-07,-1.088344393e-06,-1.768930091e-06,-2.960650802e-06,-6.140454473e-06,7.507120615e-07,-1.385582458e-05
1.522000000e+01,6.073202871e-06,-2.949757911e-06,-1.971646988e-06,-8.696231858e-06,2.174698858e-06,-1.554330576e-05,-6.950775034e-06,-1.236115863e-07,-5.716230661e-06,1.134113669e-06,-6.864193129e-06,5.155898020e-06
1.523000000e+01,4.285731410e-06,4.819903970e-07,3.130294330e-07,-6.971337283e-06,5.625963594e-06,-1.090563846e-05,-4.469257199e-06,-8.946236054e-06,9.282675104e-06,1.227444030e-05,5.942713115e-06,3.281311736e-06
1.524000000e+01,-1.140735434e-05,3.789208054e-06,8.743147274e-07,5.630075180e-06,2.113689623e-06,3.943336135e-06,-9.009218745e-06,6.421774155e-06,1.032283604e-06,-4.171618626e-06,3.128175918e-06,1.330861235e-07
1.525000000e+01,1.168698078e-05,3.291979794e-06,-6.460130164e-06,-3.762078372e-06,9.343592099e-06,-1.756870459e-06,3.130232252e-06,1.320835199e-07,-1.339593866e-06,2.575611426e-06,-1.433486063e-06,2.327114336e-06
1.526000000e+01,-2.072393402e-06,2.162273064e-06,8.120634023e-06,-2.790509050e-06,-4.703898748e-06,1.540843174e-05,1.402783664e-05,-3.670475819e-06,-1.466471772e-07,1.354828376e-05,3.499512060e-06,-7.378119112e-06
1.527000000e+01,-1.023743576e-05,-1.279249065e-05,9.772806670e-06,4.180999146e-06,5.890979288e-06,-6.741014404e-06,-3.540821562e-07,3.356056202e-06,-6.390533002e-06,-1.884954473e-06,-1.632315830e-06,2.916662720e-06
1.528000000e+01,1.258882447e-06,5.257861730e-06,-7.855848103e-06,3.783640379e-06,-1.021195140e-05,7.944181039e-06,-2.288670596e-06,3.773118349e-06,1.807528466e-06,-3.836705247e-07,-1.647063623e-05,1.856020878e-06
1.529000000e+01,-1.596081666e-05,-1.497625782e-05,-1.596521375e-06,1.042393578e-06,2.240324533e-06,-5.195602363e-06,-7.067660036e-06,4.590993750e-06,-1.180986148e-05,-6.028548479e-06,-6.568774856e-06,2.627029805e-06
1.530000000e+01,-1.691169591e-06,8.504661885e-06,-1.065643984e-05,-1.122581170e-05,-2.351572893e-06,3.140969800e-06,-9.459460961e-06,-1.249679025e-05,-9.613522067e-07,2.221470112e-06,-4.368580544e-06,-1.260337769e-05
1.531000000e+01,-8.348680984e-06,-1.619912021e-05,-7.418929302e-06,-4.158218858e-06,-4.197931926e-06,-8.662474944e-06,3.846155944e-06,-1.322455861e-05,-1.113198017e-05,-4.766005634e-06,-7.280805220e-06,-1.131459986e-05
1.532000000e+01,-1.114912166e-05,5.257722854e-06,-5.378525279e-06,-1.558505807e-05,-7.818180553e-06,-2.155066114e-06,2.723846933e-06,-4.665727901e-06,-4.641310976e-07,-5.892571326e-06,-1.207231685e-05,-8.955049534e-06
1.533000000e+01,-2.410594293e-06,-9.467909678e-06,-1.451477149e-06,-6.482136431e-07,-3.108580035e-06,1.297193649e-06,2.163178439e-06,8.620526221e-07,-3.596093246e-06,-5.994702532e-06,6.511639710e-06,-8.874939074e-06
1.534000000e+01,-9.066223972e-06,-8.352737466e-06,-3.568012778e-06,5.597067083e-06,4.478727136e-06,-4.662026417e-06,-7.162100250e-06,-1.411523573e-06,-1.982129317e-06,5.155884495e-06,-1.040134865e-05,5.745930597e-07
1.535000000e+01,-6.971666601e-06,1.657304871e-05,2.151338499e-05,9.873880041e-06,3.055282536e-06,8.395588338e-06,5.296081653e-06,3.708013447e-06,-2.234679304e-06,8.154897540e-06,2.178759518e-05,4.916284229e-06
1.536000000e+01,-5.156245971e-06,1.231803423e-05,1.939132062e-05,1.478801116e-05,7.531695752e-06,-6.019615096e-06,1.259748947e-05,-3.608019714e-06,2.011537047e-05,3.804298651e-06,1.837438544e-06,3.740181143e-06
1.537000000e+01,7.238969884e-06,1.256963209e-05,8.994953935e-06,1.023995716e-05,1.055489833e-05,-9.457987667e-07,1.370541080e-05,8.424974591e-06,3.630559582e-06,9.540275164e-06,3.078134919e-06,1.746319594e-05
1.538000000e+01,-1.094024176e-06,-4.857445198e-06,1.054819085e-05,4.367652486e-06,1.866162350e-05,1.023338073e-05,1.567142739e-06,6.229610415e-06,2.845394859e-07,3.457326084e-06,-1.100460783e-05,7.879917336e-06
1.539000000e+01,3.592398264e-06,6.765044421e-06,9.678324742e-07,3.060706645e-06,-1.498051077e-05,-4.324424167e-06,1.116223445e-05,3.944197776e-07,-6.649230262e-07,1.087895173e-05,-2.198517040e-05,-9.872766018e-06
1.540000000e+01,2.954790474e-06,-4.141781881e-06,-6.982874995e-06,3.626107643e-06,-5.835050505e-06,-5.129813337e-06,1.182538871e-05,-3.708311695e-06,4.644255174e-06,-6.695469930e-06,9.340313834e-06,-6.365261579e-06
1.541000000e+01,2.217361974e-06,-1.930044016e-05,-8.797250847e-06,-4.747338636e-06,-3.951247966e-07,-6.909618858e-06,-6.545320853e-06,-4.739635852e-07,1.498808901e-07,3.704692270e-06,7.900052666e-06,-7.112289726e-06
1.542000000e+01,-1.198071774e-05,3.760405644e-06,-1.672906350e-05,1.599132583e-06,3.688277865e-06,-1.759964488e-07,-1.276625927e-06,-5.917499561e-06,-3.141580275e-06,-1.650757710e-05,8.419836848e-06,4.875101077e-06
1.543000000e+01,3.198298914e-06,1.310373076e-05,-2.705537989e-06,-8.751313204e-06,4.972242339e-06,-1.435896386e-06,7.826705883e-07,-1.494027632e-05,4.600299393e-06,-2.854714741e-06,1.109530700e-06,-7.701101005e-06
1.544000000e+01,-2.530222654e-07,2.310104652e-06,1.580175460e-06,-4.119059844e-06,1.386232167e-06,-7.891517487e-06,6.402524581e-06,9.811349780e-06,-6.003541306e-06,2.279972394e-06,3.183930431e-06,2.388052906e-07
1.545000000e+01,1.869456392e-05,8.639544414e-07,1.294778278e-05,1.693407285e-05,2.067522597e-05,6.322123897e-06,1.503644206e-05,-2.476283325e-06,-5.950237608e-07,6.415823687e-06,8.544792094e-07,-1.082962393e-06
1.546000000e+01,5.893490352e-06,1.101397532e-05,8.314006453e-06,-1.529501374e-05,5.400682452e-06,-3.775242305e-06,9.200101382e-06,6.602312853e-06,1.045729244e-05,1.229989699e-06,1.484709793e-05,1.419873303e-06
1.547000000e+01,1.961988198e-06,2.860732447e-06,5.273586639e-06,3.604970644e-06,2.860428446e-05,1.383655647e-06,1.581286272e-05,4.434366474e-06,8.157372540e-06,1.070725137e-05,9.701945900e-07,1.018309007e-05
1.548000000e+01,-8.913966726e-07,1.800249819e-05,-1.334035180e-06,2.516083965e-05,-5.462268535e-06,5.653094533e-06,-1.114511087e-05,1.985823611e-05,1.605846019e-05,2.438217949e-06,1.626127767e-05,1.489297816e-05
1.549000000e+01,-7.770018297e-07,1.802439545e-05,2.889164602e-06,1.177643415e-05,-6.299505871e-06,1.131861694e-06,-5.555721754e-08,5.765925034e-06,-1.204346624e-05,-7.384996183e-06,3.341392356e-06,4.563199118e-06
1.550000000e+01,-8.277301560e-06,9.042011343e-06,-4.528755301e-06,-6.238745144e-06,-2.168324055e-06,-6.893799490e-06,-1.814277385e-05,-1.934790271e-06,-9.718710660e-06,-7.128072807e-06,-2.947027211e-06,-7.706466884e-06
1.551000000e+01,-1.536365058e-05,-9.806990428e-06,1.850630624e-06,-7.308250537e-06,6.918611599e-07,-5.151096831e-06,-2.303161047e-05,-1.024727901e-05,-7.076101234e-06,-6.442489219e-06,-1.884544184e-05,8.277018702e-07
1.552000000e+01,-7.593655716e-06,7.799207800e-07,-1.794533545e-05,8.615787995e-06,-1.621450066e-05,-7.047650647e-06,-5.016982446e-06,-1.019846651e-05,-1.519823159e-05,-4.664518812e-06,1.826205799e-05,-1.491327925e-05
1.553000000e+01,-1.779821260e-05,-4.674593220e-06,-2.873809095e-06,-3.463084209e-06,-7.629715949e-06,-8.138626649e-06,9.631393931e-06,-8.600092153e-06,-9.981596340e-06,-1.598446354e-06,-1.327541474e-05,3.280106063e-06
1.554000000e+01,-3.452687434e-06,-1.342687678e-05,-1.412823584e-05,-6.174507564e-06,2.623169263e-06,-1.286836284e-06,-2.077460687e-06,4.106198032e-06,-8.247088097e-06,-2.511765166e-06,-8.741943894e-06,-4.327969424e-06
1.555000000e+01,-1.330265240e-05,-3.529542921e-07,-6.124569226e-06,3.392605839e-06,-8.707725787e-06,3.269396252e-06,-3.449354989e-06,-7.972214834e-06,-1.314730878e-05,1.000236315e-05,-7.009941781e-07,-6.657702385e-06
1.556000000e+01,-3.876907187e-06,-9.361098452e-06,-1.421968664e-06,-1.039178697e-05,-4.461468991e-06,-4.375875754e-06,2.068039117e-06,2.379311392e-06,-8.416976862e-06,-1.347905043e-06,-8.442548241e-06,4.049633677e-06
1.557000000e+01,5.842423794e-06,5.031184509e-06,-8.742853731e-06,4.096128601e-06,-9.328328409e-06,-2.393858034e-06,-5.311312891e-06,1.220460493e-06,7.571701699e-06,1.659217973e-05,-5.203737179e-06,4.141759154e-06
1.558000000e+01,-2.507914299e-06,1.293406654e-05,-5.499739706e-08,-1.026254340e-05,-3.774640236e-06,3.578939603e-06,3.563955702e-06,5.788069272e-06,4.853586057e-06,4.141747507e-06,1.300835758e-05,-2.639704615e-07
1.559000000e+01,-7.712313193e-07,-4.677234858e-06,3.216156483e-06,6.544237724e-06,-3.280955513e-06,4.028326469e-06,5.089537190e-06,1.353769287e-07,1.458868047e-05,4.204977671e-06,1.564555114e-06,1.071045992e-05
1.560000000e+01,1.492994234e-06,-5.663936781e-06,-1.834507983e-06,-1.303541546e-06,1.471560528e-06,8.556887565e-06,-6.254710585e-06,-1.825751870e-07,2.155197999e-06,-5.463989547e-06,-1.009991718e-05,9.038349512e-06
1.561000000e+01,1.794937894e-05,-8.111989131e-06,8.469728203e-06,1.559386787e-05,9.490943570e-06,1.073672385e-05,1.659163585e-06,3.010716241e-06,7.995266438e-06,4.739190720e-06,2.004230872e-06,-2.161563911e-07
1.562000000e+01,1.609315102e-06,-4.470833393e-07,-3.935944844e-06,4.619528801e-06,-5.656055847e-06,8.363887606e-07,-8.126587602e-06,-1.137675751e-05,-5.118691078e-06,-5.452949734e-06,1.556934523e-06,1.111839677e-05
1.563000000e+01,-5.234647675e-06,-6.639750189e-06,-7.215749165e-06,-1.207899670e-05,-1.542957721e-05,-1.242328166e-06,-1.183276287e-06,-1.374068155e-05,-1.121441536e-05,-1.050459622e-05,-4.793534527e-06,9.459662280e-08
1.564000000e+01,-1.244320505e-05,-1.111754503e-05,-8.813023098e-06,-9.165620066e-06,-8.156313746e-06,-1.058204751e-07,-9.889582954e-06,-1.485903653e-05,-2.904429189e-06,-1.026455364e-05,-5.431313075e-06,-9.033805059e-06
1.565000000e+01,-1.328648003e-05,-7.582529817e-06,-4.771626618e-07,-1.630699613e-06,-7.181023364e-06,-5.109662938e-06,-7.025799314e-06,-1.573635639e-06,-1.358737031e-05,-9.202499095e-06,-2.156569569e-06,-7.695869528e-06
1.566000000e+01,-1.024146756e-05,-2.096818719e-05,-3.524035496e-06,6.369740671e-06,-1.266364693e-05,-8.547163305e-06,-6.586838967e-06,-1.153511124e-05,-7.845184435e-07,-4.330936653e-07,-6.809779378e-06,-1.302364988e-05
1.567000000e+01,-6.532915488e-06,3.035770779e-06,-7.241265675e-07,1.305068819e-05,2.371915092e-06,-1.830343394e-05,-1.973466780e-05,9.002038286e-06,-1.149863857e-05,-5.498078264e-06,5.277131104e-06,8.399525114e-06
1.568000000e+01,7.484848633e-07,5.848769128e-06,5.043281199e-06,-1.855306107e-06,1.295297533e-06,6.464584256e-06,1.275114245e-05,-7.159051184e-08,6.411476190e-07,3.607661157e-06,-3.031934018e-06,-4.790271463e-06
1.569000000e+01,-5.547647901e-07,2.227375364e-05,1.131382018e-05,-5.427536168e-06,-5.536158034e-07,-6.675158094e-06,8.501568079e-06,6.401597163e-06,9.496776361e-06,8.566841192e-06,1.738988701e-05,6.231950352e-06
1.570000000e+01,-2.808508855e-07,6.545565398e-07,-3.707008200e-07,-2.922301446e-06,1.516349974e-07,1.149589488e-05,1.335841823e-05,6.179314405e-06,1.716056247e-05,-2.000143126e-06,1.027341124e-05,2.176054054e-05
1.571000000e+01,2.067919894e-06,5.001609629e-07,7.744235314e-06,-9.129632118e-06,-5.441446829e-06,-2.475389776e-06,1.392213053e-06,1.242110901e-05,2.441340289e-06,5.844567402e-06,2.776623799e-06,-6.818326987e-06
1.572000000e+01,-6.660893131e-06,6.666945174e-06,-9.256596365e-07,-3.048252448e-06,1.718043489e-06,5.571175988e-06,1.266312956e-05,1.299015302e-06,3.223276182e-07,2.699791517e-06,5.821814370e-06,9.261337702e-06
1.573000000e+01,5.640785694e-06,5.201801903e-06,-5.643285590e-06,1.985690638e-06,-1.048217938e-05,3.146252509e-06,-2.484890933e-06,9.241002759e-06,7.484718473e-06,1.316222589e-05,-2.122500272e-06,-5.045943478e-06
1.574000000e+01,-1.160072512e-06,-6.649828185e-06,5.382927527e-06,5.211270227e-06,4.879479720e-07,-8.982198001e-06,1.908509879e-06,9.475880333e-06,7.822834950e-06,-1.376284638e-05,4.444145648e-07,5.809941450e-06
1.575000000e+01,-2.924455360e-06,1.532738457e-05,1.303425499e-05,8.509339608e-06,-1.174363984e-05,-5.769394103e-06,-4.764847302e-07,6.028657719e-06,-4.645628587e-06,-3.688958361e-06,4.323684663e-06,-4.995425043e-07
1.576000000e+01,-6.064347753e-06,-4.662696412e-06,9.346268431e-06,-5.963720741e-06,-4.821575287e-06,-7.119228140e-06,3.928286288e-06,1.293740769e-06,-1.070416668e-06,-1.927372324e-06,-7.523647192e-06,-1.485642866e-05
1.577000000e+01,1.122136107e-05,1.141305239e-05,-1.634064089e-05,-5.958968106e-07,-2.407542404e-06,-8.019016578e-07,-2.177732457e-06,-2.287321550e-06,1.541436935e-05,1.107356019e-05,-1.778179343e-05,1.362631072e-05
1.578000000e+01,6.617554019e-06,2.518808727e-05,6.166605246e-07,1.151973266e-05,4.022239449e-06,-6.924910739e-07,4.851868376e-06,3.603765970e-06,8.950725455e-06,-7.455185617e-07,-6.282561962e-06,9.435361526e-06
1.579000000e+01,8.456218966e-06,1.199709798e-05,-1.187867917e-06,1.097789786e-05,9.154992765e-06,1.448727687e-05,8.212285434e-06,7.965916557e-06,1.773836897e-05,2.527248625e-06,5.288373208e-06,7.469725897e-06
1.580000000e+01,1.454444740e-05,6.727511790e-06,2.706658491e-05,5.044193730e-06,7.466328934e-06,7.493101932e-06,8.543290114e-06,3.142633404e-07,1.305929719e-05,-3.046062142e-07,2.072607856e-06,9.694918519e-06
1.581000000e+01,1.047497988e-05,3.002062658e-06,1.255384172e-05,9.379157589e-06,7.572419114e-06,1.620739312e-05,1.049815284e-05,7.984658372e-07,1.269005945e-05,-1.642098121e-07,-9.750675538e-07,9.128982997e-06
1.582000000e+01,4.310164592e-06,5.407234304e-06,-4.234066816e-07,1.340756460e-05,7.179833528e-06,-1.400676170e-05,5.684284008e-06,1.360547771e-06,-6.846566466e-07,7.870093425e-06,1.561006091e-05,-6.808398759e-07
1.583000000e+01,-1.082029866e-06,-1.045583164e-05,-1.470762475e-05,9.253655254e-06,5.555172232e-06,9.139413234e-06,1.837744423e-06,2.004519256e-05,-3.558229482e-06,-4.641298060e-06,6.709717736e-06,3.317967882e-06
1.584000000e+01,-3.685813510e-06,-1.570551014e-06,4.209528720e-06,-3.028439365e-06,5.390308046e-07,-3.773773746e-08,3.681551583e-06,-2.859426933e-06,-3.470646976e-06,1.208712448e-07,-8.471334597e-06,4.356875257e-06
1.585000000e+01,-2.412696872e-06,-1.636288318e-05,4.488972022e-06,-4.847613649e-06,-7.190153501e-06,-2.413754591e-06,-9.553934260e-06,-3.754994373e-06,-2.599990204e-06,-8.513467300e-06,-8.070070740e-06,-5.714103076e-06
1.586000000e+01,-1.104434670e-05,-1.470110802e-05,-2.502144841e-06,-2.455742786e-06,-2.380264159e-06,-1.907997017e-06,-1.940654242e-05,-3.452834395e-06,-8.776662290e-06,-1.114393303e-06,-5.816524837e-06,-1.672700511e-05
1.587000000e+01,-9.727054137e-06,-2.729434105e-05,4.606987863e-06,-6.112315749e-06,-1.265952016e-05,-6.528102931e-06,-1.108276381e-05,-8.649510515e-06,-5.406809466e-06,-1.010091937e-05,-3.407734025e-06,-1.257812290e-05
1.588000000e+01,-6.627634950e-06,7.401189707e-07,-1.372570491e-05,1.895781683e-06,-1.353747608e-06,1.799800029e-06,-8.488726151e-06,3.104238224e-06,4.738955917e-06,-1.326579574e-07,6.458182737e-06,4.660444396e-06
1.589000000e+01,-3.276268046e-06,-5.564926007e-06,9.593615890e-06,-4.039466158e-06,-4.873208657e-07,6.293047681e-06,-4.051219275e-06,-6.890265216e-08,-1.269893036e-05,4.270135744e-06,6.241590625e-06,-6.621481853e-07
1.590000000e+01,-5.973099298e-06,8.382916890e-07,-4.112961167e-06,6.868403380e-06,1.308172820e-06,-1.300124414e-05,-4.765292007e-06,-8.414999890e-06,-6.234523543e-06,8.681496466e-06,7.797673171e-06,5.898894380e-06
1.591000000e+01,8.319641568e-06,-2.971339600e-06,-8.249752623e-06,-3.249469253e-06,1.057696865e-05,-1.935692478e-06,5.090625905e-06,1.400038487e-05,-8.291077616e-06,-1.040628717e-05,1.493003157e-06,1.110984354e-05
1.592000000e+01,-1.155743585e-05,5.240407483e-07,1.116374177e-05,4.848844361e-06,7.984100942e-06,2.021015261e-05,1.225215829e-05,-8.719648912e-06,1.864408939e-06,1.044052931e-05,-6.240018349e-08,3.504925901e-06
1.593000000e+01,4.012453638e-06,1.116989730e-05,5.359266058e-06,7.856279156e-06,-1.013065031e-05,8.117053280e-07,4.589875839e-06,5.868577086e-07,6.286809947e-06,5.148170678e-07,-8.055552903e-06,1.167459568e-05
1.594000000e+01,-1.285703513e-05,-3.404731880e-06,1.307893122e-05,1.596741708e-05,5.995450324e-06,1.999595658e-07,-2.578072492e-06,9.156217059e-06,4.995851461e-06,-8.868326132e-06,-2.194458207e-06,-1.075732878e-05
1.595000000e+01,-1.221949927e-06,6.608569835e-07,-8.833996700e-06,-1.573256678e-05,-6.438134111e-06,1.498428456e-06,-1.618778494e-05,-3.444379750e-06,4.077799544e-06,-7.684544278e-06,-4.404061579e-07,-3.172286391e-06
1.596000000e+01,-4.939907766e-06,5.437803159e-06,-5.006311473e-06,-2.879409621e-06,-1.623839940e-05,-3.920986856e-06,-5.136090299e-06,-1.053569293e-05,-4.863250536e-06,-1.488134231e-05,-1.039011937e-05,7.209741853e-06
1.597000000e+01,7.224548774e-06,6.876459378e-07,-7.025908667e-06,-9.166713939e-06,5.421029567e-06,-1.672081982e-05,-6.641284321e-06,6.984639174e-06,-3.064104489e-06,-8.805469549e-06,-1.525829309e-05,-5.996709318e-06
1.598000000e+01,-1.834254027e-05,-2.153409378e-05,3.122959134e-06,-2.334633743e-05,6.411228132e-06,-3.296915794e-06,-1.398482636e-05,-1.473470986e-06,-5.526535554e-06,-1.051961571e-05,-6.349001950e-06,-4.726970155e-06
1.599000000e+01,-1.361531042e-05,-1.098852125e-05,-2.958443768e-06,-4.560029091e-06,-1.165580243e-05,-1.060374344e-05,8.990540679e-06,-9.191500837e-08,-3.510881602e-06,4.704036083e-06,7.691367979e-07,-9.152532348e-06
1.600000000e+01,3.260282390e-06,7.595693395e-07,-5.379385334e-06,1.803459169e-05,-5.536627372e-06,-3.369982334e-06,2.089353548e-05,-5.898940509e-07,-1.235044727e-05,4.108403731e-06,-8.128259438e-06,4.132446685e-06
1.601000000e+01,-1.298643701e-06,7.640763316e-07,9.151021193e-06,1.255820876e-05,5.268013870e-06,-1.632125450e-06,-3.749689379e-06,1.301243149e-05,1.228736832e-06,-1.307323530e-05,-3.624972434e-06,-1.212594389e-05
1.602000000e+01,4.164211846e-06,6.348282179e-07,1.171485866e-05,5.481309340e-06,6.514406709e-06,1.582772826e-05,6.919458459e-06,8.366520287e-06,1.063228908e-05,-5.013599409e-06,-5.648544644e-06,1.843601476e-06
1.603000000e+01,4.705520664e-06,9.181336380e-06,-1.645501857e-06,8.418345347e-06,9.579353968e-06,3.666812983e-06,9.998499311e-07,1.873097915e-06,-8.218360994e-06,-5.235750184e-06,1.661551965e-05,5.475819912e-06
1.604000000e+01,1.671139461e-05,1.091966816e-05,-6.890066284e-08,1.451493875e-05,4.775709481e-06,1.006011860e-05,8.790297670e-06,9.574665429e-06,1.300466410e-05,1.165153918e-05,6.368890856e-06,7.854778206e-07
1.605000000e+01,4.344103003e-06,8.574097063e-06,1.529491603e-05,1.974427148e-05,-1.241152694e-05,9.263416050e-06,-7.997237807e-06,1.157341837e-05,2.297693498e-05,2.283121369e-06,1.529970596e-05,3.045942308e-06
1.606000000e+01,-4.072683145e-06,-1.618853032e-06,-1.486022505e-05,4.051407754e-06,2.895960173e-07,-1.085028364e-07,1.236231089e-05,3.007343929e-06,-4.179039935e-06,-5.988261778e-06,-1.318892165e-06,-1.433932408e-06
1.607000000e+01,6.485889757e-06,8.178422352e-06,2.806982773e-06,2.097683333e-06,1.540470480e-05,6.834156080e-06,5.635335729e-06,-1.075603022e-05,6.875303095e-06,-1.235427502e-06,1.942508778e-05,-4.457909571e-06
1.608000000e+01,3.484534108e-06,7.460598704e-06,-5.259947732e-06,-8.798521463e-06,-1.268728627e-05,-2.707924559e-06,-1.153825692e-05,-3.913833366e-06,-1.261468627e-05,3.727503700e-06,-4.397242191e-06,-5.578730864e-06
1.609000000e+01,-1.053318258e-05,2.473926155e-06,-2.436647918e-06,-1.393049273e-05,-4.154227369e-06,-1.779908085e-06,5.410817562e-07,3.701020036e-06,-2.145179541e-06,-7.759461212e-06,9.202717840e-07,-9.870943406e-07
1.610000000e+01,-1.823733445e-05,3.339205090e-06,5.310326950e-06,-1.405277894e-05,-6.209841840e-06,1.223931435e-05,-4.269017768e-06,7.423000066e-06,4.309587918e-06,2.885496177e-06,1.886603310e-05,-3.855052374e-06
1.611000000e+01,1.201636391e-05,-3.978595250e-06,8.862183669e-06,-9.406166415e-06,-2.048629107e-06,-1.047651630e-06,2.365737332e-06,6.101041975e-06,1.036341377e-05,3.801404714e-06,1.501248609e-07,-1.453697178e-05
1.612000000e+01,6.045566803e-06,-1.713176018e-06,1.009990951e-05,4.212202917e-06,8.321738053e-06,7.921278870e-06,1.279739158e-05,8.758209929e-06,-2.425115761e-07,4.112831398e-06,2.736635422e-06,-6.273517260e-06
1.613000000e+01,1.661115318e-05,6.848530634e-06,3.242204653e-07,1.507928840e-06,4.269697952e-06,1.366075581e-05,-1.268626511e-06,9.899255594e-06,7.028581429e-06,-2.049615055e-06,-1.340260370e-06,6.842467170e-06
1.614000000e+01,5.878066492e-06,6.040966498e-06,6.154674809e-06,1.086697361e-05,1.195673832e-05,-4.535559245e-06,-1.901240080e-06,1.987680522e-05,2.227517438e-06,6.122259206e-06,8.510411941e-06,8.340622190e-07
1.615000000e+01,-2.206575244e-07,8.214915215e-06,2.495752824e-06,1.069081332e-05,4.766725447e-06,7.469636958e-06,1.957365110e-06,-6.966355511e-07,-8.976407047e-07,-1.565043568e-07,6.750857277e-07,8.910985163e-06
1.616000000e+01,-5.481243976e-07,1.272521532e-05,-3.972535803e-06,-2.404619843e-06,-1.324923554e-06,1.187601312e-05,-2.216925043e-06,-2.254353670e-06,-9.642234614e-06,-2.382899424e-05,1.316880188e-05,4.163895951e-06
1.617000000e+01,-2.077594175e-05,-3.740537885e-06,1.072546029e-05,-4.878887804e-06,-6.447563052e-06,-8.024377302e-07,-5.125699603e-06,-4.121595389e-06,6.817658717e-06,1.263419917e-06,1.122541899e-06,4.755551825e-06
1.618000000e+01,-6.900856664e-06,-4.595619559e-06,1.131894061e-06,-1.154378413e-05,3.134864914e-06,-1.495120639e-05,-3.114087677e-06,-1.870078969e-05,3.581810449e-07,5.788231628e-06,-3.906589526e-06,6.103910954e-08
1.619000000e+01,-8.239047408e-06,-1.768965264e-05,1.007834960e-05,1.831461221e-06,-3.840667650e-06,1.090238280e-06,-9.170665330e-06,-6.933871336e-06,-7.130546733e-06,-1.216238534e-05,-1.050929414e-05,-1.122157412e-05
1.620000000e+01,-4.462132203e-06,-8.165851286e-06,-2.886200467e-06,-1.103629978e-05,-1.702626872e-05,-1.391797809e-05,-2.317509258e-06,-6.780791048e-06,-8.801653750e-06,-2.557377408e-06,-7.681313078e-06,-1.348888074e-05
1.621000000e+01,-5.695742657e-06,-2.131306275e-06,-5.974177825e-06,-1.226204813e-05,-6.137637568e-06,8.968918197e-06,-8.800921996e-07,-4.838152634e-06,-9.009221457e-07,8.955956783e-07,-9.115272946e-06,-1.272946946e-05
1.622000000e+01,-1.460973463e-06,1.091724009e-05,1.190081106e-05,-2.659037826e-06,-5.539810350e-06,4.121081262e-06,2.028673231e-06,-1.275191654e-05,-1.350230871e-05,-9.770514904e-06,-2.035753648e-06,-3.380518160e-06
1.623000000e+01,-4.392065710e-06,-1.316173697e-05,-7.540408518e-06,-1.417824628e-05,-5.880152170e-06,-2.342137360e-06,-1.734461219e-05,-4.603001814e-06,-2.454052482e-07,2.126322887e-06,-5.094614344e-07,-1.376738563e-06
1.624000000e+01,-4.231646936e-06,-4.192950699e-06,-1.675797958e-06,-1.441963493e-05,1.098407924e-05,8.838678933e-06,-6.517456834e-06,6.861841872e-06,2.106965216e-06,7.303147390e-06,5.049973495e-06,1.025514829e-05
1.625000000e+01,1.012930767e-05,1.447510299e-06,2.472150095e-06,7.407115353e-09,4.305371917e-06,-6.508984992e-06,8.181046986e-06,6.204616536e-06,-1.011227933e-05,-5.362628551e-07,-2.965603267e-07,-1.054228219e-05
1.626000000e+01,-2.231774424e-06,-2.015668413e-06,3.220285670e-06,-1.342465106e-06,1.508046855e-05,-1.346973107e-06,3.893602308e-06,8.632067931e-06,2.459929788e-06,-1.225632185e-05,-8.223045198e-06,-3.942138042e-06
1.627000000e+01,-1.183134222e-06,-8.052303231e-06,-3.811416137e-06,1.357602715e-05,-2.743006014e-06,2.636635846e-06,-4.189694674e-06,4.678612207e-06,8.775992202e-07,-3.131924719e-07,-9.470940650e-07,1.309075587e-05
1.628000000e+01,5.930442584e-06,2.134773799e-07,-1.439572483e-05,-1.372183768e-07,-6.380029132e-06,-9.254046443e-06,1.007249915e-06,4.473729523e-06,6.330361421e-08,-8.636032597e-06,2.606189643e-07,-1.113648853e-05
1.629000000e+01,-1.650287063e-05,-5.976799989e-06,3.537639216e-06,-1.851817584e-06,-4.201299054e-06,2.511085846e-06,-7.646841228e-06,-2.154830560e-05,5.407583822e-07,-4.832811803e-06,-1.869332463e-06,-1.042313761e-05
1.630000000e+01,-7.761059287e-06,-2.402590632e-06,-1.039297077e-06,-1.113821005e-05,2.515477699e-06,1.355361139e-07,-1.217226647e-05,-1.472008435e-05,-9.988605620e-06,-1.560729849e-05,-7.363189847e-06,-6.647782523e-06
1.631000000e+01,-4.897189810e-06,-1.884984313e-06,-9.618261847e-06,-8.842015698e-06,-6.733033376e-06,-4.733308511e-06,-1.156113049e-05,-3.624004233e-06,6.567907817e-06,-3.906886636e-06,-6.725555633e-06,4.306993903e-07
1.632000000e+01,-1.317777459e-05,-9.367475460e-06,-1.679154691e-05,-1.004241985e-05,-2.074479253e-06,-1.061568415e-05,-8.421167633e-06,-1.253911041e-05,-1.607897231e-05,-2.689049659e-06,-1.521031016e-05,-7.263926734e-06
1.633000000e+01,5.283509410e-06,-1.134356649e-06,-6.821359807e-06,8.179055165e-06,4.994324977e-06,-2.486743919e-06,1.492627399e-07,-5.561967979e-06,-1.445424920e-06,-1.283500747e-05,6.645348930e-06,-1.201399102e-06
1.634000000e+01,-5.247543449e-07,1.221770487e-05,1.003074431e-05,9.208096535e-06,-1.435293184e-06,5.368531453e-06,-1.223211655e-05,-3.208830038e-06,-3.330543313e-06,-3.978525170e-06,-2.358230894e-06,-7.391181517e-06
1.635000000e+01,7.044086203e-06,1.242973423e-05,9.257666663e-07,9.591115175e-06,-7.975612404e-06,-1.117811179e-06,-2.466902066e-06,-1.399212221e-06,2.678685627e-06,4.401719739e-06,-1.193857735e-07,9.609717795e-06
1.636000000e+01,1.981511730e-05,1.057203709e-05,1.415030570e-05,2.878519417e-06,6.789135773e-06,1.233894179e-05,1.804241392e-05,6.841676277e-06,6.152738709e-06,1.292953849e-05,-3.536605554e-06,8.263709850e-06
1.637000000e+01,3.725242208e-06,1.357435144e-05,9.799919011e-06,9.947438202e-06,9.600412734e-06,4.696031340e-06,8.320304749e-06,3.438427094e-06,-5.297477701e-06,2.044615131e-05,2.288257543e-05,1.666634251e-06
1.638000000e+01,6.428937496e-06,1.199795751e-05,8.188803168e-06,3.375507578e-06,1.735467781e-05,6.397873605e-06,-1.760944699e-06,-6.480050159e-06,1.082464647e-05,-2.385354337e-06,-1.998055243e-06,9.578229005e-06
1.639000000e+01,-1.211160089e-05,3.415728285e-06,-6.165166535e-06,-4.910240018e-06,1.534122667e-05,9.065616032e-06,9.567128969e-06,1.411141345e-05,4.732641824e-06,1.279657704e-05,6.314014742e-06,6.362931502e-06
1.640000000e+01,-1.261384837e-05,9.086012167e-06,-1.073607485e-06,3.529661565e-06,6.720458725e-06,-7.016379691e-06,-2.846328739e-06,6.348921428e-06,6.634860168e-06,-1.621820428e-06,-1.753116667e-05,1.052941969e-05
1.641000000e+01,-6.428148351e-06,-5.043685908e-06,8.862890411e-07,-2.127983913e-06,-1.481015090e-06,1.052155690e-05,-7.939289777e-06,-7.101672816e-06,1.018367953e-05,-9.242619738e-06,1.127866070e-05,-1.705293943e-05
1.642000000e+01,7.950318259e-06,5.060861820e-06,-5.583236968e-06,-1.384124370e-05,2.363005581e-06,1.086692200e-05,-2.504083593e-06,9.658675784e-06,3.171479337e-06,6.755434377e-07,-3.497482955e-07,-1.213046176e-05
1.643000000e+01,-1.426697761e-05,5.310068385e-06,-4.773444518e-06,-1.904348816e-05,-3.873379612e-06,-7.580354451e-06,2.387123367e-07,4.559928285e-06,-8.565915761e-06,-2.272498176e-06,8.408024292e-06,3.403466275e-06
1.644000000e+01,-3.458471082e-06,1.090368565e-05,-3.138161097e-07,-8.932174543e-06,-1.652835516e-05,-4.625794760e-06,1.844461566e-05,2.978204460e-06,1.339856137e-06,-2.468797762e-06,1.587026798e-06,1.706425045e-05
1.645000000e+01,1.051696928e-05,-2.531116524e-06,1.652323252e-06,-3.486835172e-06,8.095859131e-06,-3.232800598e-06,6.011510306e-06,1.428564222e-06,-1.655644503e-06,6.748153903e-06,1.328179947e-06,6.676382489e-06
1.646000000e+01,1.925787245e-05,1.257593587e-05,5.713067526e-06,3.114048822e-06,8.612912874e-06,8.461229157e-07,3.851515568e-06,8.655204693e-06,1.434291237e-05,6.445721367e-06,1.114934297e-06,1.458893481e-05
1.647000000e+01,1.230526783e-05,-3.769333801e-06,1.408178967e-05,1.421325997e-05,2.191180814e-06,6.909866420e-06,3.927204143e-06,6.273835842e-06,1.699151174e-05,4.760319800e-06,1.570189501e-05,2.473220078e-05
1.648000000e+01,8.927960694e-07,1.287513815e-06,6.717413018e-07,1.768454789e-05,1.238711328e-05,4.545189788e-06,-6.909259273e-06,4.595131522e-06,8.937609364e-06,1.287447059e-05,1.367174964e-05,9.965609934e-06
1.649000000e+01,-9.790366856e-06,-9.376275244e-06,5.916005563e-06,6.475758103e-06,7.953282169e-06,6.102951185e-06,-3.880197918e-07,-1.583896800e-06,-1.313896931e-06,3.524529012e-06,-2.627536279e-06,-2.265467625e-07
1.650000000e+01,5.571745207e-06,1.432964616e-06,9.201019628e-06,-4.514859622e-06,-5.908053876e-06,-5.191240357e-06,-6.566901253e-06,-7.764516688e-06,2.358253936e-06,9.456967980e-06,-4.789543315e-06,8.007273371e-06
1.651000000e+01,-2.164556113e-07,-1.247780869e-06,-1.707728593e-06,-8.090341519e-06,1.267286646e-05,-7.276189032e-07,1.234496980e-05,-8.592197869e-06,-9.628774563e-06,-7.578475759e-06,1.853788810e-06,-7.969845859e-06
1.652000000e+01,-9.828752344e-06,4.076284842e-06,-1.512042609e-05,-3.570666734e-06,-7.707703474e-06,-9.240463139e-06,-1.487443520e-06,-8.854775242e-06,-9.863957977e-06,-1.141515683e-05,4.643806772e-06,-2.185913690e-05
1.653000000e+01,-1.013493012e-05,5.189483117e-06,-1.825525481e-06,-9.329970598e-06,4.131631212e-06,-7.257176529e-06,-1.363834306e-05,-1.591431400e-06,-2.132950923e-06,3.902587539e-06,-1.033406836e-06,-4.591522319e-06
1.654000000e+01,-7.602449133e-06,-2.756228401e-06,-1.592488148e-06,-7.130825908e-06,-6.998864888e-06,-1.135080846e-05,-7.345377314e-06,4.463693286e-07,-1.327417753e-05,-7.788447860e-06,-1.242103332e-06,2.931619354e-06
1.655000000e+01,-5.043269311e-06,-2.346660704e-06,-2.215507954e-05,6.131090639e-06,-1.105086428e-05,-1.221971577e-05,-8.941689581e-06,6.495776863e-07,-7.994978187e-06,2.626494669e-06,-5.907597322e-06,-7.242364795e-06
1.656000000e+01,1.239023678e-06,4.985460550e-06,4.375744246e-06,1.079804034e-05,-1.555548899e-05,9.002656883e-06,4.482915660e-06,1.253264934e-06,-1.274420129e-06,-4.212324962e-06,-6.775859225e-06,5.845662020e-06
1.657000000e+01,-2.087986434e-06,6.979979881e-06,-3.187023675e-07,1.869986363e-06,-7.381689344e-06,4.839388973e-06,-4.209962939e-06,-6.206074604e-06,4.768278033e-06,-1.240090511e-06,-1.696504296e-05,-2.131167068e-07
1.658000000e+01,4.690966859e-06,2.995310854e-06,6.408204663e-06,-1.028948086e-06,2.381679078e-06,-1.609874657e-05,1.907898805e-06,6.738464558e-06,-1.326324350e-05,5.635060509e-06,-1.070872230e-05,1.572713640e-05
1.659000000e+01,1.547828748e-05,1.339720118e-05,7.270422927e-06,5.450024778e-06,-8.191351463e-07,3.498936831e-07,1.456150153e-05,-5.964869099e-06,8.185754915e-06,6.187919089e-06,1.083283706e-05,-4.409833851e-06
1.660000000e+01,1.188758187e-06,-3.699142586e-06,-5.333380729e-08,-2.296118953e-06,1.242345219e-05,-2.909177193e-06,-4.393471157e-06,-8.963478753e-08,1.921511665e-06,-4.251936665e-06,-2.401509599e-06,-5.896479807e-06
1.661000000e+01,1.132597342e-05,-9.082430856e-06,-3.374191192e-06,7.763441670e-07,-3.821637857e-06,-3.667209647e-06,-2.452213313e-07,-8.338283990e-06,-4.960619092e-06,-3.489591094e-06,-4.370167024e-06,3.472912255e-07
1.662000000e+01,6.556739135e-06,1.770525537e-06,-3.284637970e-06,-5.310851379e-06,-7.654999944e-06,6.571018167e-06,-5.023656381e-06,-1.038748792e-05,-9.171504929e-06,-6.756875773e-06,4.960740512e-06,1.608972090e-06
1.663000000e+01,-4.174554027e-06,1.551565177e-06,-2.632271450e-06,-3.971890881e-06,-2.609120580e-06,-1.370584490e-05,-8.224081741e-06,-2.409159706e-05,-8.093235061e-06,-3.044924195e-06,-3.642637900e-06,1.886047564e-06
1.664000000e+01,-1.066925027e-05,-3.300133116e-06,-6.699802215e-06,1.386858738e-06,-5.942379299e-06,-1.866492943e-05,-5.355458054e-06,-5.600659952e-06,-5.708388712e-06,-2.435150859e-05,-2.059969430e-06,-3.676882787e-06
1.665000000e+01,7.912950579e-07,-1.024990687e-05,4.594270117e-06,-1.074227451e-06,-1.342787169e-05,-1.159289625e-05,-1.148022206e-05,-7.260328743e-06,-1.618850154e-05,1.035503805e-06,3.520356396e-06,-1.125337326e-05
1.666000000e+01,-1.019985312e-05,6.424013044e-06,-3.932804215e-07,-1.050483577e-06,3.076026591e-06,4.550027773e-06,-1.458819831e-05,-1.689137407e-07,9.561504658e-07,-9.095209376e-06,-2.102156555e-05,2.808208874e-06
1.667000000e+01,-4.777802392e-06,2.287188941e-06,-7.739212819e-07,6.862406473e-06,6.607499374e-06,-6.739019949e-07,-2.069864967e-07,-8.690046965e-06,8.117642818e-07,-2.303656094e-06,1.195120755e-05,1.740065953e-05
1.668000000e+01,5.250794956e-06,3.395953980e-06,4.807139544e-06,1.263365678e-06,-2.320041888e-06,1.198366586e-05,1.584795654e-05,1.332595342e-06,1.771785550e-05,4.817695795e-06,6.017439715e-06,2.113391059e-05
1.669000000e+01,8.450585354e-06,7.949801948e-07,5.927065715e-06,1.424598428e-05,1.337948175e-05,9.328682785e-06,1.262691692e-05,6.159762955e-06,1.595711213e-05,1.095696769e-05,-1.127010876e-05,-3.264405220e-06
1.670000000e+01,5.668549774e-06,6.471634961e-06,9.425758157e-06,-6.853895325e-06,3.466149345e-07,1.485859883e-05,1.185505683e-05,4.757688825e-06,6.155822762e-06,4.422411683e-06,1.614455961e-06,6.783246655e-06
1.671000000e+01,-5.657410078e-06,2.255838048e-06,-6.363553743e-06,9.572499596e-06,1.463893270e-05,-2.033628887e-06,1.772132541e-06,1.265001404e-06,-1.746146461e-06,-1.044763747e-06,3.945143005e-06,1.271977886e-05
1.672000000e+01,4.676496101e-06,-6.872838736e-06,9.015733930e-09,1.500509953e-06,1.172842501e-05,1.349579325e-05,9.587619625e-06,2.312735598e-05,-9.270704848e-06,-4.818305686e-06,1.282743993e-06,8.307798773e-06
1.673000000e+01,-2.245780686e-06,-3.931452213e-06,4.697737099e-06,8.491433623e-06,1.937832869e-06,-6.506568733e-06,-5.847706873e-06,5.177867941e-06,-1.396898548e-06,7.787490507e-07,-1.255352457e-06,-6.070340747e-06
1.674000000e+01,2.623927442e-06,-4.049438052e-06,-1.540310857e-06,-5.505977768e-06,4.172062530e-06,-4.853097776e-06,-2.832235184e-07,-6.432322448e-06,1.491303673e-05,-5.194639057e-06,8.967056137e-07,5.087144151e-06
1.675000000e+01,-5.378114735e-07,2.231849354e-06,-4.520772314e-06,-2.895511513e-06,3.058552761e-06,-6.842977320e-06,-2.200868850e-06,-3.561787052e-06,-4.489598386e-06,2.174088057e-06,-1.527349377e-05,5.689923988e-06
1.676000000e+01,1.724935534e-06,-4.446722842e-06,-6.915718118e-07,7.908119686e-06,-5.937896502e-06,-6.818156595e-06,-7.050115768e-06,1.556654981e-05,-2.369817249e-06,5.422348741e-06,2.934236682e-06,-4.719261494e-07
1.677000000e+01,4.463900963e-06,5.542190772e-06,9.236350563e-06,-7.225548609e-06,3.849940018e-06,-9.544922674e-06,1.519679468e-05,2.958807993e-06,4.377268855e-06,-1.331611493e-06,4.508290295e-06,-8.620735908e-07
1.678000000e+01,-1.179526446e-05,-5.177140565e-06,-2.245204604e-06,-5.742999658e-06,5.882826718e-06,-3.211452972e-06,4.575062823e-06,1.819873130e-06,8.650511225e-06,3.155197715e-06,5.380996131e-06,1.804871974e-05
1.679000000e+01,-5.758678955e-06,2.474204636e-06,4.978433316e-07,3.537473777e-06,2.159911465e-06,1.235569919e-05,1.564870455e-05,6.281316784e-06,2.121681860e-06,9.362256781e-06,4.395983963e-06,7.057375443e-06
1.680000000e+01,5.695506375e-06,1.172080330e-05,1.152629279e-05,1.624711092e-05,-1.002603384e-05,1.062437041e-07,2.268386520e-05,1.174298130e-06,-4.619027298e-06,8.471290026e-06,1.673944533e-05,1.356139516e-05
1.681000000e+01,7.692503713e-06,1.350859445e-05,2.838571472e-06,1.393556542e-05,-2.900554184e-06,7.373837983e-06,-7.460863064e-07,7.900100130e-06,4.298372028e-07,6.839498846e-06,7.083971002e-06,1.101815842e-05
1.682000000e+01,1.828482280e-05,1.080218399e-05,2.719388606e-06,-1.011944152e-05,-9.021127770e-06,5.023267998e-06,-1.329621315e-06,5.485589377e-06,1.234411485e-05,1.182962586e-05,3.080177593e-06,4.657209072e-06
1.683000000e+01,-4.247999535e-06,-4.910478970e-06,-3.423709419e-06,-1.719009298e-06,7.511877931e-06,8.037199023e-06,3.100680008e-06,-1.310368254e-05,-7.402672327e-06,-1.711313455e-06,-5.263450173e-07,-1.340751570e-06
1.684000000e+01,8.774136694e-06,3.163090548e-07,-1.751783135e-05,5.447339762e-06,1.472601561e-05,-1.363520879e-05,-6.464937975e-07,8.138039457e-06,-5.465593210e-06,-1.256183111e-05,1.329034542e-05,-1.612047542e-06
1.685000000e+01,-8.395488836e-07,-7.254225078e-06,-1.405136315e-05,-9.714694576e-06,-9.833117094e-06,-9.730308661e-06,-2.220985401e-06,-1.003260437e-05,4.759910429e-06,-1.381102152e-05,-1.185671258e-05,-5.255089745e-06
1.686000000e+01,-3.489307344e-06,-1.678115981e-05,-1.270777038e-05,-1.169119079e-05,-4.664736429e-06,-8.863709548e-06,-6.741825425e-06,-6.211443699e-06,2.467097017e-07,-1.228666172e-05,-1.174213790e-05,-5.177831800e-06
1.687000000e+01,-8.239941935e-06,-4.068651164e-06,2.967161690e-06,1.401967904e-06,-1.288767665e-05,-1.908027613e-06,-9.160281770e-06,-6.373688397e-06,-3.181353203e-06,2.261110937e-06,-6.709305667e-06,3.191696264e-06
1.688000000e+01,-5.803699342e-06,-1.232623532e-06,5.663302829e-06,-3.361441660e-06,1.602770959e-06,-6.362459500e-06,-3.758330459e-06,-8.770197120e-06,-1.682825828e-05,-7.947894899e-07,-3.384644834e-06,-7.950889378e-06
1.689000000e+01,-2.269972613e-06,-1.543273662e-05,4.159084839e-06,-2.908585673e-06,4.600494955e-07,-1.252171208e-05,5.098346171e-06,-1.120476079e-05,1.047174077e-06,7.389935365e-06,-1.163396804e-06,-1.200193967e-05
1.690000000e+01,-9.750799247e-06,-1.170754823e-05,1.263874919e-06,1.864386290e-06,8.919511715e-07,-6.849026898e-06,-8.102007378e-06,-2.900733692e-07,-2.593450433e-06,4.168821286e-06,5.052841221e-06,-3.322166537e-06
1.691000000e+01,1.186440646e-05,6.472040957e-06,1.004068757e-05,6.064829242e-06,-1.345219570e-07,-1.402770225e-06,1.545556281e-05,1.338230555e-06,4.751384505e-06,-5.532660434e-06,-1.961753152e-06,2.534439376e-06
1.692000000e+01,-2.085262342e-06,2.195622221e-06,-1.123913040e-05,-4.996655766e-06,1.250704154e-05,-2.570930453e-06,8.685227274e-06,-7.116515776e-06,-7.519928143e-06,2.366595853e-06,9.438662533e-06,-7.192292410e-06
1.693000000e+01,4.928165162e-06,-8.711917096e-06,-6.275980476e-06,1.730639360e-05,9.899705224e-07,6.254131753e-06,-4.239552513e-06,8.816630201e-06,-2.849332633e-06,-6.490232131e-06,-8.665790407e-06,8.160160360e-06
1.694000000e+01,1.081990192e-05,6.940533446e-07,6.745675249e-06,-2.644759303e-06,3.400165229e-06,-7.982008767e-06,-7.266190129e-06,-6.405097293e-06,6.905923697e-06,-2.793430201e-06,1.406982372e-06,-9.581842269e-06
1.695000000e+01,-1.537831355e-05,-7.943276720e-08,-4.142353159e-06,6.262456629e-06,-4.496741536e-06,-1.277796082e-06,-1.335610306e-05,-8.055653272e-06,-5.560339881e-06,8.631224118e-06,-7.256843768e-06,-5.898448752e-06
1.696000000e+01,-9.917822459e-06,-3.639977060e-06,-2.811405042e-06,9.847130582e-06,-7.222826728e-06,-6.540302070e-06,-1.096823905e-05,-1.851631576e-05,-1.351337257e-05,-8.224513602e-06,-9.061790834e-08,-6.534174979e-06
1.697000000e+01,-1.418489397e-05,-1.135679555e-05,-7.556570938e-06,-5.597025952e-06,-7.540559264e-06,-1.038455852e-05,4.625055350e-07,-1.320452391e-05,-3.670371188e-06,1.275135990e-05,-4.017969249e-06,-4.056605768e-06
1.698000000e+01,-1.018521506e-05,-7.193972612e-06,-1.991133027e-05,-8.855848819e-06,-8.279485876e-06,-1.682552506e-05,-3.976906115e-06,-1.258344694e-05,-6.144757647e-06,-8.072280325e-06,-1.192529326e-05,-1.732877295e-06
1.699000000e+01,6.404262078e-06,1.061765013e-05,-5.294447031e-06,-5.543575514e-07,3.231615057e-06,-3.572776592e-06,-2.698020225e-06,2.971652834e-06,-9.476368198e-06,-2.798558428e-06,9.359605136e-06,1.379516845e-06
1.700000000e+01,-1.158565731e-05,2.386898600e-06,-6.297489687e-06,1.130528593e-05,-2.163568359e-06,6.003120032e-06,2.100817669e-06,8.267811119e-06,2.764407000e-07,3.705625932e-06,-7.098866078e-06,7.309060577e-06
1.701000000e+01,-1.480307048e-06,1.241109913e-05,4.606712620e-06,5.458205697e-06,-4.946967701e-06,2.384247773e-05,3.816331605e-06,8.210858298e-06,5.803949255e-08,-1.198255644e-05,1.128280729e-05,1.349409409e-05
1.702000000e+01,6.284870684e-06,4.574608715e-06,9.307462801e-06,7.994785158e-06,1.330802752e-05,1.223809286e-05,1.152227435e-05,9.266008744e-07,5.180049649e-06,4.807354507e-06,4.100318472e-06,-2.808325990e-07
1.703000000e+01,5.243352990e-06,-1.843816432e-06,5.353363906e-06,-8.343599806e-06,5.018087574e-07,1.816766403e-06,6.829220587e-06,8.479885419e-06,3.940323418e-06,9.871939621e-06,1.953259058e-06,7.887622815e-06
1.704000000e+01,-6.219687323e-07,1.367828443e-05,2.748374420e-07,5.169852648e-06,-1.607418099e-06,8.934225557e-06,8.344488211e-06,7.157074280e-06,1.035506079e-05,-1.011304720e-06,9.043752378e-06,1.502947913e-05
1.705000000e+01,8.161810149e-07,-2.142039984e-06,1.379060412e-05,2.064764911e-06,1.278270122e-05,1.266963024e-05,6.541621825e-06,-2.561749594e-06,6.480913445e-06,1.164284364e-05,3.152247378e-06,4.931472259e-06
1.706000000e+01,8.987832110e-06,-7.458156646e-06,4.830087510e-06,2.927044112e-07,6.346362994e-06,-1.568856333e-06,8.594429709e-06,-4.004735038e-07,3.484055340e-06,2.931375083e-06,-4.364640188e-06,-4.655804158e-06
1.707000000e+01,5.358616861e-06,7.419810269e-06,9.726289208e-06,1.052989365e-06,-2.458127900e-06,1.283108744e-06,-3.929556810e-06,-1.024219928e-05,-7.476417838e-06,-8.494937203e-06,-2.584256631e-06,-1.030613171e-05
1.708000000e+01,-1.010065313e-05,-1.018285870e-05,-6.883637444e-06,-4.534711857e-06,-2.412003383e-06,4.511337546e-06,3.004685005e-06,4.565044538e-06,7.287473879e-06,1.184549850e-05,6.060253725e-06,1.721776455e-06
1.709000000e+01,-3.679024954e-06,3.908169608e-06,1.016922895e-05,-1.334777736e-06,3.115875556e-06,-4.573575658e-06,-9.157914606e-07,9.214619073e-06,3.375974556e-06,-1.156085929e-05,2.566269669e-06,-2.161715747e-06
1.710000000e+01,3.939141710e-06,5.141849181e-07,9.942624792e-06,-1.030782159e-08,-6.130830711e-06,-5.458024089e-06,-2.715913667e-06,-2.927422990e-06,-1.338066351e-05,-1.239855273e-05,-2.818805590e-06,-8.196251834e-06
1.711000000e+01,4.642002467e-06,-3.647717112e-06,4.065331028e-06,1.054003188e-05,-1.491885038e-06,7.085849214e-06,5.344701761e-06,3.060198157e-06,6.064810784e-06,-7.346258588e-06,5.572384836e-06,-2.000032309e-06
1.712000000e+01,1.244546847e-05,1.288461527e-05,1.109343372e-05,1.000504342e-05,1.656403959e-05,3.367157081e-06,3.777042530e-06,5.518610358e-06,-3.415268242e-06,-4.601063870e-06,1.086658935e-05,8.479872916e-07
1.713000000e+01,1.258336931e-05,2.062747040e-05,1.773043305e-06,-4.459166864e-06,9.345502012e-06,-1.223980251e-05,1.076212258e-05,1.016493775e-05,1.010556870e-05,1.292168325e-05,6.505568129e-06,1.046279005e-06
1.714000000e+01,5.799428474e-08,3.790820237e-06,1.345115817e-05,4.467653867e-06,1.102492453e-05,3.026933072e-06,5.565289143e-06,-1.002284467e-06,1.371034582e-05,2.512433697e-06,2.099863598e-05,2.669390930e-06
1.715000000e+01,4.254578977e-06,8.027439323e-06,-2.733664627e-06,3.025955079e-07,1.330430634e-06,1.591289155e-06,2.032454404e-06,9.228275234e-06,6.263369118e-06,3.107342911e-06,1.715958616e-05,4.576230466e-06
1.716000000e+01,-1.073058533e-05,2.698730469e-06,3.080988147e-06,-3.315542699e-06,8.452240860e-06,-3.936227577e-06,-3.195745029e-06,1.797703486e-06,-4.536862403e-06,8.560129478e-06,1.480675373e-06,3.477952123e-06
1.717000000e+01,2.332082461e-06,8.283692400e-06,-9.837804833e-06,8.416370370e-06,-4.268861484e-06,-2.159382801e-06,-3.706621849e-06,-8.421526853e-06,3.109893948e-06,-1.166531598e-05,2.461464320e-06,6.729067800e-06
1.718000000e+01,-3.155546829e-06,-1.930367442e-05,-1.052085032e-05,-6.231339270e-06,-5.317477905e-06,2.563319206e-06,4.651607604e-06,-5.639446833e-06,2.363161924e-06,-1.073454496e-05,1.432575031e-06,-8.874189474e-06
1.719000000e+01,-8.407912279e-06,-8.424917306e-06,-1.487877130e-05,-1.102433784e-06,-2.285582567e-06,-4.765704173e-06,9.733034629e-07,-4.984537300e-07,-3.467460894e-06,-6.659254388e-06,9.520719241e-07,-9.139245704e-07
1.720000000e+01,-1.415397377e-05,-1.053791601e-05,-3.152007231e-06,-2.767873287e-06,3.468347774e-06,-1.755284644e-06,-1.348564042e-05,-4.215257056e-06,-6.305091909e-06,2.933683243e-06,8.887938712e-08,-9.324341363e-06
1.721000000e+01,-8.334339686e-06,-2.633061551e-06,-5.817381983e-06,-9.934727172e-06,-2.843021014e-06,-1.728270252e-05,-2.828791198e-06,-2.633134265e-06,-1.650929092e-06,-7.707199443e-06,-6.712965125e-06,-6.491111099e-06
1.722000000e+01,9.701922077e-07,-1.143986706e-06,-3.388422025e-06,2.072559117e-06,-2.303220790e-05,-4.368401403e-06,1.669724105e-07,5.880154127e-06,1.261983696e-06,-8.350350598e-06,-2.400781600e-05,-1.747400072e-05
1.723000000e+01,8.670012328e-06,4.551257219e-06,-1.457924706e-06,9.586132825e-06,8.275498132e-07,-6.010674189e-06,3.287749778e-06,-4.053657880e-06,-2.146820911e-06,-1.347285486e-06,4.058274264e-07,-6.723562631e-06
1.724000000e+01,-3.611031012e-06,3.272376830e-06,-1.333406221e-05,1.287209341e-05,4.587447039e-07,-6.283755028e-06,-4.315028940e-06,1.417246065e-05,-6.504826337e-06,8.657630119e-06,-9.690904068e-06,2.313745809e-05
1.725000000e+01,-7.699499274e-06,1.258465505e-05,-2.088510754e-06,6.401104872e-06,-7.685519519e-06,-7.692775274e-07,1.812160832e-06,6.621126518e-06,3.337659027e-06,-2.014677757e-05,3.088762271e-06,6.151294447e-06
1.726000000e+01,3.474465710e-06,-5.679477556e-06,8.571404537e-06,1.142068737e-05,-2.317357421e-06,3.216021847e-06,-2.937439346e-06,2.690371457e-06,-8.201366819e-06,1.523830794e-05,8.624619605e-06,-2.129626242e-06
1.727000000e+01,5.542424398e-06,6.995029217e-06,5.937475543e-06,5.143774031e-06,5.898493555e-06,-2.228691881e-06,2.922449247e-07,-7.219776447e-06,-2.664390581e-06,6.149509645e-06,1.644131727e-07,1.007004841e-05
1.728000000e+01,-3.260461794e-06,7.560536334e-06,-2.890686295e-06,-1.163874683e-05,-2.978606230e-06,1.244679556e-06,-1.059877183e-05,2.411306086e-06,-7.753391359e-06,-2.731959925e-06,-6.587497173e-06,2.582009687e-06
1.729000000e+01,9.858872262e-06,-7.004437971e-06,-1.632595729e-05,-8.834260256e-06,7.121759296e-06,1.823002666e-06,-1.755374536e-05,4.151201357e-07,4.658780396e-07,-1.500587516e-05,-2.667369833e-05,-7.421538398e-06
1.730000000e+01,-7.261641159e-06,1.885635183e-07,1.007490188e-05,-1.195278453e-05,2.750480570e-06,-1.759735331e-05,-8.669230901e-06,-1.210609982e-05,-5.466225261e-06,-7.635490279e-06,-1.113903837e-05,3.460819107e-06
1.731000000e+01,-4.442404811e-06,-8.568014147e-06,-6.642582071e-06,-3.876027140e-06,-2.722192330e-06,-4.946481362e-06,-1.587571615e-05,-1.221965970e-05,-8.683664228e-06,-9.379862983e-06,-1.453664874e-05,-1.149390394e-05
1.732000000e+01,-1.253911088e-05,1.025772491e-05,-7.378123995e-06,-4.290726040e-06,1.340121544e-06,2.291941623e-06,-1.268482417e-06,-1.794119499e-06,-2.111838484e-06,-1.669539121e-06,-1.173106293e-06,-7.855284856e-07
1.733000000e+01,3.427882676e-06,-3.964379755e-06,1.429412059e-05,-1.533407832e-05,-2.013490038e-06,5.117462307e-06,-6.347491114e-06,8.456238378e-06,-4.357503087e-06,-9.977418709e-06,-9.883504829e-06,8.295416046e-07
1.734000000e+01,-4.586671327e-06,-4.485650923e-06,7.138615495e-07,3.824036378e-06,2.861722467e-06,-3.253177489e-06,5.047395693e-06,1.374663075e-05,6.489446233e-07,6.128495606e-07,1.613443155e-07,-3.190338991e-06
1.735000000e+01,1.099517816e-05,9.212737208e-06,8.830766157e-06,2.210143163e-06,1.184010108e-05,1.029558381e-05,6.377731552e-06,1.359337211e-05,7.236655668e-06,1.167827815e-05,2.468771140e-06,8.021497966e-06
1.736000000e+01,1.817413683e-06,6.859035973e-06,1.747319321e-05,1.440357109e-05,7.878661743e-06,9.070655621e-06,1.166605690e-06,1.543042917e-05,6.663668709e-06,1.025464743e-05,6.437316078e-06,9.792925372e-06
1.737000000e+01,-1.996610243e-06,3.067854711e-07,1.005578194e-05,7.897335080e-06,6.538466156e-06,3.797049079e-06,1.356601629e-05,4.275719801e-06,1.095251966e-05,6.514382067e-06,1.793435976e-05,1.564446413e-05
1.738000000e+01,6.148791195e-06,5.439640575e-06,8.304740930e-06,9.400710455e-06,5.076361414e-06,5.260372530e-06,1.169169351e-05,1.798288536e-05,1.929707522e-06,1.001709158e-05,3.807556208e-06,1.150411486e-05
1.739000000e+01,2.047965477e-06,-4.225843231e-06,7.061900713e-06,-2.010811271e-06,2.330223285e-06,5.946705317e-06,1.022107070e-05,9.179458930e-06,9.984121846e-06,4.999229149e-06,1.257695395e-05,2.037983472e-06
1.740000000e+01,9.011113227e-06,-2.849416435e-06,1.410793136e-05,5.568544213e-06,5.818349897e-06,7.634021427e-06,6.608170744e-06,6.266121448e-06,-6.113018144e-06,1.188729985e-05,-9.513506181e-07,-6.426240418e-06
1.741000000e+01,-8.555343072e-06,-1.336366961e-05,-1.155174311e-05,9.571852800e-06,1.896405157e-06,-2.994712512e-06,2.507642493e-07,4.429687561e-06,-9.086137588e-06,-9.253084439e-06,-6.682176590e-06,-7.910807855e-06
1.742000000e+01,-4.559289029e-06,-5.275908264e-06,2.859900329e-06,-3.237998632e-06,5.381210779e-06,-1.464264395e-06,-4.431539349e-06,-3.218504966e-06,-4.702347126e-07,-2.184428876e-06,-1.689598463e-06,-1.062436947e-05
1.743000000e+01,-9.794234011e-06,8.817902731e-06,-5.243374352e-06,1.053121443e-05,4.453229860e-08,7.745719816e-06,-1.437164431e-05,-9.315467579e-07,4.419919749e-06,1.475877264e-05,9.986966751e-06,-3.065078528e-06
1.744000000e+01,9.799810013e-06,1.130427227e-05,5.046410493e-07,-2.365707109e-06,7.528400473e-06,-3.665835997e-06,-9.096002125e-07,9.228340950e-06,5.848059226e-06,-5.438011061e-07,1.047254183e-05,1.324031143e-05
1.745000000e+01,1.235431229e-05,2.691467479e-06,1.277350574e-05,-6.105349446e-06,5.674924396e-07,-4.875312233e-06,2.028073625e-06,1.035148076e-05,-1.198788212e-06,3.838042869e-06,-1.490272418e-07,-1.833720649e-06
1.746000000e+01,-1.933746201e-06,4.007630054e-06,-2.175382322e-06,1.130464306e-05,9.186777437e-06,3.925964858e-06,1.030237833e-05,1.456178469e-05,1.166298934e-05,1.419428727e-05,9.300040354e-06,5.921838737e-06
1.747000000e+01,4.823125771e-06,-2.114273000e-06,1.755669277e-05,-1.406166909e-06,1.822296543e-05,5.892412629e-06,7.344493898e-06,1.459569528e-05,5.956983221e-06,5.575427242e-07,1.660226767e-05,-2.130006612e-06
1.748000000e+01,1.156640212e-05,1.910239211e-05,1.172347481e-05,1.826666213e-05,1.664424143e-05,1.574805616e-05,1.184005167e-05,1.096099800e-05,1.455310083e-05,1.301983566e-05,1.483773788e-05,-3.651381002e-06
1.749000000e+01,-3.415156843e-07,4.282549840e-06,7.356354959e-06,1.466588189e-05,2.492883670e-06,-7.516090474e-06,-4.149919189e-06,3.630230543e-06,3.126114577e-06,-7.420140300e-06,1.786276033e-06,-5.285537979e-07
1.750000000e+01,-1.198683892e-06,-5.381049932e-06,4.398274470e-07,1.524398021e-06,1.138453011e-06,4.207514749e-06,7.956041235e-06,-4.923883256e-06,9.209683187e-06,-4.829156325e-06,-2.998441282e-06,-1.939969092e-06
1.751000000e+01,1.989659622e-05,7.661512537e-06,1.031970722e-06,2.292425289e-06,7.852933538e-06,-1.221953861e-05,3.589109407e-06,-4.548366091e-06,2.372731985e-06,-2.085371129e-05,-1.556315331e-05,-1.392988509e-05
1.752000000e+01,-9.257464737e-06,-6.470006278e-06,-9.745068143e-06,9.414115559e-09,-4.237719070e-06,-1.077834392e-06,-2.216472547e-05,-1.346022784e-05,-1.005931669e-05,-6.962361570e-06,-1.148822914e-05,-9.564842015e-06
1.753000000e+01,-5.488012257e-06,-5.609929907e-06,-1.920918512e-05,-6.091449689e-06,1.039667425e-05,-3.341134855e-07,-1.741403755e-06,6.106785480e-06,-1.117271416e-06,-9.390836061e-06,-6.723050166e-06,-3.505285497e-06
1.754000000e+01,-5.834499236e-06,-2.608305857e-05,-8.459223180e-06,-4.047874823e-06,-3.350389215e-06,-2.188046074e-06,-5.848239400e-06,-1.414108896e-05,3.347116360e-06,-1.052973812e-05,-6.545446534e-06,-3.626479871e-06
1.755000000e+01,-6.269622858e-06,-1.383811592e-05,-1.015276936e-05,8.638306183e-07,1.031058046e-05,8.860276391e-06,5.922367460e-06,6.156061025e-06,-1.082479753e-06,-5.341989657e-06,-1.767478819e-06,5.482338892e-07
1.756000000e+01,3.310114336e-06,-1.727710756e-05,2.079997149e-06,2.990494242e-06,-7.086283631e-06,-8.268058081e-06,-7.802623214e-06,1.925785857e-06,-1.009728131e-05,6.490498501e-06,7.676796827e-07,7.714944191e-06
1.757000000e+01,1.516734986e-06,-3.837670315e-06,6.559435495e-06,5.149885346e-06,-2.955091264e-06,1.473875031e-06,3.845065288e-06,1.256090396e-06,-6.283412429e-06,2.331685365e-06,6.900916599e-06,7.847918985e-06
1.758000000e+01,1.679084817e-06,7.910210413e-06,6.668572322e-07,3.844847585e-06,-6.429480494e-06,1.991764708e-06,-3.447269745e-06,1.029214172e-05,5.153898750e-06,2.833630899e-06,5.965197048e-06,-1.313202924e-06
1.759000000e+01,1.380816060e-05,8.976132789e-06,-2.346670894e-06,-2.014960879e-06,7.147317715e-06,1.179806597e-05,-2.628382937e-06,4.448214062e-06,-6.781693750e-06,1.019145552e-05,2.112138036e-07,1.049437987e-05
1.760000000e+01,-2.044245970e-06,7.150476398e-06,-2.791211643e-06,-9.063094462e-06,-8.551189530e-07,4.776620547e-06,7.080936064e-06,1.047734269e-05,1.353461488e-05,-1.353006840e-05,6.357652532e-06,-4.322528469e-06
1.761000000e+01,-8.219606374e-07,7.929763928e-07,-7.308712158e-06,-2.280821438e-07,-1.863509408e-06,-5.005483361e-06,-8.210127607e-07,-3.362506117e-06,-3.345238500e-06,1.050121951e-05,-6.201832005e-06,-6.291541514e-06
1.762000000e+01,4.966078334e-06,-8.886502667e-08,2.205741637e-06,-6.324268647e-06,-5.438486511e-06,-1.142733747e-05,-1.208705680e-05,7.058828967e-06,-2.279466605e-06,1.402121955e-06,1.436523208e-06,-9.831186562e-06
1.763000000e+01,4.484164190e-07,-1.347678034e-05,-9.967794116e-06,5.134404707e-06,4.426175020e-06,-1.343351416e-06,-2.386572246e-05,-1.127591306e-05,-9.192833716e-06,-9.786877365e-06,-4.841900888e-06,-4.379302563e-06
1.764000000e+01,-1.043006914e-05,-7.800790724e-06,-5.008798172e-06,-4.640931272e-06,-2.610578025e-06,-1.033789363e-05,-1.197810276e-05,-9.602756862e-06,-9.887375642e-07,-8.463447983e-06,-3.345924542e-06,-2.242683631e-07
1.765000000e+01,-5.770532450e-06,-1.477221113e-05,-5.872244240e-06,-1.518136229e-05,-4.563863828e-06,2.083798207e-06,1.362660553e-05,-1.016790515e-05,-2.424377467e-06,6.059155431e-07,-1.074567699e-05,-7.693738419e-06
1.766000000e+01,8.297866445e-06,2.248632123e-06,-1.019150470e-06,-1.164704479e-08,-1.209951729e-05,-7.686960876e-06,1.360006235e-06,-6.007854745e-06,5.229161245e-06,-2.939663628e-06,-1.007465130e-05,-5.261888727e-06
1.767000000e+01,-2.460658084e-06,-1.023254477e-05,-3.482182531e-06,-2.807729395e-06,-1.461549906e-06,5.052769732e-06,-4.715493364e-07,-6.566957535e-06,3.759994862e-06,-1.753346409e-07,-2.786020318e-06,4.806834710e-06
1.768000000e+01,6.429868173e-06,-3.528585868e-06,-1.153763917e-06,-9.402572989e-06,1.034878402e-05,2.455574446e-06,-7.742503365e-06,-7.069564756e-06,-1.230249497e-06,4.051197730e-06,2.527796115e-06,-3.343111359e-06
1.769000000e+01,-1.772771317e-06,3.927726511e-06,1.435386984e-06,-8.436558382e-06,3.055866036e-07,-5.862300178e-06,4.385462705e-06,9.419636170e-07,5.464968631e-06,5.031080098e-06,9.387630432e-06,9.264886055e-06
1.770000000e+01,-2.740325341e-07,5.339165948e-06,1.089832767e-05,5.168562588e-06,1.361236101e-07,2.588941866e-06,1.742257621e-05,7.628613272e-06,8.216506794e-06,5.386988740e-07,1.078455873e-05,8.407185808e-06
1.771000000e+01,3.406169294e-06,1.757578961e-06,7.274048522e-06,1.504757857e-05,5.988228894e-06,-7.890889814e-07,1.928577142e-06,1.237187638e-05,4.769057219e-06,1.059084241e-06,-3.903791886e-06,1.983094482e-05
1.772000000e+01,2.535196554e-06,-3.638528426e-06,1.247994491e-05,2.232597222e-06,1.362224502e-05,-3.209316514e-06,-1.028315744e-05,-5.835767753e-06,2.445512239e-06,-6.647105638e-07,-3.036928982e-06,-3.256043535e-06
1.773000000e+01,-6.096517244e-06,-3.006563327e-06,-2.684152969e-06,1.312951189e-06,-1.712686379e-06,-4.712486512e-07,-3.962892731e-06,-7.162545029e-06,1.230823378e-05,7.742365054e-06,1.531211684e-06,-3.976249336e-06
1.774000000e+01,-4.406825316e-06,-3.379463658e-06,5.258935423e-06,-1.515812906e-06,-1.139151895e-05,-3.169550781e-06,4.034341760e-06,-1.165671852e-06,-3.408159415e-06,-2.273154416e-07,-5.458900396e-06,-1.188812351e-05
1.775000000e+01,1.332957266e-06,-1.103028531e-05,-8.364626922e-06,1.710300662e-06,5.639463670e-06,1.883691569e-06,-1.272769501e-05,-1.298074984e-05,-3.667895771e-06,-1.050009627e-05,-5.722387772e-06,-1.158217431e-05
1.776000000e+01,-5.091922271e-07,1.248327309e-05,-2.454818997e-06,-1.351033037e-05,-6.427748281e-06,-1.417396793e-07,-9.385391060e-06,-2.311719418e-06,-1.663905045e-06,3.733393120e-06,9.677999669e-06,-1.971015018e-06
1.777000000e+01,-1.835793719e-06,3.384138374e-06,8.094545252e-06,-7.875050561e-06,-6.474090102e-07,-4.837315219e-06,-1.006363462e-05,-7.541564451e-06,1.886301648e-06,9.337707469e-06,-1.234109733e-05,-3.427500279e-06
1.778000000e+01,4.033748932e-06,-1.575777614e-05,6.498274394e-06,1.483608176e-05,8.542940310e-06,6.634199572e-06,1.125402771e-05,3.771911995e-06,2.682716440e-06,1.166835571e-05,-8.636944106e-07,8.774650861e-06
1.779000000e+01,2.183330526e-05,1.330893170e-05,7.938835131e-06,1.383558351e-05,1.021783186e-05,1.373842239e-05,-1.351981718e-06,1.273077042e-05,1.182315814e-05,-1.528088111e-06,5.975129601e-06,5.288388838e-07
1.780000000e+01,2.077053905e-05,5.851251410e-06,9.660366181e-06,3.774520823e-06,1.624185655e-05,1.378531509e-05,5.227788163e-06,1.340973673e-05,1.617300323e-05,7.451794282e-06,9.734260983e-06,1.309349487e-05
1.781000000e+01,-1.721999838e-06,9.753497023e-06,9.689639513e-06,2.319365130e-06,5.105458290e-06,6.458228657e-06,3.048540418e-07,5.927332864e-06,1.205298939e-05,1.094651763e-05,8.038110398e-06,5.371753962e-06
1.782000000e+01,4.903075484e-06,1.661034831e-05,7.556030196e-07,1.004096982e-05,7.697866225e-06,8.267437584e-06,3.645346377e-07,2.917423523e-06,3.815306079e-06,7.533451669e-06,4.140312052e-06,2.026107273e-06
1.783000000e+01,-5.010425101e-06,4.872829456e-06,1.019705380e-05,-1.820262841e-05,-6.918097781e-06,-4.503894840e-07,1.826303131e-06,-5.358402628e-06,-4.501118135e-06,-1.396185206e-05,-3.378646229e-06,1.322523974e-05
1.784000000e+01,-4.541303895e-07,-8.274396643e-06,-4.282993374e-06,-8.805934320e-06,-9.891096943e-06,-6.107082588e-06,4.291008397e-06,-2.139668165e-05,2.662469466e-06,-5.986488945e-06,-2.257405880e-06,-1.237636235e-06
1.785000000e+01,-2.588716932e-06,-1.115827581e-05,-1.662723761e-05,-1.442605867e-05,-1.237503030e-06,-1.568503310e-05,-1.487597847e-05,-1.228418240e-05,-1.895198701e-06,-6.433841001e-06,9.602708177e-06,-2.444161807e-06
1.786000000e+01,-2.539937019e-06,-9.457684770e-06,-1.301221100e-05,-1.657429393e-05,7.039277979e-06,-6.765786362e-06,-2.329549547e-05,-6.287703663e-06,-1.295447890e-05,-1.254549518e-05,-5.851506878e-06,-2.556837671e-07
1.787000000e+01,-4.693158475e-06,-8.913815890e-06,-1.438716018e-06,4.900105137e-06,-6.081466725e-06,-2.445293559e-06,3.118199507e-06,-1.100056543e-06,-8.716571327e-06,2.928532088e-06,1.615555543e-07,-9.167932066e-06
1.788000000e+01,4.200564931e-06,8.404186160e-07,8.892511897e-07,-6.228592283e-06,-9.169219055e-06,-6.010959434e-06,-4.497387392e-06,-1.510336701e-06,-3.763648789e-06,3.880893912e-06,-2.170064909e-06,4.036270145e-06
1.789000000e+01,-8.178838562e-06,-1.089602341e-06,-1.030441043e-06,1.384495930e-06,-7.636120588e-06,-1.388904000e-05,-3.323175100e-07,2.988669784e-06,-7.947657662e-06,-3.442580669e-06,-1.947806635e-06,-1.338546543e-05
1.790000000e+01,5.877498438e-06,-1.308493892e-05,1.509249510e-06,3.249330655e-06,-1.089668909e-05,3.244442630e-07,-3.784661834e-06,4.663381085e-06,-2.132121666e-06,4.198438206e-06,3.644523587e-06,-8.637523033e-07
1.791000000e+01,1.519561829e-05,-8.474378418e-06,2.539370142e-06,7.371919415e-06,-6.373274597e-07,-7.243182096e-06,-5.028100127e-06,1.296635639e-05,4.052119533e-06,-5.716027573e-06,1.020650836e-05,1.287952345e-06
1.792000000e+01,-1.057865362e-05,3.918958111e-06,2.941139002e-06,1.186487996e-05,-7.814208929e-06,-3.724207369e-06,2.582277042e-06,-9.129545514e-06,4.599214519e-06,-6.568989907e-06,8.060775910e-06,-2.497714062e-06
1.793000000e+01,1.661063257e-05,-1.117317632e-05,-2.065687658e-06,2.409080981e-06,4.347360816e-06,-1.157082000e-05,5.011603811e-06,7.136798526e-07,-8.425143092e-07,1.250838388e-06,-8.687867059e-07,-3.513606623e-06
1.794000000e+01,-3.584765274e-06,3.387183514e-06,3.876568262e-06,-6.841854321e-06,-5.721495360e-06,3.076686443e-07,1.040227338e-05,-6.307237466e-06,1.325864035e-05,3.447472687e-06,-9.241621776e-06,-8.851028414e-06
1.795000000e+01,-1.281329240e-05,-2.970750503e-06,6.149601784e-06,-1.108228131e-05,-2.161980700e-05,-4.654577015e-06,2.253074652e-06,4.322271736e-07,-1.117769262e-05,-4.619809272e-06,-1.368320860e-05,-8.723701264e-06
1.796000000e+01,4.128459609e-06,-8.345983316e-06,1.156719012e-05,-8.343906643e-06,-3.371863465e-06,2.969207448e-06,5.726531113e-07,-3.083272601e-06,-2.385123962e-06,-1.507105235e-05,-1.064831757e-05,2.377454065e-06
1.797000000e+01,-1.863660910e-05,-3.162362772e-06,5.515663716e-07,-1.485851474e-05,-1.730934473e-05,-1.686869590e-05,3.791154343e-06,4.544277704e-06,-1.066543915e-05,-5.010315697e-06,-5.820234606e-06,-6.648203797e-06
1.798000000e+01,1.666847834e-06,2.626133561e-06,-1.043155302e-05,-2.292024313e-06,-1.549473515e-05,-5.175668560e-06,1.095411262e-06,-8.706081904e-06,-3.170582711e-06,-3.481487784e-06,-5.885162652e-06,-1.247577346e-05
1.799000000e+01,-8.821272840e-06,-1.169836253e-05,2.708435780e-07,1.140482992e-07,-1.139240988e-05,-1.339865207e-05,3.457921543e-06,3.706004421e-06,3.021849121e-06,-5.510224925e-06,-3.118493632e-06,-3.237610658e-06
1.800000000e+01,7.637064760e-06,-3.539175693e-06,-7.985199736e-06,1.073212056e-05,-3.383752017e-06,1.166660269e-05,-1.244464364e-05,-3.512255183e-06,-2.408704351e-06,-9.168089352e-06,-2.020022200e-06,-7.177605798e-06
1.801000000e+01,7.169615405e-06,4.139963430e-06,-7.677629683e-08,2.277944734e-05,1.028462902e-05,7.104419812e-06,3.157402584e-06,3.329538451e-06,1.580105784e-06,-4.906601942e-06,-1.872080297e-05,9.270116259e-06
1.802000000e+01,-3.630807893e-06,3.795670834e-06,-8.347792353e-07,1.628658439e-07,7.992658693e-06,1.269110896e-05,2.752811968e-06,4.707796631e-06,1.087172189e-05,1.326787276e-05,4.782910681e-06,1.926511976e-05
1.803000000e+01,1.708888023e-05,-6.238597496e-06,6.524016882e-06,6.963452041e-06,4.841990113e-06,9.052774285e-06,4.575923195e-06,1.138623272e-05,1.863757440e-05,9.617613908e-06,1.442743520e-05,1.688541387e-05
1.804000000e+01,-3.308529730e-06,-6.429545790e-06,-1.955945466e-06,5.517641754e-06,1.379956713e-05,1.734778937e-05,1.474519824e-05,-3.927136111e-06,1.032264911e-05,8.729605475e-06,7.036135850e-06,1.296093913e-05
1.805000000e+01,1.218327937e-05,7.018119679e-06,6.096565860e-06,5.896642835e-06,5.012288807e-06,5.500870726e-06,-2.350131877e-06,-1.878440825e-06,9.531421018e-06,-4.081159309e-06,1.394194729e-05,-1.986333358e-06
1.806000000e+01,-6.897155359e-06,-1.572332553e-05,-3.945414481e-06,-1.299897021e-06,-9.042040609e-07,-1.700707852e-05,3.688049924e-06,5.461788747e-06,-8.626432162e-06,-2.686005987e-06,-1.162159844e-05,1.056979739e-06
1.807000000e+01,8.494949051e-06,2.029483799e-05,-1.163913345e-05,1.196149661e-05,-8.742972751e-06,5.886797413e-06,7.927284579e-06,2.863764986e-06,-1.388278387e-06,3.620662622e-06,2.090444650e-06,-6.926624284e-07
1.808000000e+01,-4.386933096e-06,-1.025740336e-05,-3.688566732e-06,-5.528571424e-07,7.728280392e-06,-1.247275014e-05,-9.857761770e-06,-1.195073519e-05,-1.047966669e-06,1.303226648e-05,-2.059889427e-07,-2.259552863e-05
1.809000000e+01,-1.853773168e-06,4.034936517e-06,3.687412006e-06,9.885049621e-06,-2.847698901e-06,-5.864297093e-06,-5.740750774e-07,-1.365743615e-06,3.162886582e-06,-7.451759973e-06,1.322838815e-06,2.827467163e-06
1.810000000e+01,-1.542071348e-06,-1.062770474e-05,-1.173327481e-05,2.036804242e-06,6.232900584e-06,9.589378076e-07,4.266553874e-06,-9.724893545e-06,1.312067600e-05,1.318589087e-05,1.400272531e-05,2.342784832e-06
1.811000000e+01,-1.299614205e-05,2.143806711e-06,-2.269891886e-06,-1.066981679e-05,5.343278879e-07,-6.854473948e-06,2.220169777e-05,8.015416019e-06,3.693012085e-06,3.222634173e-06,-2.906713987e-06,-7.540330702e-07
1.812000000e+01,1.144278838e-05,1.811171409e-06,1.045413766e-05,4.875672035e-06,8.812334259e-06,8.051398299e-06,2.164070099e-06,1.533699837e-05,-2.690365580e-06,1.721706402e-05,4.800925143e-06,5.658652494e-06
1.813000000e+01,5.471890860e-07,1.431261404e-05,-1.311394139e-06,-5.317936077e-06,-4.192912769e-06,-3.320419301e-06,1.554884048e-05,2.101833951e-05,7.223662992e-06,-2.215180196e-06,1.140871585e-05,4.977913276e-06
1.814000000e+01,7.710412891e-06,1.107929984e-05,5.413886277e-06,7.611449955e-06,7.709970193e-06,-2.025201436e-06,-7.777912258e-07,4.098244542e-07,-3.946988385e-06,1.371855804e-05,1.273723723e-05,4.636028956e-06
1.815000000e+01,3.746837244e-06,-6.803030298e-07,-1.245789473e-05,-2.913182096e-07,2.453138963e-06,-7.660326079e-06,1.438807288e-06,-4.198057823e-06,-2.623469564e-06,1.641275654e-05,1.188893624e-05,2.709958837e-06
1.816000000e+01,-1.291442273e-05,-4.633309708e-06,1.855383396e-06,5.313021529e-06,7.649413966e-06,6.887152824e-06,1.423985920e-06,1.547539522e-06,6.878646852e-06,-2.002119342e-06,-3.493241147e-06,6.700013086e-07
1.817000000e+01,-2.902010460e-06,1.563245811e-05,9.235089971e-06,-7.945221205e-06,1.688137922e-06,-7.910262585e-06,-6.585849849e-06,-8.280911713e-07,5.817042394e-06,-6.818953792e-06,-4.714205804e-07,-2.532757632e-06
1.818000000e+01,-8.503797901e-06,-5.994470527e-06,-1.790469903e-05,-4.333579121e-06,-1.689965288e-06,-4.603986509e-06,-1.446370350e-05,4.725600528e-06,-3.446488679e-06,-1.153934237e-05,1.798338983e-06,-3.614366444e-06
1.819000000e+01,-8.502132888e-06,-7.483378191e-06,-5.617507303e-07,-3.475585620e-06,-1.363572001e-05,-8.233560872e-06,-9.032610003e-06,-5.015714399e-06,-2.777463357e-06,3.956745115e-07,-1.236018111e-05,-7.864914632e-06
1.820000000e+01,-8.447586025e-06,-8.717858099e-06,1.560627649e-06,1.059354964e-05,-1.818191487e-05,-8.416253583e-06,-7.403878018e-06,-9.423485133e-06,-7.126967522e-06,-5.312653040e-06,-7.368916380e-06,-1.231505147e-05
1.821000000e+01,-2.029251588e-05,-6.441469581e-06,3.454998945e-06,-1.383428837e-05,-6.178044667e-06,-4.008723126e-06,8.996502899e-06,-2.732483329e-06,3.195243085e-07,-7.174282767e-06,-2.455074309e-06,-4.360848779e-06
1.822000000e+01,7.679399553e-06,-3.171569211e-06,3.718665158e-06,9.201805578e-07,-7.981709106e-06,-1.778142143e-06,-6.137359774e-06,-1.467160658e-05,-7.005594962e-06,-2.749688153e-06,-7.272166865e-06,-5.628488950e-06
1.823000000e+01,5.112159884e-06,5.376543801e-07,1.363596098e-05,-2.947688490e-06,7.763149951e-06,-2.330474416e-06,-4.090057463e-06,8.238497940e-06,5.784887562e-07,-8.550304035e-06,-1.764897753e-06,-3.596240281e-06
1.824000000e+01,1.733100321e-06,1.133359544e-06,-1.400562824e-07,4.759659848e-06,7.456974504e-07,-4.517021827e-06,8.121205775e-06,8.227059593e-06,7.484915147e-06,3.849065798e-07,-1.302062671e-05,3.408882204e-06
1.825000000e+01,2.920640987e-09,3.098573058e-06,1.077552466e-05,-5.405938673e-09,1.366895398e-05,-1.833695501e-06,4.876172222e-06,-1.103950985e-05,9.892604095e-06,3.901456879e-06,-6.888631547e-07,3.954822839e-06
1.826000000e+01,-7.401009809e-06,1.546593873e-06,1.386280279e-05,1.995469375e-06,5.345520789e-07,-7.119177646e-06,2.851332983e-07,2.529320276e-06,1.175366944e-05,-1.370553399e-06,7.208381642e-06,-5.762862220e-06
1.827000000e+01,-8.028483754e-06,-5.747859689e-06,-8.690363552e-06,2.050255649e-06,6.698243039e-06,6.985148931e-06,1.937278644e-06,-9.403772276e-06,-1.147023951e-05,-2.723308918e-06,-6.366476143e-06,-1.464035406e-08
1.828000000e+01,5.158024845e-06,-1.535095672e-05,-4.314722473e-06,-1.500046444e-05,-8.231632871e-06,-5.263327120e-06,-1.408013997e-05,-2.345208755e-06,3.563146324e-06,7.683516782e-06,6.566537998e-07,7.320913698e-07
1.829000000e+01,-6.384253672e-07,-1.539390763e-05,-1.343391833e-06,4.052425740e-07,2.931182890e-06,-1.784293566e-05,-1.076990356e-05,3.929850436e-07,-1.118769080e-05,2.093029271e-06,6.879342623e-06,2.356513903e-06
1.830000000e+01,-6.629180876e-06,-1.608335267e-06,-9.473191676e-06,1.547109323e-07,-9.624552266e-06,1.327005943e-06,-5.383276666e-06,1.336921306e-06,-1.783917484e-05,1.750356319e-06,-1.669455196e-05,-8.111044804e-06
1.831000000e+01,-7.227781771e-06,-4.797653037e-06,-8.390368663e-06,-2.505695529e-06,-5.248453778e-06,-4.593663731e-06,-1.323742695e-05,6.854899345e-06,-2.667023209e-06,-1.424021453e-05,2.468923803e-06,-4.424785059e-06
1.832000000e+01,4.250912919e-06,4.756048536e-06,-1.011022329e-05,7.436408123e-07,-9.812143842e-06,-5.669788478e-06,-3.035145861e-06,-1.125810761e-05,-2.724010954e-06,-1.802977059e-06,-1.188480453e-05,-6.548730721e-06
1.833000000e+01,3.642146915e-06,-4.784212627e-06,-8.093832847e-06,-6.899334097e-06,7.075381806e-06,-1.738633429e-05,-5.501629189e-06,-5.222120211e-06,8.440429754e-06,4.645215817e-06,6.611503085e-06,1.178228297e-05
1.834000000e+01,1.269952311e-05,-1.686645833e-06,-4.775951478e-06,1.662581750e-06,-3.296307702e-06,-4.156047173e-07,1.707240539e-05,-9.429457046e-07,6.814643134e-06,-1.537998363e-06,-5.263555719e-07,2.057096297e-06
1.835000000e+01,1.096075677e-05,-1.656975806e-06,-1.607359267e-06,5.915876874e-06,1.455240966e-05,1.163797001e-06,-1.137307902e-06,1.180405318e-05,1.550890524e-05,5.809510661e-06,1.546677180e-05,5.326294933e-06
1.836000000e+01,1.947697015e-06,-1.136860418e-05,4.290239371e-06,1.486924453e-05,-4.137948555e-07,1.038192729e-05,-4.271061565e-06,3.842501534e-06,-7.716749358e-07,5.305923662e-06,1.386552438e-05,1.582607094e-05
1.837000000e+01,1.323962355e-05,-2.229562400e-06,7.130396793e-06,3.625454316e-06,9.735302564e-06,7.314052411e-06,6.697328824e-06,5.455183872e-06,3.799978575e-06,2.549478675e-06,-2.620966012e-06,7.422981963e-06
1.838000000e+01,-8.829818415e-07,7.431670050e-06,8.261225759e-06,-1.769509690e-07,-2.563388530e-06,-8.374266907e-07,1.073297199e-05,3.475944031e-06,-2.178000460e-06,9.672959721e-06,8.833100332e-06,1.100422340e-05
1.839000000e+01,4.168912844e-06,1.520334183e-07,1.317617462e-05,1.033363459e-05,3.966728356e-06,1.847198772e-06,3.274437720e-06,-4.023660702e-06,1.071323288e-05,-1.801909872e-06,-1.011060628e-05,-8.949394498e-06
1.840000000e+01,-4.860838151e-07,-4.150699817e-06,4.121883298e-06,-8.121970414e-06,1.744137442e-06,8.303344145e-06,-8.795167551e-06,1.227299547e-06,8.733473686e-06,2.504240780e-06,-4.541066620e-06,3.366001165e-06
1.841000000e+01,2.471123807e-06,6.737380027e-06,-6.150506424e-06,-2.489746578e-06,-4.550162548e-06,8.525450717e-06,-5.688422305e-06,-1.140096916e-07,-2.146687195e-06,-8.687311119e-07,-5.053116931e-06,-8.951707727e-06
1.842000000e+01,1.249650981e-06,-1.114699295e-05,5.675612610e-07,-7.672152271e-06,-1.368950040e-05,1.778690848e-06,-5.009145307e-06,-1.109227230e-05,7.327286715e-06,1.793448227e-05,6.749730086e-06,-2.775647832e-05
1.843000000e+01,-8.646182899e-06,1.414177747e-05,1.111448531e-05,1.213895023e-05,-9.118750509e-06,3.849927169e-06,-1.302593851e-05,5.385456591e-06,5.137761437e-06,-1.182686821e-05,-1.347539055e-05,8.167043733e-06
1.844000000e+01,-4.106710545e-06,5.602956563e-06,1.479287469e-05,-1.281146436e-05,3.368605736e-06,1.003110304e-05,-9.843367403e-06,-1.773909858e-06,9.656193249e-06,1.153169329e-05,1.236097383e-05,-8.929690943e-06
1.845000000e+01,3.448001825e-06,7.705448189e-06,6.216473413e-06,1.854359926e-06,-1.438123130e-06,2.348358022e-06,3.072811381e-07,-3.963216517e-07,1.982226440e-06,7.780752260e-06,-1.705672935e-06,-4.295752549e-06
1.846000000e+01,-1.927048215e-06,1.578906790e-06,8.244757730e-06,3.102826672e-06,8.395278028e-06,1.788890605e-05,6.412010610e-06,5.343371578e-06,1.128300808e-05,-1.051351546e-06,1.651127849e-05,3.501860205e-06
1.847000000e+01,-5.906139014e-06,1.524754936e-05,1.089102549e-05,1.040712424e-05,1.392031143e-05,1.333412703e-05,1.227015331e-05,3.400670354e-06,3.202623671e-07,-2.993026492e-06,7.651186120e-06,3.638312314e-06
1.848000000e+01,8.430950211e-06,8.499419194e-06,8.351350739e-06,9.259168176e-06,-3.642741360e-06,9.731680343e-06,1.395279620e-05,9.490587019e-06,9.516749526e-06,1.827130079e-05,1.404690331e-05,4.993078561e-06
1.849000000e+01,7.788029761e-06,-1.969187307e-06,6.256896589e-06,-2.093732643e-06,7.116566483e-06,1.596432067e-05,-1.022310225e-05,5.277418499e-06,-1.992452539e-06,-3.333594873e-06,6.951911712e-06,2.491486136e-06
1.850000000e+01,7.254832850e-06,2.218065597e-06,-2.938927637e-06,-2.473395899e-06,4.274320521e-06,-3.365313492e-07,-6.898664348e-06,7.036344085e-07,-9.649393673e-06,-2.783221768e-06,-3.041869505e-06,3.533515541e-07
1.851000000e+01,-4.985015414e-06,1.429155648e-05,-7.119489866e-08,-1.145779935e-05,-8.671305892e-06,-8.378063150e-06,8.258651967e-06,-8.437603800e-06,-1.311646173e-05,-4.580566956e-06,-4.561182481e-06,2.018662094e-06
1.852000000e+01,-5.446875595e-06,-3.488461612e-06,-1.027658616e-05,-1.656502036e-05,1.114374061e-06,-1.477146613e-06,-5.911542524e-06,-6.920547403e-06,-1.230485265e-05,9.272005073e-07,1.905562962e-06,1.767249684e-06
1.853000000e+01,-5.252063718e-06,-1.099887475e-05,-2.120845005e-05,-2.921439822e-06,6.428500739e-06,-1.325488438e-05,-2.489315237e-06,-4.060404928e-06,-1.480738179e-05,-1.085886917e-05,-1.133433327e-05,-7.999911577e-06
1.854000000e+01,-1.520219928e-05,4.874251982e-06,-1.004881565e-05,5.964030524e-06,3.095163272e-06,-1.802459615e-05,-1.592028828e-05,-2.532392834e-06,-1.388645323e-05,1.932829514e-07,-1.073326491e-05,-1.218373339e-05
1.855000000e+01,-8.557625827e-06,4.485943291e-06,3.381278198e-06,5.591013843e-07,6.228089890e-06,-1.758249766e-06,8.605511047e-06,3.760854852e-06,8.643639093e-07,6.260034353e-07,-8.476866317e-07,-1.356460210e-05
1.856000000e+01,4.673375071e-06,8.169693470e-07,4.689962280e-06,-3.504533185e-06,-2.919016877e-06,-3.522171002e-06,-3.083346185e-06,1.469320568e-06,1.732044796e-06,1.392670909e-06,1.266447814e-06,2.477346013e-06
1.857000000e+01,1.470738534e-06,-8.641728058e-06,-1.025666950e-06,-6.222143453e-06,-5.278369460e-06,-2.561665522e-06,1.047222148e-05,1.679045386e-05,2.371851405e-06,-5.407157494e-06,5.723353490e-06,-3.653844696e-06
1.858000000e+01,5.300794681e-06,-2.842969765e-06,1.261394790e-05,5.747632470e-06,-8.668914699e-06,8.761565732e-06,-7.345851443e-06,5.985173867e-06,-4.721274011e-06,-1.033581846e-05,-1.976143459e-05,1.283105916e-06
1.859000000e+01,7.658064437e-06,9.059048136e-06,1.495038815e-05,3.608027323e-09,-2.098405070e-07,-1.303409384e-05,9.188107830e-07,-3.168633557e-06,2.278279191e-05,1.284920937e-05,6.396455016e-07,-2.364813254e-06
1.860000000e+01,1.683793435e-06,-1.563794316e-06,-3.988129696e-06,4.350650813e-06,-2.369821930e-06,-3.437561472e-06,-3.008159781e-06,-7.715319777e-06,4.111536430e-06,-7.481867998e-06,8.704490620e-06,1.034064935e-05
1.861000000e+01,8.848273144e-06,-4.101082116e-06,-2.281733751e-06,1.021620361e-05,1.688882535e-06,-6.173248843e-06,-5.063638418e-06,-1.506588714e-06,-1.678223683e-06,-5.160942199e-06,-7.038026707e-06,-4.934520924e-06
1.862000000e+01,-9.118587611e-06,-2.094207429e-05,5.497807261e-06,-7.799913855e-06,4.960422930e-06,-1.766487645e-06,-5.607343371e-06,-8.532767652e-06,-1.429493811e-06,-3.002356362e-06,1.125976589e-06,-8.888849922e-06
1.863000000e+01,1.234805152e-05,-1.169305198e-05,1.057845356e-06,-1.557445585e-05,-1.257422647e-05,-9.399332709e-06,7.191223586e-07,-1.752256401e-05,-7.419270750e-06,-1.327639709e-05,1.310688048e-05,-2.587560873e-06
1.864000000e+01,-1.085285869e-05,-4.114805526e-06,-2.998044952e-06,9.346041560e-06,-1.542361367e-05,-6.778384656e-06,-9.026643161e-06,-2.409104695e-05,-1.066324793e-05,-6.272867764e-06,-4.631095954e-06,-1.186924183e-05
1.865000000e+01,4.888910232e-07,-5.171672510e-06,-1.085429801e-05,-2.400259619e-06,-1.782600293e-05,-3.310417374e-06,1.705383847e-05,-1.150926272e-05,-2.055906116e-06,6.883036829e-06,-1.706952548e-06,-5.772375789e-06
1.866000000e+01,1.155174225e-05,-9.602076346e-06,-1.195349373e-05,-7.452607559e-06,-5.216998494e-06,-7.985548332e-07,-1.098808778e-05,-5.665289656e-06,-9.660595591e-07,-4.254633264e-06,-1.254757267e-05,1.918852595e-07
1.867000000e+01,2.607443242e-06,3.223406546e-06,8.281413160e-06,9.482114888e-06,9.353256428e-07,9.692331730e-06,1.224316550e-05,5.455258292e-06,-1.463687198e-06,-2.028579918e-06,-9.105925859e-07,3.588309242e-06
1.868000000e+01,-9.576572034e-06,-1.814491428e-06,4.651396215e-06,6.771173725e-06,-6.173606085e-07,1.384582529e-06,4.596090384e-06,5.499503918e-06,2.231431276e-06,-7.156470099e-06,-6.283058496e-06,-1.715479123e-06
1.869000000e+01,1.335271394e-05,5.237351799e-06,1.092266609e-06,2.701753227e-06,6.444404926e-06,3.072840012e-06,2.451452287e-06,3.332682017e-06,1.035336966e-05,9.737247855e-06,8.664911063e-06,2.681329202e-06
1.870000000e+01,1.018910597e-05,8.984146595e-07,1.542800509e-05,1.061734453e-05,4.162349000e-06,8.059116363e-06,-1.467084297e-06,8.872006007e-06,5.738111113e-06,1.555727851e-05,1.499931237e-05,5.433586025e-06
1.871000000e+01,-2.662910563e-06,8.719621880e-06,7.316325657e-06,5.976123848e-07,1.014704253e-05,7.439823513e-06,1.227076640e-06,9.323329299e-06,-5.742962812e-06,1.128776191e-05,5.324614259e-06,-4.311361341e-06
1.872000000e+01,3.822577562e-06,9.047937963e-07,-1.037358363e-05,2.798317992e-06,1.115758782e-05,-2.539932141e-06,6.125587259e-06,-8.346620667e-06,2.165213443e-06,-1.547439468e-06,4.636220485e-06,-6.779253029e-06
1.873000000e+01,1.753738430e-05,5.142100397e-06,8.087491741e-06,9.348337337e-06,4.360237057e-07,-4.114524685e-06,-1.774733159e-06,-2.948426450e-06,-5.626902066e-06,6.095208862e-06,-6.188014955e-06,-1.290982898e-05
1.874000000e+01,-1.509392168e-05,2.977866892e-06,-1.299847640e-05,6.864886862e-06,-2.174236333e-06,-9.629692241e-07,1.856731447e-06,3.174420751e-06,-7.922823349e-06,1.449149753e-05,-1.680771898e-05,-1.333852564e-05
1.875000000e+01,-4.771525279e-06,-3.833795392e-06,-1.152093688e-05,-4.734305714e-06,-9.931740882e-06,-5.672409451e-06,1.275669931e-05,8.695984245e-07,1.155328139e-05,5.634935488e-06,-5.807271540e-06,-6.932465730e-06
1.876000000e+01,-3.574647085e-06,1.051354618e-05,-1.333878061e-05,-5.074775740e-06,-7.306462325e-06,8.413268472e-07,1.664927167e-06,5.618367774e-06,3.196191871e-06,-1.170488652e-05,-6.290175777e-06,-1.266226900e-06
1.877000000e+01,-4.866754843e-06,6.918225007e-07,-6.592538328e-06,9.536675423e-06,4.807414484e-07,5.921386947e-06,3.072692955e-06,-4.734367322e-06,6.215757801e-06,-6.930283389e-06,1.126928570e-06,-7.733288479e-07
1.878000000e+01,-9.883247846e-07,1.784286493e-06,-2.481217174e-06,1.504499755e-06,-5.638819919e-06,-9.095462097e-06,1.463978077e-06,-2.306894753e-06,-7.440650126e-06,1.028491382e-05,-5.557692642e-06,5.771979947e-06
1.879000000e+01,9.072629975e-07,1.359405521e-05,8.472046215e-06,1.192785171e-06,4.034402827e-06,2.923977513e-06,3.729626165e-06,3.494533550e-07,-4.286544328e-06,-5.828534057e-06,3.572639037e-06,9.567240751e-06
1.880000000e+01,8.357251071e-06,-3.756022380e-07,5.434050337e-06,-1.682389603e-06,5.373164645e-06,5.133571460e-06,-1.974429437e-06,-2.677811661e-07,8.443919452e-06,1.953590831e-05,5.916178331e-06,-8.026791946e-06
1.881000000e+01,8.642003200e-06,-6.815797182e-06,1.941005646e-06,-3.798230096e-07,5.764701540e-06,7.146790823e-06,8.174175317e-06,2.807205727e-05,6.352588512e-06,1.516768464e-06,-4.569461994e-06,1.750655957e-06
1.882000000e+01,1.247388454e-05,6.248061292e-06,1.256031594e-05,1.490495417e-06,1.840381782e-06,4.011835600e-06,5.482179963e-06,-1.628184459e-06,1.242252057e-05,-3.874050115e-06,6.449830911e-07,2.745772849e-06
1.883000000e+01,1.007995198e-05,2.890104019e-06,6.246085045e-07,-1.202183047e-06,2.624687503e-06,1.365066644e-05,6.489785165e-07,3.729676311e-06,1.794176854e-05,1.903897173e-05,-9.100259348e-06,7.102756889e-06
1.884000000e+01,4.229323246e-06,7.521876881e-06,4.710836855e-06,-7.840921711e-06,9.137883561e-07,4.308865308e-07,6.247680999e-06,-1.153975742e-06,-9.948482826e-07,6.501852292e-06,-1.990717589e-07,-1.411771743e-05
1.885000000e+01,-2.295178861e-05,-1.677412792e-05,-7.828574548e-07,-2.563022275e-06,1.923870617e-06,-4.789332052e-06,-5.308996566e-06,-4.661351118e-06,-1.035211458e-05,-5.667139361e-06,-1.010286016e-05,-3.645626999e-06
1.886000000e+01,-1.152926226e-05,1.551957744e-06,-1.612466019e-05,-4.234671887e-06,-9.668816376e-06,-1.805144872e-05,-1.417284347e-05,3.451098255e-06,-6.440809735e-06,1.130800762e-06,-1.520995215e-06,-1.541196437e-05
1.887000000e+01,-3.839428134e-06,-1.110849684e-05,-1.626830289e-06,3.242550301e-06,-6.448454752e-06,-6.777535162e-06,-8.781912653e-06,1.420331199e-05,-9.641458592e-06,-2.413716426e-06,-1.197624156e-05,3.127309805e-07
1.888000000e+01,-8.392855334e-06,-7.998047273e-06,9.330886637e-08,2.020995422e-06,-3.035588950e-06,-1.131763735e-05,1.698280068e-06,-3.541762504e-06,-6.237713460e-06,-1.101827789e-06,-7.977245320e-06,1.123851111e-06
1.889000000e+01,6.268022965e-07,-4.586344196e-06,-1.419633679e-06,2.807755032e-06,-7.875728725e-06,-1.854697347e-05,-8.060151971e-06,1.897487631e-06,-1.264748423e-05,-1.365644591e-05,-6.960483551e-06,3.177500200e-06
1.890000000e+01,-2.191674030e-06,-1.129304760e-05,-2.859717798e-06,-3.350682309e-06,5.566121237e-08,-2.315590642e-06,4.143566992e-06,2.106791303e-06,-2.082993525e-05,-6.003456106e-06,-1.922005607e-06,2.265589781e-06
1.891000000e+01,-1.489997484e-05,5.103831118e-06,1.433380150e-05,-5.801598511e-07,4.389559646e-06,3.221858221e-06,-3.006387885e-06,-3.762386845e-06,3.738481320e-06,5.166681784e-06,5.196936379e-06,2.046513053e-06
1.892000000e+01,1.523236172e-05,7.756249430e-06,3.906368566e-06,1.259918146e-06,4.848881097e-06,-2.693883424e-07,-1.540280953e-06,1.165461259e-05,-3.885897631e-06,6.348313499e-06,1.310900338e-06,8.541494854e-06
1.893000000e+01,4.199808403e-06,1.134941710e-05,-1.335444513e-05,6.797996656e-06,-9.229361849e-07,3.587745737e-07,5.039029583e-06,-7.826482981e-06,3.330745431e-07,6.934767603e-06,-8.046430308e-06,3.349084298e-06
1.894000000e+01,-6.269479259e-06,-1.059661879e-05,-6.833073677e-06,1.396863098e-05,2.066187459e-06,-2.563212527e-06,-1.259642758e-05,-4.832132313e-06,-1.097608027e-05,-3.476251964e-06,1.299084221e-06,-9.370434623e-06
1.895000000e+01,-4.753765380e-06,2.925757627e-06,-1.215387613e-05,-6.221172789e-08,5.491728357e-06,-7.402353995e-06,-6.555921912e-06,-4.578074989e-06,-1.206859324e-05,-6.432525692e-06,-3.620679166e-06,6.085116983e-06
1.896000000e+01,2.752663631e-06,-3.049851819e-06,3.318137652e-06,-1.435734355e-05,-9.510933654e-06,-2.246977871e-05,-8.169211873e-06,-1.102746946e-05,-8.878589418e-06,-4.937796431e-06,-6.624334031e-06,1.683435678e-06
1.897000000e+01,-2.661571809e-06,9.909598181e-06,-1.955423964e-06,-3.619529243e-06,1.785754617e-06,-2.314034036e-06,-4.367833488e-06,-8.347656313e-06,9.181891580e-06,-5.104481540e-06,-8.153907907e-06,-4.793394472e-07
1.898000000e+01,-7.162008188e-06,-1.085110983e-05,5.236800818e-06,-1.822459899e-05,-5.268854994e-06,-1.468820356e-06,-6.126215378e-06,-1.045241455e-05,-7.731414683e-07,-8.494352719e-06,-1.985045587e-06,-1.939778571e-05
1.899000000e+01,2.383371718e-06,-3.296776550e-06,-9.110032753e-06,2.761214645e-06,-1.900514432e-06,-1.097210889e-05,-9.011517498e-06,-6.169646056e-06,-1.544863760e-06,2.352045618e-06,-7.869059478e-07,3.583672014e-06
1.900000000e+01,4.483380638e-06,-4.628915979e-06,-1.473138036e-06,-3.242162925e-06,3.947656670e-06,1.393142713e-05,1.652972933e-07,3.068091078e-09,1.654035647e-06,2.090510597e-06,3.956138390e-06,5.258530621e-07
1.901000000e+01,-4.959938538e-06,1.243684276e-05,3.453475038e-07,-2.069088632e-06,1.708981726e-08,4.147992997e-06,1.362703034e-05,-3.165021820e-06,-3.912700977e-06,1.081507554e-05,1.027129866e-05,3.350358958e-06
1.902000000e+01,-2.364588829e-06,3.136647918e-06,3.453347563e-06,1.433461149e-05,7.799522279e-06,-9.786470415e-06,1.036517387e-05,-9.325191513e-07,2.146200953e-05,-3.927574669e-06,8.161530450e-06,5.888476483e-06
1.903000000e+01,4.561857266e-06,1.064200102e-05,2.101178931e-06,1.761821089e-05,1.646807841e-05,1.031743955e-05,2.158925813e-06,-1.367208406e-06,8.660375234e-06,5.350030195e-06,-4.273399622e-06,-3.353205750e-06
1.904000000e+01,1.720053220e-05,-5.769851479e-07,1.222764819e-05,1.656135872e-05,9.634081647e-06,1.351995394e-05,1.241044760e-05,2.690174856e-06,2.249532228e-06,4.663119905e-06,2.905541653e-06,-1.325395564e-06
1.905000000e+01,3.712378523e-06,-7.910819451e-06,2.064237853e-05,-3.106200009e-06,-3.775340932e-07,6.269774470e-06,2.023395052e-06,4.044768805e-06,-5.645278539e-07,3.675138838e-06,7.303181989e-06,-3.927007033e-06
1.906000000e+01,3.617498442e-06,1.008937406e-05,7.351523931e-07,-1.091567058e-05,-2.215690664e-05,5.685099271e-06,-5.077821634e-06,-6.920963130e-06,-3.981420023e-06,8.224031889e-06,2.438178814e-06,3.903815869e-07
1.907000000e+01,1.088494705e-05,5.703290472e-06,1.432496024e-05,-1.971403292e-07,-2.488317961e-06,3.506608464e-06,7.237961728e-06,-5.235211301e-06,1.265103648e-05,1.490432019e-06,4.440762483e-06,2.748594435e-06
1.908000000e+01,-8.558046217e-06,-5.145534249e-06,-2.235719236e-05,7.401153042e-06,3.903810861e-06,1.725400710e-07,1.996981172e-06,-1.138563651e-05,1.061408538e-05,-7.481388026e-07,-1.157564495e-05,-4.912946290e-07
1.909000000e+01,5.158785027e-06,-6.194498120e-06,-8.593623585e-06,1.198226571e-06,1.010559813e-05,1.474535993e-05,6.823968411e-07,-5.154321337e-06,5.570604147e-06,1.100507529e-05,1.296075470e-05,-1.606265355e-06
1.910000000e+01,-5.773965120e-06,4.399135080e-06,3.705538779e-06,5.575529691e-06,-3.601901290e-06,-2.030938481e-06,-3.666857308e-06,1.135298618e-07,-1.862108731e-07,-3.942007034e-06,-1.723735912e-05,-1.119817664e-05
1.911000000e+01,8.919672414e-06,-1.026758834e-05,1.840473270e-05,8.870633053e-06,3.812316418e-06,2.110980254e-06,4.859997771e-06,2.633247748e-06,-9.976175834e-07,1.262391010e-05,-1.193140838e-05,-6.057467379e-06
1.912000000e+01,4.255393172e-06,7.978667492e-06,-5.407351800e-06,1.853284932e-05,9.559517030e-06,-9.950066489e-06,5.314469960e-06,1.933485610e-06,7.301754823e-06,1.199964611e-05,1.065163662e-05,9.900890700e-06
1.913000000e+01,1.488403534e-05,1.317667935e-05,-7.670580674e-06,-1.183459106e-06,3.208006752e-06,2.310596616e-05,1.513470079e-06,7.795389244e-06,-1.211702186e-06,8.053873944e-06,1.803447445e-05,7.163440656e-06
1.914000000e+01,1.844263409e-05,5.290060574e-06,1.432118599e-05,3.009515291e-06,8.524149617e-06,9.750197319e-06,1.730204973e-05,-3.949882054e-06,1.418126733e-05,2.478860625e-06,7.802322700e-06,-6.066630569e-06
1.915000000e+01,9.366330002e-06,8.403218299e-06,3.582892430e-06,2.523015536e-06,3.381867450e-06,2.760439237e-06,2.491045140e-06,1.083720161e-06,2.417805548e-06,3.719430695e-06,5.299040763e-06,-9.135489157e-06
1.916000000e+01,-1.536840341e-05,-4.437228736e-08,-3.181906231e-06,9.655591751e-06,4.665358993e-06,1.780086527e-05,1.292186979e-06,-1.001313281e-05,4.634015406e-06,-1.597124839e-06,8.823972042e-06,3.862523886e-06
1.917000000e+01,-1.221555766e-05,-1.049440806e-06,-6.083564513e-06,-9.231058827e-06,-1.271245620e-06,-3.310875475e-06,2.995712785e-06,-3.192956755e-06,4.603662963e-06,-1.568339171e-05,-3.606462247e-06,-1.539285815e-05
1.918000000e+01,-5.016896281e-06,-9.821953123e-06,-4.648622416e-07,-6.714960793e-07,-5.353546559e-06,2.483837184e-06,8.619167186e-06,-1.114557236e-05,1.441372994e-05,-1.720998245e-05,2.387425462e-06,-1.318339594e-06
1.919000000e+01,1.118178275e-06,2.876993901e-06,-8.718040591e-06,4.927633902e-07,5.557903013e-07,-1.234335741e-05,-1.415956555e-05,3.617403028e-06,9.923336127e-07,-1.547995107e-05,-1.222717523e-05,-8.877754504e-07
1.920000000e+01,-2.045083965e-05,8.547265991e-06,-8.478259136e-06,-1.031316228e-05,-1.358383632e-05,-2.255220776e-06,3.266939150e-06,2.265946189e-06,-1.014041436e-05,-1.842323177e-05,-1.659845210e-05,-8.007669159e-06
1.921000000e+01,-1.208623670e-06,-3.040226846e-06,-8.474429325e-06,-1.087054349e-05,-8.438255276e-06,-6.265778160e-07,-1.640731988e-05,-2.797248106e-06,-3.926750469e-06,9.200210369e-08,-4.945893264e-07,-1.222071036e-05
1.922000000e+01,-1.828258807e-05,5.705753256e-07,-1.512720760e-06,-1.217106483e-05,6.117956375e-07,-5.548537915e-06,-4.303894174e-06,2.732909244e-06,-6.542819144e-06,1.209563122e-05,-5.121118448e-07,-2.046568084e-06
1.923000000e+01,8.285932698e-06,-5.655740867e-06,-8.438185735e-06,2.167168853e-05,6.347977106e-06,9.363194010e-07,1.533819349e-05,-8.342910584e-06,1.284548559e-05,-8.132926438e-07,3.667100466e-06,8.299922861e-07
1.924000000e+01,1.048957234e-05,1.665486063e-05,3.980419920e-06,5.541487036e-06,-6.808809132e-06,3.251974082e-06,4.078967713e-07,9.342390605e-06,1.452771334e-05,6.298408713e-07,-2.443600651e-06,1.564025072e-05
1.925000000e+01,7.440125367e-06,3.928604406e-06,4.617976687e-07,-5.380259155e-06,-9.994043932e-07,-1.021154621e-05,1.341664108e-05,-3.068051722e-06,8.053701363e-06,1.361750672e-05,4.410041142e-06,1.141417627e-06
1.926000000e+01,7.324906648e-07,-1.761760370e-06,-8.425980586e-06,5.528992063e-06,9.080209527e-06,2.057674552e-07,2.102317186e-05,5.602225011e-06,-3.984206747e-06,4.328469746e-06,-2.749916643e-06,2.227806625e-05
1.927000000e+01,-7.557029365e-07,-6.780278850e-06,-1.972290568e-06,-3.342505810e-06,4.400407772e-07,4.054719401e-06,2.619904641e-06,-8.733519292e-06,-2.323556773e-06,-1.036774260e-05,-5.484036947e-06,1.672846304e-05
1.928000000e+01,-9.036925157e-06,-8.022437997e-06,-5.251260877e-06,-3.601435373e-06,-1.233292586e-05,3.054357462e-06,-2.493673280e-06,2.634510664e-06,7.507073377e-06,6.165592248e-06,-1.636911857e-05,-4.265891887e-06
1.929000000e+01,-9.959806313e-06,2.009852505e-07,-6.950153562e-06,-4.629039342e-06,-1.348222437e-05,-1.175994147e-06,-8.676612335e-06,-1.697598912e-05,7.192417816e-06,-6.490812089e-06,-1.132765720e-05,-9.465051505e-06
1.930000000e+01,-3.503517110e-06,-5.605226821e-06,-9.167540076e-06,-3.746146751e-06,-1.397613766e-05,-1.157209875e-05,-5.543385496e-06,2.818527159e-06,-7.750217606e-06,-1.951538787e-05,-1.073682152e-05,-9.962179130e-06
1.931000000e+01,-8.228787542e-07,9.922371979e-07,-6.162902997e-06,-4.630990778e-06,7.069405296e-06,-8.648282316e-06,-1.663364503e-05,-1.321221806e-06,-9.735676110e-06,8.043066729e-07,-1.230165475e-05,-1.054181728e-05
1.932000000e+01,-7.472163898e-06,1.290848603e-06,-8.803871778e-06,-1.334699884e-05,-6.754920779e-06,-6.659206743e-06,-4.079846305e-06,-1.214823454e-05,-9.620466460e-06,-8.644250802e-06,-6.081822651e-06,-1.098510085e-05
1.933000000e+01,1.778125564e-06,-2.360256192e-06,2.625960035e-06,2.892653868e-06,5.628730752e-06,8.785544134e-06,-3.820234904e-06,7.431202380e-07,1.245663264e-05,-8.154599176e-06,-1.002470792e-06,1.346566103e-05
1.934000000e+01,-8.513128870e-07,-2.963003629e-06,1.034137490e-05,1.811764873e-05,-6.823043347e-06,1.047059733e-05,-8.177374983e-06,-7.014357593e-06,-4.213723827e-06,2.968201330e-06,-6.035685129e-06,7.318321139e-06
1.935000000e+01,4.804435937e-06,-6.403713254e-06,-8.620407128e-07,8.561681335e-06,-8.662795333e-07,7.089672104e-06,1.122496025e-05,-1.169872277e-06,5.749486706e-06,2.775497471e-06,2.852654774e-07,-3.715497882e-06
1.936000000e+01,9.400372256e-06,1.898933239e-05,1.260962619e-05,1.430018511e-06,7.796330681e-06,1.417849841e-05,-8.664689576e-06,9.277359518e-06,1.132729045e-05,1.088767375e-05,1.473352744e-05,-3.168570808e-06
1.937000000e+01,4.928377976e-06,1.543126428e-06,5.151838243e-06,4.886606937e-06,-4.727281949e-06,6.827915977e-06,8.747878665e-06,1.412206380e-05,4.093216854e-07,-2.428003700e-06,3.698298737e-06,1.796583106e-05
1.938000000e+01,-1.336171793e-06,4.614308778e-06,1.043675675e-05,-3.335770715e-06,4.145239419e-06,1.970664923e-07,1.166089578e-05,8.928514924e-06,-9.868570011e-06,-2.068500118e-08,-1.490498284e-06,6.383859760e-06
1.939000000e+01,2.007411000e-06,1.489169658e-05,3.199677517e-07,6.930362383e-06,6.200561024e-06,6.619003466e-06,-5.462675244e-06,-6.039854636e-06,7.917285078e-06,1.171477975e-05,-6.871321371e-06,4.133337449e-06
1.940000000e+01,1.148746255e-05,6.898528782e-06,7.818980387e-06,-3.324724648e-06,4.765861159e-07,4.545008475e-06,-3.176170374e-06,-1.092847992e-05,7.689037452e-06,-1.094979663e-05,-4.804451463e-06,1.149224664e-06
1.941000000e+01,6.047388435e-06,1.350189944e-05,-3.359823206e-06,-2.709375586e-06,-1.943076273e-05,-5.614223700e-06,4.346351516e-06,-2.247686142e-06,-2.595539772e-06,1.093151507e-06,-9.386418859e-06,-4.670822216e-06
1.942000000e+01,-2.528039730e-07,-1.642745316e-05,5.515244974e-06,-9.875226202e-06,-3.098501820e-06,-3.400542941e-06,-8.690100004e-06,-7.530582172e-06,-1.106066111e-06,1.848373821e-06,-4.965587446e-06,-2.465624814e-06
1.943000000e+01,-3.465298743e-07,3.482296689e-06,2.639707455e-06,1.489395637e-06,3.444218834e-07,1.122986941e-05,2.557263654e-06,-2.442712349e-06,-3.325175648e-06,-2.770355010e-06,-7.552650745e-06,5.338082224e-06
1.944000000e+01,-1.151429107e-05,7.810675014e-07,-1.741551632e-06,-4.920097608e-06,1.006419080e-05,-2.742085113e-06,-1.163093212e-05,3.170088820e-06,-4.514959363e-06,8.238727282e-06,-7.628177258e-06,2.069753303e-06
1.945000000e+01,-5.745979411e-06,9.622101379e-06,1.332184279e-06,1.580482991e-06,-5.555133723e-06,-2.296656943e-06,6.620528981e-06,9.205988633e-06,1.353476561e-07,-1.010916102e-05,1.959846092e-05,1.497769839e-05
1.946000000e+01,6.444954927e-06,-5.980778134e-06,8.961858620e-06,1.445708730e-05,8.841568541e-06,1.660531402e-05,3.995693951e-06,1.098568361e-05,8.383719834e-06,6.236288162e-06,4.014674643e-06,1.173341409e-06
1.947000000e+01,5.483200783e-06,-1.348268933e-06,1.721002540e-05,2.698962664e-06,1.389314626e-06,6.004013457e-06,9.447236123e-07,2.512149920e-07,3.381631173e-06,6.068604579e-06,1.866828693e-05,1.834952217e-05
1.948000000e+01,-2.483439895e-07,6.703118427e-06,1.239919627e-05,3.734495753e-06,8.484392888e-06,-4.367028188e-06,-3.786854087e-06,6.797270829e-06,1.463657808e-05,9.950902951e-06,5.782781455e-06,5.752097048e-06
1.949000000e+01,-4.434546664e-07,9.588171108e-06,2.774832945e-06,1.158632880e-05,-7.973630944e-06,9.971996709e-06,8.393210517e-06,-4.270059831e-07,-2.839538058e-06,3.235133975e-06,-2.221829668e-06,-1.040984369e-05
1.950000000e+01,-2.009899569e-06,1.087723628e-07,-1.105665736e-05,1.149165668e-07,-2.699253125e-06,8.800088516e-06,-7.458695786e-06,-6.097038009e-07,2.016361897e-06,9.830110180e-06,1.391638030e-05,-5.752268455e-06
1.951000000e+01,4.649158637e-06,-7.401598019e-06,-4.323243230e-06,-1.207207386e-05,-4.884549735e-06,3.889515046e-06,-1.171128351e-05,-2.216644889e-06,-4.992384161e-06,5.130763675e-06,1.852466803e-06,-7.799612526e-06
1.952000000e+01,1.350397412e-06,-1.577014900e-05,-9.328136648e-06,3.807098685e-06,-9.009643167e-06,-3.901790186e-07,7.837728254e-06,-7.792263005e-06,-1.386249386e-05,-7.594331964e-06,4.700443124e-06,-6.443965487e-07
1.953000000e+01,-7.011233519e-06,-7.007984263e-06,-1.721480115e-05,-1.245899291e-05,3.883497071e-07,-1.165572418e-06,-5.698255914e-06,-1.259908148e-06,-8.385952770e-06,-6.913730599e-06,-4.057993327e-06,1.962242015e-06
1.954000000e+01,-3.335079980e-06,1.928347954e-06,-6.243759314e-06,-1.053556112e-05,-1.173283069e-05,-5.378532294e-06,-1.116777874e-05,-9.025488210e-06,-1.384368569e-05,-2.850868811e-06,4.334121813e-07,-1.842915760e-06
1.955000000e+01,-9.762717212e-06,-1.318495780e-05,3.186134285e-06,-6.036514100e-06,-1.370716812e-05,-2.694920490e-06,7.295643166e-07,-4.777189811e-06,-1.967335344e-06,-5.013923622e-06,1.759025696e-06,-1.247410692e-05
1.956000000e+01,-2.807359438e-06,2.851352030e-06,-1.002263429e-06,-1.980488448e-06,1.216753413e-05,2.526517160e-06,-1.019815045e-05,-1.604581795e-06,-1.486921142e-06,-1.269685984e-05,4.516158110e-06,-6.314955381e-06
1.957000000e+01,6.989883754e-07,-1.103382000e-06,-4.172791483e-06,-3.568112274e-06,8.539155460e-07,3.890959613e-06,-4.313144970e-07,-2.541996509e-06,-1.097904369e-05,7.869713656e-06,-7.435444209e-06,8.641460439e-06
1.958000000e+01,-1.717047189e-07,-1.045288378e-05,-5.189386839e-06,-1.230047751e-05,1.117683126e-05,-1.670675351e-06,9.762058054e-06,3.972809867e-07,1.686214130e-06,-6.707383039e-06,1.134727163e-05,-1.117608687e-06
1.959000000e+01,-3.321878229e-06,7.206310285e-08,5.769961623e-06,2.716557041e-06,-6.449440980e-06,8.000233416e-07,2.514243311e-06,-5.349641336e-06,-4.069862981e-06,8.836258265e-06,6.241091080e-06,-3.075600623e-06
1.960000000e+01,1.445869155e-05,4.988320196e-06,1.043526378e-06,-6.320725050e-06,-3.621484583e-06,-1.529584908e-06,3.679399138e-07,3.547762151e-06,9.530510399e-06,1.797594226e-06,-3.916289323e-06,-5.770811327e-06
1.961000000e+01,8.902049578e-06,4.140456313e-06,-1.054355475e-05,-2.521882825e-06,3.442016254e-06,-4.021042038e-06,-5.832061660e-06,1.392103617e-07,-5.299691743e-07,-1.523598441e-05,7.841588005e-06,-7.853811634e-06
1.962000000e+01,-6.190335308e-06,-4.704772751e-06,4.228056092e-07,-5.439261258e-06,-4.542304297e-06,-1.425504311e-07,-3.476395195e-06,-9.225803592e-06,1.272888487e-07,8.795106210e-06,-1.006012991e-05,-1.064324087e-05
1.963000000e+01,-5.942344015e-06,-5.327427987e-07,-2.212482001e-05,-1.063673331e-05,3.001431420e-06,-8.056501330e-06,-5.124740144e-06,-1.158407910e-05,-1.479166991e-05,-1.463007957e-05,-3.252399248e-06,-4.271337705e-06
1.964000000e+01,-3.743822183e-06,4.222390783e-06,-9.457772473e-06,-1.128252308e-05,-1.079178079e-05,-2.398940122e-05,1.094867673e-06,-1.343863251e-05,-1.333834448e-05,-6.981819459e-06,1.234765897e-06,-5.633375418e-06
1.965000000e+01,-1.438308659e-06,-1.058107784e-05,-7.294769544e-06,-1.473873134e-05,-1.524457696e-05,5.065373686e-06,1.119400909e-05,-9.395465039e-06,-7.558480864e-07,-1.726319391e-06,-4.597143682e-06,-9.413562745e-06
1.966000000e+01,5.758702224e-06,-9.423074661e-06,6.091482743e-07,-3.123817128e-06,-7.494696963e-06,-4.475834810e-06,-1.104714392e-05,-4.936749923e-06,-6.308956683e-08,1.018659561e-05,-4.457763129e-07,1.033660286e-05
1.967000000e+01,-3.933304914e-06,2.761806873e-06,-8.274328316e-06,2.572693453e-07,-1.014336296e-06,1.544532875e-06,3.227988541e-07,-1.059536022e-05,5.836109747e-06,-2.721040485e-06,2.581642559e-06,4.284177109e-06
1.968000000e+01,8.217168251e-06,-3.742312105e-07,-2.492213131e-06,4.114100925e-06,-6.623210695e-06,1.800533963e-05,-8.052828201e-06,1.875601711e-05,-4.985407452e-06,9.128593602e-06,1.990389780e-07,4.578344106e-06
1.969000000e+01,-7.537978339e-06,7.902629591e-06,1.332469115e-06,-8.372642280e-06,9.729166097e-06,8.910326151e-06,1.967596043e-05,9.695333462e-06,1.660155028e-05,8.383043844e-06,5.812223064e-06,-2.289365743e-06
1.970000000e+01,1.291526883e-05,-2.551531279e-07,5.898035609e-07,-1.411473773e-05,3.009380288e-06,1.281773024e-05,4.719082611e-06,9.348684449e-06,6.055204445e-06,1.503459946e-05,1.398236329e-05,8.324453503e-06
1.971000000e+01,7.067598088e-06,4.113151520e-06,5.610373248e-06,-1.027819486e-05,9.829127967e-06,-1.517330598e-06,1.318717727e-05,8.445672711e-06,7.858999776e-06,-3.832371458e-06,-7.651438555e-07,6.990209838e-06
1.972000000e+01,5.704553790e-06,-8.361082338e-06,2.648152412e-06,1.258647683e-05,2.510426964e-06,-1.995879504e-06,4.194928305e-06,1.352326461e-06,2.232518109e-06,2.868852171e-06,-1.747516919e-06,4.158719770e-06
1.973000000e+01,1.673279940e-07,-1.213801842e-05,4.052188084e-06,-7.250191114e-06,7.347315837e-06,3.830775006e-06,4.751866855e-06,-1.641189643e-06,-3.499935980e-06,-3.741762880e-06,6.998848572e-07,1.049490489e-05
1.974000000e+01,-1.201709584e-07,2.167120396e-06,-1.034838454e-05,4.908008115e-06,-8.519614106e-06,-1.444846824e-06,1.333406934e-05,6.888393155e-06,-7.112320402e-06,-3.147557671e-06,6.412006136e-06,4.311379178e-06
1.975000000e+01,-4.914472263e-06,-1.449652419e-05,-5.636717715e-06,2.360282872e-06,1.929829630e-06,2.884978364e-07,-1.363003329e-05,-4.105010848e-06,4.440499174e-06,-3.921637975e-06,-3.143746449e-06,1.009717981e-05
1.976000000e+01,6.708754247e-06,-3.101648381e-06,-3.134201004e-06,1.096313588e-05,1.415902967e-05,1.315012269e-05,-2.964676634e-06,-2.668342894e-06,1.124299772e-05,-1.754586205e-06,-7.753610158e-06,6.720998039e-07
1.977000000e+01,8.930561087e-06,-1.702158335e-05,4.101654561e-06,-2.911923601e-06,7.803073966e-06,7.690811617e-06,2.691774475e-08,8.329392278e-06,-6.118847902e-06,2.505036548e-06,6.647462092e-07,-2.140709916e-05
1.978000000e+01,-4.869638631e-06,8.348986927e-07,1.628237126e-06,-7.445358849e-06,1.151004685e-05,-1.346001279e-05,1.004686464e-05,5.990247830e-06,4.247655708e-06,-2.710348730e-06,4.739858754e-06,2.744113962e-06
1.979000000e+01,6.557877001e-06,4.111587961e-06,5.887619680e-06,1.434975478e-05,1.999792083e-05,1.205070623e-06,-1.951156002e-06,1.803025890e-05,2.826517631e-06,-2.565802530e-07,2.335876756e-05,1.084601037e-05
1.980000000e+01,-6.828352467e-06,1.577324570e-05,6.267325180e-06,1.630194679e-05,1.571920028e-05,-1.301887544e-07,4.533919182e-06,6.479871512e-06,6.827440239e-06,5.129143814e-06,1.256695120e-05,1.886315983e-06
1.981000000e+01,1.354177550e-05,4.738148501e-06,3.809660066e-06,1.299725658e-05,7.541027516e-06,-1.571126631e-06,-3.910193433e-06,-2.057922311e-06,2.299810760e-06,-1.676504626e-06,-6.625154526e-06,1.177082075e-06
1.982000000e+01,-6.333582940e-06,-1.559558442e-05,4.060513854e-06,-5.639263662e-07,7.053012988e-06,4.537258369e-06,8.348776162e-06,-1.454413007e-06,1.118131758e-05,1.427151101e-05,-3.472866922e-06,4.284704203e-06
1.983000000e+01,1.078438185e-05,3.245995057e-06,1.488415016e-05,-2.711988052e-06,4.517288270e-06,4.447566078e-06,-9.673925133e-07,-4.874927218e-06,2.338127329e-06,5.567202830e-06,7.550526566e-06,4.673721922e-07
1.984000000e+01,2.857389508e-06,1.186391654e-06,2.491455948e-06,-9.831606333e-06,-9.139917527e-07,-8.734626982e-06,-1.025233387e-05,-1.183548783e-06,2.206259023e-06,-3.888466640e-08,1.651771249e-06,7.114093910e-06
1.985000000e+01,-6.450742681e-06,-1.057298074e-05,-3.228978741e-06,-9.896427751e-07,-3.754702597e-06,1.141111873e-05,-2.121714375e-05,-1.872389897e-06,-1.057450149e-08,-1.293464270e-05,-1.018392382e-05,1.439572216e-05
1.986000000e+01,-6.827145376e-06,8.380362873e-06,4.198522903e-06,-1.824316595e-05,9.083548018e-07,-1.170463011e-05,-5.137070443e-06,-7.747449938e-06,-6.152349342e-06,-1.450161792e-05,7.604933173e-06,-1.392176328e-05
1.987000000e+01,-1.693866825e-05,2.258819854e-06,3.993946789e-06,3.323159167e-06,-9.534509376e-07,3.223245533e-06,-3.305806484e-06,-4.783974568e-06,-3.562540542e-06,-1.510601852e-05,2.282541506e-06,-1.139730385e-05
1.988000000e+01,1.117592242e-05,-1.292803528e-05,-6.212910207e-06,-1.325321869e-05,-1.844227481e-06,-1.068388621e-05,1.843748014e-06,-7.902081137e-06,-4.010169173e-06,-6.976339156e-06,-1.304474695e-05,-9.276561703e-06
1.989000000e+01,-9.845939145e-06,-3.029064796e-06,3.084141568e-06,-7.295253313e-07,-7.311293048e-06,-1.160522120e-05,1.041104230e-05,-1.745011852e-06,3.719141845e-07,-3.472111694e-07,3.177441333e-06,-3.532852249e-06
1.990000000e+01,-5.713396039e-06,1.846494734e-06,-1.039605885e-06,1.020886612e-05,-1.400047700e-06,5.095384764e-06,1.276092945e-05,-3.634041023e-06,6.380224769e-07,7.956145616e-06,4.726646865e-07,-1.081509769e-05
1.991000000e+01,6.184776966e-06,-1.208887129e-07,-2.912122800e-06,1.866852190e-06,2.330900354e-08,-7.420493137e-06,1.480127192e-05,2.773088690e-07,7.491754528e-06,3.633101758e-06,6.509608269e-07,1.561250723e-07
1.992000000e+01,-5.511753067e-06,-3.829080262e-06,9.451700755e-06,1.260308056e-05,-1.023785051e-05,3.325798717e-07,-2.300590006e-07,-4.597493020e-06,1.488177983e-06,-1.088527178e-05,-3.705463420e-06,4.446991721e-06
1.993000000e+01,-2.897313391e-06,4.416010822e-06,-4.877084734e-06,-2.363719442e-06,9.388315523e-07,8.688852359e-06,2.898740104e-07,2.009247844e-06,-1.456656489e-06,2.318831130e-06,-3.640447221e-06,8.595496920e-06
1.994000000e+01,1.783342818e-06,-7.654286688e-06,8.762020682e-07,-2.829256456e-06,-5.155718306e-07,-5.696896720e-06,4.405898816e-06,-7.016641509e-06,5.321657665e-06,-1.223187997e-05,-6.328581182e-07,-7.263345603e-06
1.995000000e+01,4.222286882e-07,5.872905669e-06,-1.336342733e-05,-4.305444635e-06,8.011181250e-07,-1.584481890e-05,-2.092883497e-06,-3.758822146e-06,-1.665805518e-05,-3.109688496e-06,-4.700889083e-06,3.861085404e-06
1.996000000e+01,6.963731119e-07,-1.077198194e-05,7.749181038e-07,-9.332948880e-06,-7.824404230e-06,-9.936261572e-06,4.492937299e-06,-3.168407314e-06,-1.006618322e-05,-1.128805437e-05,4.163590976e-06,9.099618608e-07
1.997000000e+01,2.396234264e-06,-8.386948884e-06,-1.770845500e-05,1.884078542e-06,-1.392037690e-05,-9.263558228e-06,-6.025451772e-06,-8.554377669e-06,-1.026440948e-05,-1.119673920e-05,5.158761701e-06,-1.121526032e-05
1.998000000e+01,-4.832090799e-06,1.314319388e-06,-2.720112437e-06,-8.026640956e-06,-7.875250769e-06,-8.863325424e-06,-8.100277601e-06,-5.308085530e-08,-8.476149280e-06,-2.206282101e-05,-5.187334027e-06,3.905466267e-06
1.999000000e+01,4.238793472e-06,8.208007824e-06,-9.476109582e-06,3.069065520e-06,-2.430407461e-06,-1.169191795e-06,-9.688681061e-06,1.045945687e-05,-1.340455257e-05,-4.244587622e-06,-1.295707235e-05,-1.356259036e-05
2.000000000e+01,4.283542956e-06,-1.268771597e-05,1.625270897e-06,2.574174596e-06,-2.939273626e-06,-3.900774253e-06,7.818950019e-06,-9.067002906e-06,1.459025071e-05,4.107891350e-06,2.903134531e-06,-8.581839371e-06
2.001000000e+01,3.865235897e-06,5.011191543e-06,3.645315405e-06,-1.578418739e-06,6.874471964e-06,4.799238886e-06,2.531472247e-06,1.675527642e-05,1.354493277e-05,3.176090489e-06,1.273005135e-05,-8.365902193e-06
2.002000000e+01,3.132609963e-06,1.950347149e-05,-4.102244057e-06,1.343421959e-05,6.155473291e-06,4.858783706e-06,8.922119050e-06,1.082672663e-05,1.961327934e-05,8.473248804e-06,2.588205429e-06,1.656341319e-05
2.003000000e+01,5.430525082e-06,9.646142946e-06,5.791479751e-06,5.863682352e-06,2.069387438e-07,-3.963277022e-06,7.063067485e-06,-8.058807295e-06,1.545442319e-05,5.155185624e-06,3.787849195e-06,9.667312465e-06
2.004000000e+01,1.231843346e-05,-2.612681656e-06,4.251772498e-07,-5.072221895e-06,1.510695785e-05,-4.061208901e-06,1.357388562e-05,8.678522554e-06,7.419587603e-07,4.439246787e-06,3.929658234e-06,-8.428138249e-06
2.005000000e+01,7.499577304e-06,-2.546474529e-06,1.533510168e-05,3.659799962e-06,9.356848625e-06,8.104769781e-06,3.363693708e-06,-9.602213745e-06,-3.240987925e-06,1.775598207e-06,8.369567900e-06,6.652482468e-06
2.006000000e+01,-6.368450143e-06,-4.893535242e-07,-1.230630624e-06,6.689216298e-06,9.535622467e-06,-5.512433819e-06,-6.687022518e-06,-3.055639156e-07,-2.848216547e-06,2.898109776e-06,2.872474940e-06,-6.098383604e-06
2.007000000e+01,-6.091146919e-07,-1.640608563e-06,1.393912069e-06,-3.796895781e-06,-1.140383154e-05,6.267917007e-06,-2.440688439e-06,-3.278165706e-07,-2.810405859e-06,1.040125035e-05,-1.762722042e-06,-5.567224975e-06
2.008000000e+01,-2.770401593e-06,-7.193345759e-07,-3.155633662e-06,2.029881563e-06,-7.236491850e-07,-4.720956100e-06,-9.685977749e-06,-1.252425721e-05,-9.641593405e-07,5.748838498e-06,7.905593739e-06,-1.908569465e-06
2.009000000e+01,-5.451431230e-06,-1.726491570e-08,-2.423925451e-06,5.194565817e-06,9.698334040e-06,-6.855797211e-06,1.144027475e-05,-1.786041215e-05,-8.251796797e-06,1.261829199e-06,3.039387971e-06,-3.271326013e-06
2.010000000e+01,-2.730405231e-06,-2.109788154e-06,3.714567250e-06,-2.248170697e-06,1.072610798e-05,-8.059585388e-06,-8.946178442e-06,-8.405643595e-07,3.857359401e-06,7.127615760e-06,6.543493866e-06,-1.700598746e-05
2.011000000e+01,1.538480999e-05,6.919651727e-06,6.466989144e-06,7.849829561e-06,-5.396652546e-06,-3.210477395e-06,3.603326858e-06,9.364884963e-06,1.393107917e-06,-3.276278203e-06,1.114650227e-05,-1.003346580e-05
2.012000000e+01,6.607637763e-06,2.912799026e-06,6.840941191e-06,-1.795254450e-06,5.786092047e-06,1.775589149e-05,1.974552324e-06,-8.252638821e-07,4.473220819e-07,1.448535028e-05,-4.451711425e-06,-1.424175675e-05
2.013000000e+01,3.180127227e-06,9.415193216e-06,2.812704664e-06,-1.139194698e-05,-9.784971598e-06,2.083327962e-06,3.025702944e-06,6.511869306e-06,8.951566355e-07,1.879035744e-05,-3.987718845e-07,7.181082057e-06
2.014000000e+01,9.200345111e-06,4.823726130e-06,2.235170156e-06,7.712863847e-06,-1.864129361e-06,1.245042205e-05,6.780633243e-06,1.216966089e-06,1.564031642e-05,-4.056086104e-06,1.442749638e-05,3.657469867e-06
2.015000000e+01,1.758227194e-05,3.107846364e-06,4.055341212e-06,6.118447744e-06,1.147866895e-05,-7.634665055e-06,8.967886507e-06,5.769996787e-06,1.039681407e-05,4.615862754e-06,8.706868000e-06,9.042206539e-06
2.016000000e+01,2.912219930e-07,9.228772839e-06,1.061563355e-05,-8.522150348e-07,1.953001227e-07,1.373419997e-06,3.339358817e-06,-6.552212507e-06,6.518975293e-06,-8.065587188e-06,5.657496216e-07,2.281827441e-06
2.017000000e+01,-6.840831428e-06,1.016352974e-05,-4.958222680e-06,5.518695601e-06,-4.142030364e-06,2.297979149e-05,-4.830816745e-06,-1.813747537e-06,2.505863209e-06,-1.175255745e-05,3.002087145e-06,1.699442890e-06
2.018000000e+01,-8.270421421e-06,-1.520434304e-05,-1.177769537e-05,2.106396450e-06,-1.496101259e-05,-7.249275932e-06,-9.449753314e-07,-5.420395364e-06,6.945174889e-06,1.585354872e-06,-9.545497835e-06,9.819547152e-06
2.019000000e+01,-1.831327600e-06,-8.416233203e-06,1.124357736e-05,-1.562954492e-05,-3.445669110e-06,-1.399213276e-05,-6.975785115e-06,-1.100173297e-05,1.923820990e-07,-5.972449869e-07,-1.175226264e-05,-1.441258771e-05
2.020000000e+01,-1.316369138e-05,-5.946605183e-06,-3.099607334e-06,-1.583595224e-05,-5.199225754e-06,-1.320634313e-05,-3.871021711e-06,-9.179847082e-06,-5.007303917e-06,-1.589527398e-05,-7.826076102e-06,-2.728367119e-05
2.021000000e+01,-3.019870274e-05,-4.825002930e-06,-2.161966949e-05,5.424663636e-06,-6.457073259e-06,6.974363836e-06,-1.130260811e-05,7.288934587e-07,-1.638867514e-05,-8.896945897e-07,-5.851723739e-07,-1.139133542e-05
2.022000000e+01,9.941241202e-06,-1.747813645e-05,3.953124306e-06,-1.335429513e-05,-1.195945428e-05,2.839987720e-06,-1.029582938e-05,-1.056822678e-05,-1.134560874e-05,2.063178898e-06,-7.119402675e-06,-6.932434796e-06
2.023000000e+01,-1.094904145e-05,-3.058787093e-06,1.563005255e-05,-5.723983315e-06,3.342880162e-06,-2.412683910e-06,3.909264356e-06,1.041196109e-05,-5.851580417e-06,1.226532696e-05,-8.475249348e-06,-7.263488128e-06
2.024000000e+01,-9.696894818e-06,1.193753770e-05,-4.274707230e-06,9.077302745e-06,-5.896079418e-06,2.536047028e-06,5.608592602e-06,-8.380742965e-06,-1.458648917e-05,-1.407685588e-07,4.464257120e-06,4.079444134e-06
2.025000000e+01,-1.942879948e-06,-7.688440015e-06,-4.487914595e-06,1.780476919e-05,-7.545487858e-06,1.746554561e-05,2.266465375e-06,9.695963707e-06,1.400717841e-05,-2.382318636e-06,-6.429565957e-06,5.788472150e-06
2.026000000e+01,2.714356452e-05,7.985072316e-06,2.157710068e-05,-2.764388979e-06,8.711868463e-06,-4.902368051e-06,2.035983409e-06,3.286199373e-06,-7.402560773e-06,2.806444704e-06,1.059471080e-05,-1.869694761e-06
2.027000000e+01,-1.275210370e-05,-4.789917933e-06,-4.438014206e-06,1.322215411e-06,-6.170916073e-06,8.157486021e-06,2.160710005e-05,-4.993511656e-06,-1.469857602e-05,1.140617586e-06,5.764937048e-06,5.394444880e-07
2.028000000e+01,-1.449754181e-05,1.578947829e-05,-1.417875403e-06,1.494297100e-06,-1.206316078e-05,1.926239001e-06,-2.659450792e-05,-1.638704854e-05,-5.041714500e-06,-4.890268470e-06,2.244753321e-06,-3.572800014e-07
2.029000000e+01,3.913753106e-06,-2.464028582e-05,-4.751723942e-06,-1.915879595e-05,-8.439560869e-06,8.383781841e-06,-9.105334056e-06,6.572620415e-08,4.884391811e-06,-1.683565236e-05,-8.390696688e-06,-8.713874249e-06
2.030000000e+01,2.281309572e-06,-1.551610832e-05,1.574845913e-05,-1.686064703e-05,3.142446318e-06,-3.512721117e-06,-2.690138813e-06,8.049935447e-06,-1.548511255e-05,3.483199476e-06,-5.723017642e-06,-2.624770375e-06
2.031000000e+01,-2.735401926e-05,1.111124572e-05,-1.757285799e-05,1.006350602e-06,-1.864397174e-05,-1.938712679e-06,-1.018909446e-06,-1.615856645e-05,5.577594596e-06,-1.140825609e-05,-1.498865056e-05,4.498099546e-06
2.032000000e+01,-2.315722601e-05,-3.403483331e-06,-1.400233488e-05,1.102239179e-05,-1.138793177e-05,-1.370940708e-05,-1.836909802e-05,-1.740458394e-06,2.301884815e-06,3.644320109e-06,2.656056285e-06,-2.827840580e-06
2.033000000e+01,5.182350070e-05,-2.334010974e-05,1.196286394e-05,-1.903321017e-05,3.230174317e-06,-9.592706354e-06,-6.728495180e-06,-7.369174035e-06,5.873006575e-06,1.085528955e-05,-7.598709751e-06,-6.697842868e-06
2.034000000e+01,-4.499863799e-06,-7.407598463e-06,8.391037544e-06,-1.014074131e-05,1.146399072e-05,6.006799251e-06,1.663715696e-05,1.178564965e-05,-6.233118706e-06,1.611340866e-05,2.705362128e-06,-1.252210538e-06
2.035000000e+01,-1.318051677e-05,4.504593153e-05,-2.151007440e-05,2.039595291e-05,-3.961419743e-06,6.246309635e-06,-1.769198542e-05,-8.245392239e-06,-5.279101666e-06,2.413794850e-06,5.468467486e-06,4.493462934e-06
2.036000000e+01,7.627423789e-06,-1.282726349e-05,5.509046006e-06,-3.612520453e-06,1.025821344e-05,2.291929248e-05,-1.172862317e-05,3.253650233e-06,1.144721822e-05,1.969565532e-05,-1.363344851e-06,2.490740683e-06
2.037000000e+01,4.461224009e-05,-1.447300307e-05,4.112417700e-05,-3.925276056e-06,2.750691385e-05,7.384891633e-07,1.479262215e-05,1.697103869e-05,1.500884410e-05,7.421358160e-06,-3.708357385e-06,1.435345322e-05
2.038000000e+01,-3.132702059e-05,1.237747337e-05,-2.315954657e-05,7.418519780e-06,-4.679948545e-06,-7.588095953e-06,2.844542294e-05,-2.541766853e-05,-1.072663260e-05,8.521795666e-06,1.486778600e-05,1.187160181e-05
2.039000000e+01,-1.397911698e-05,2.473221978e-05,9.322107445e-06,2.325019602e-05,-1.741729896e-05,1.703765987e-05,-4.157031203e-05,1.921011022e-06,-2.134723202e-06,2.431211900e-06,9.191386914e-06,2.625925134e-06
2.040000000e+01,2.386800199e-05,-4.678067131e-05,1.860508643e-05,-2.738080453e-05,-1.132346204e-05,-8.923153704e-06,7.185282030e-06,2.248458614e-05,-1.550680061e-06,-6.328167524e-06,3.347780232e-06,-1.055315848e-06
2.041000000e+01,5.783183298e-06,-9.636404659e-06,2.857606565e-05,-1.490596323e-05,3.004766820e-05,-1.387738557e-05,1.208038533e-05,2.416858671e-05,-1.909410884e-05,-5.970557297e-06,7.594590831e-06,-8.088527475e-06
2.042000000e+01,-3.516980627e-05,2.750154145e-05,-4.383072690e-05,5.812331482e-06,-2.144545791e-05,1.523962784e-06,-2.198760461e-06,-3.792280834e-05,-1.063842571e-05,-2.159929351e-06,-5.078023765e-06,-6.782073624e-06
2.043000000e+01,-9.907173882e-06,-1.444301828e-07,-1.785096995e-05,1.876236550e-05,-1.058279454e-05,1.613666933e-05,-1.906479083e-05,1.260740409e-05,2.510992078e-06,1.409911956e-06,-1.460974119e-06,7.488545842e-07
2.044000000e+01,6.645356820e-05,-2.765629349e-05,5.486482898e-05,-2.862611914e-05,2.496160931e-05,-2.808249055e-05,7.215953310e-06,2.292327408e-05,1.662455900e-05,2.624441644e-06,7.682753622e-06,-3.541287076e-07
2.045000000e+01,-3.899279612e-05,-5.488559763e-06,-1.738753640e-05,1.793570350e-05,8.001072330e-06,2.152155001e-06,4.418385476e-05,-5.383819316e-06,-2.099751137e-05,1.062062201e-05,2.782938636e-06,5.130416857e-06
2.046000000e+01,-7.318513557e-06,5.852840279e-05,-1.835532584e-05,3.018063380e-05,-2.656966233e-05,2.474756591e-05,-2.811688256e-05,-2.251941785e-05,1.986720294e-05,1.402846423e-06,4.467993164e-06,3.540655104e-06
2.047000000e+01,2.906607942e-05,-4.044507716e-05,1.211876012e-05,-1.738696576e-05,1.449098147e-05,1.589025089e-05,1.259055705e-05,1.548692083e-05,2.642368698e-05,8.238829082e-06,7.199481407e-06,-1.230425262e-06
2.048000000e+01,3.720744826e-05,-8.754965731e-07,5.815651830e-05,-9.976901966e-06,3.941175596e-05,-2.694289598e-05,1.669025666e-05,4.333864297e-05,4.470692482e-06,4.254501350e-06,6.679869621e-06,8.429789262e-06
2.049000000e+01,-5.066999426e-05,2.329495424e-05,-3.445883671e-05,8.622533089e-06,-3.562619480e-05,2.045642493e-05,2.402255334e-05,-2.303571798e-05,-1.963625434e-05,1.144017700e-05,1.275190056e-06,1.148573320e-06
2.050000000e+01,-7.025908417e-06,2.000081229e-05,8.257771608e-06,4.519952216e-05,-1.100239667e-05,3.117195607e-05,-5.548553065e-05,2.921655145e-06,1.678358686e-05,6.528057660e-06,1.607564531e-05,5.774042406e-06
2.051000000e+01,5.497806791e-05,-7.001844108e-05,3.120733380e-05,-4.428985047e-05,4.049550058e-06,-2.225014460e-05,2.740704098e-05,1.656907421e-05,9.582420865e-06,-8.161529008e-06,-9.347160983e-06,2.505583225e-06
2.052000000e+01,-4.229416715e-05,-7.094305701e-06,7.809841745e-06,-5.962065773e-06,3.854586025e-05,-2.852236393e-06,1.867350894e-05,3.959924340e-08,-4.535775251e-05,-1.513037546e-06,-3.493500369e-06,-4.015796252e-06
2.053000000e+01,-3.412138147e-05,5.554601212e-05,-5.966763993e-05,3.192324254e-05,-6.291518166e-05,1.215654957e-05,-3.469045612e-05,-5.614110973e-05,-1.789546387e-07,-1.049624467e-05,6.605441574e-06,-1.470126017e-05
2.054000000e+01,-2.513352595e-06,-4.786292812e-05,-6.234070432e-06,-1.893331292e-06,3.123659324e-08,1.737759599e-05,-4.767729732e-05,1.509232031e-05,6.694970364e-06,-1.043014301e-05,-6.672828632e-06,-5.924277594e-06
2.055000000e+01,6.478753607e-05,-2.409779774e-05,5.072630808e-05,-4.973236774e-05,2.486660949e-05,-5.617981942e-05,2.408427184e-05,2.104268175e-05,1.537346511e-05,-2.248783290e-06,6.475029263e-06,2.991850358e-06
2.056000000e+01,-9.301572037e-05,2.659122254e-05,-5.027857162e-05,1.321271948e-05,-3.322436319e-06,2.150943089e-05,4.686217400e-05,-3.453210922e-05,-4.512888062e-05,-1.614364181e-05,1.725329665e-06,7.288412566e-06
2.057000000e+01,1.044749591e-05,4.702595685e-05,-1.489555330e-05,5.891460937e-05,-3.602983751e-05,2.772162479e-05,-7.389066664e-05,-2.106661924e-05,2.725922341e-05,6.453049810e-06,-1.049509005e-06,-1.117645163e-06
2.058000000e+01,5.466136753e-05,-8.754229535e-05,2.948871014e-05,-6.191313206e-05,1.836217654e-05,-3.275075045e-06,1.497000434e-05,3.307695296e-05,3.179640726e-05,1.267058715e-05,3.262562318e-06,-1.475214715e-05
2.059000000e+01,1.700707262e-05,2.204464245e-05,4.393869475e-05,-1.078075739e-05,3.999350738e-05,-1.337243746e-05,3.651112680e-05,2.598351778e-05,-4.160643279e-05,1.207133753e-05,6.179865075e-06,-4.566746959e-06
2.060000000e+01,-5.957745382e-05,4.904335803e-05,-8.026515888e-05,2.587482535e-05,-5.565903989e-05,1.412204719e-05,5.748888179e-06,-6.482668926e-05,3.381225888e-06,2.739343193e-06,1.073493792e-05,-1.025791861e-05
2.061000000e+01,2.411215355e-05,-9.869435810e-06,1.999960686e-05,2.852104667e-05,-6.329219320e-06,2.591392038e-05,-6.817464877e-05,2.584936590e-05,2.707579014e-05,-3.152892926e-06,1.241389990e-06,-8.640664606e-06
2.062000000e+01,7.999837124e-05,-6.333188173e-05,4.231374271e-05,-7.187261048e-05,3.147743676e-05,-8.007429787e-05,5.300469126e-05,2.682936905e-05,2.081111015e-05,-4.086814804e-06,-5.940484185e-06,-1.653499218e-06
2.063000000e+01,-9.997759275e-05,1.885445706e-05,-2.903494437e-05,2.884711852e-05,1.866870893e-05,9.945333014e-06,2.567506184e-05,-1.060564349e-05,-7.625530316e-05,-2.265998164e-06,-1.029439956e-05,-3.050101960e-06
2.064000000e+01,-1.913335531e-05,5.191072909e-05,-5.847531707e-05,5.361256801e-05,-8.208661766e-05,2.588483690e-05,-6.859262762e-05,-7.017482600e-05,2.903404423e-05,-9.472923330e-06,4.004031270e-06,-6.178125098e-06
2.065000000e+01,4.473652626e-05,-9.943975221e-05,2.750172865e-05,-3.161023964e-05,3.520336077e-05,-2.056425761e-06,-1.036370925e-05,3.716397924e-05,2.323889471e-05,-1.293346917e-05,4.987675804e-06,-8.077330226e-06
2.066000000e+01,3.085520892e-05,3.656404703e-06,5.575267601e-05,-3.541294853e-05,4.298079757e-05,-6.678110223e-05,3.339420067e-05,2.825769213e-05,-2.764930187e-05,-3.324650463e-06,6.645670940e-06,-1.363670561e-06
2.067000000e+01,-1.072495042e-04,3.237452148e-05,-9.918810603e-05,4.138100801e-05,-5.996665909e-05,4.678386116e-05,2.594038541e-05,-6.545622664e-05,-4.703995683e-05,1.056034223e-05,6.089290059e-06,5.944347607e-06
2.068000000e+01,5.036089510e-05,2.240480048e-05,2.723181301e-05,5.213075710e-05,-2.760350637e-05,4.140095929e-05,-9.160607269e-05,1.749677114e-05,5.886350819e-05,-1.903750477e-05,6.378839647e-06,7.112862194e-06
2.069000000e+01,8.098449182e-05,-9.502208667e-05,6.083933026e-05,-9.776287155e-05,3.991517577e-05,-3.335920927e-05,6.784736998e-05,3.998706232e-05,1.929575924e-05,4.513294973e-06,5.463638559e-06,8.997927789e-06
2.070000000e+01,-3.939112149e-05,6.486206234e-05,2.531729394e-05,3.419410341e-05,3.953504271e-05,1.981397868e-06,2.230580578e-05,1.268626738e-05,-4.883862736e-05,1.319596989e-05,1.168436562e-05,1.292242563e-05
2.071000000e+01,-4.792375403e-05,7.906955643e-05,-9.299556115e-05,5.036295895e-05,-8.540705335e-05,3.860217444e-05,-3.178659258e-05,-8.135971130e-05,3.393194783e-05,6.023301091e-06,1.434257180e-05,9.073336296e-06
2.072000000e+01,6.534830965e-05,-5.439605116e-05,5.696846498e-05,4.703905598e-06,3.545354778e-05,3.613061657e-05,-3.615551318e-05,6.598975709e-05,2.629737890e-05,7.217955827e-06,-1.004732863e-06,4.802027185e-06
2.073000000e+01,7.022859884e-05,-2.554280445e-05,5.870875401e-05,-7.065535224e-05,3.655119821e-05,-7.613659832e-05,7.256425491e-05,1.620964705e-05,-7.394897874e-06,5.968629157e-06,-1.455823269e-06,-1.162048879e-06
2.074000000e+01,-1.326786689e-04,5.190757943e-05,-8.020826353e-05,6.659457014e-05,-1.500870191e-05,4.480047967e-05,2.657803782e-05,-3.654012400e-05,-8.065456959e-05,1.320889679e-05,2.439751999e-06,-1.351951877e-05
2.075000000e+01,2.182419244e-05,4.561311466e-05,-1.565465277e-05,4.341231643e-05,-6.112333445e-05,2.371967543e-05,-9.653045078e-05,-2.828879543e-05,6.957779745e-05,-1.398818746e-05,2.613180024e-06,-7.907017875e-06
2.076000000e+01,5.022522490e-05,-1.241977603e-04,3.606932783e-05,-8.560574911e-05,6.310927672e-05,-1.806787765e-05,5.251230114e-05,5.891697057e-05,1.069423323e-05,-1.216182646e-05,-3.978874672e-06,-9.443939337e-06
2.077000000e+01,-7.113876784e-06,5.804313863e-05,4.184015384e-05,7.290744761e-06,5.071394657e-05,-5.330209597e-05,3.513158826e-05,1.040930154e-05,-6.196362148e-05,1.066236120e-05,-2.050095869e-06,1.735873248e-06
2.078000000e+01,-1.160559962e-04,3.838130758e-05,-1.130668661e-04,4.775936950e-05,-7.522786820e-05,7.007953454e-05,-2.151199831e-06,-8.881744281e-05,-6.776571530e-06,1.240090529e-05,2.708852963e-06,4.937767608e-06
2.079000000e+01,8.726447763e-05,-5.367750316e-06,6.980639496e-05,3.857203162e-05,1.602927273e-05,2.702713015e-05,-9.158736889e-05,5.235890643e-05,6.986344276e-05,-1.374757034e-05,1.111886369e-05,-2.133836328e-06
2.080000000e+01,6.084485994e-05,-7.766348233e-05,4.717020469e-05,-1.147876725e-04,3.896624403e-05,-8.094271770e-05,1.059846247e-04,3.762632974e-05,2.436221562e-05,1.059044215e-05,4.589977361e-06,-5.833223100e-06
2.081000000e+01,-9.396260146e-05,9.324066233e-05,-1.495788589e-05,8.251675330e-05,1.417856217e-05,3.229872813e-05,5.742634006e-06,-1.164948015e-05,-7.669941449e-05,1.860815754e-05,-1.207072966e-06,1.769963563e-05
2.082000000e+01,8.616352443e-06,5.393146019e-05,-6.038804602e-05,4.540859977e-05,-8.740745416e-05,2.743029181e-05,-6.431092159e-05,-7.320252762e-05,7.309021369e-05,-7.870155729e-06,8.031867359e-06,5.354591961e-06
2.083000000e+01,5.492514038e-05,-1.096070777e-04,9.181322618e-05,-4.579859394e-05,8.719105973e-05,-3.039051330e-06,-4.272059167e-06,9.681879798e-05,2.336073387e-05,-1.178031561e-05,3.792494190e-06,6.192461739e-06
2.084000000e+01,3.433262873e-05,3.062530351e-05,3.532211768e-05,-5.416056354e-05,3.229341315e-05,-7.925359657e-05,6.802102740e-05,-4.331333043e-07,-3.638713641e-05,1.046169248e-05,-3.648886527e-07,7.208635423e-06
2.085000000e+01,-1.424160779e-04,4.463616258e-05,-1.173003930e-04,7.223687304e-05,-4.997892212e-05,7.699352699e-05,-7.329610082e-06,-8.938759286e-05,-7.552779552e-05,4.630647120e-06,-1.042508782e-05,-1.081161182e-05
2.086000000e+01,9.398743715e-05,1.269009023e-05,1.818563180e-05,8.192579948e-06,-4.037155611e-05,-1.778963325e-06,-1.100646815e-04,9.263969173e-06,9.292678221e-05,-5.158848310e-05,-1.221075894e-05,-7.540774243e-06
2.087000000e+01,3.790743621e-05,-1.392222767e-04,3.414437701e-05,-1.112894242e-04,7.991732978e-05,-6.632810954e-05,8.922718336e-05,6.151386736e-05,-1.988803776e-05,9.824555509e-06,-4.560793780e-06,-7.965343278e-06
2.088000000e+01,-5.958227135e-05,9.864803021e-05,1.238944372e-06,4.435190704e-05,1.160677889e-05,-2.459993373e-05,8.277013510e-06,-2.609475876e-05,-7.852149841e-05,4.940839430e-06,-2.072569376e-05,-3.147936692e-06
2.089000000e+01,-6.585174455e-05,3.175307786e-05,-1.211143662e-04,4.134031192e-05,-1.134480478e-04,5.486803089e-05,-5.077198199e-05,-1.004973300e-04,4.648904504e-05,-5.798030396e-06,-5.675588035e-07,6.071399659e-06
2.090000000e+01,8.643723964e-05,-6.644178459e-05,1.142041419e-04,-9.406157669e-06,7.306704895e-05,-1.720189454e-06,-5.757111105e-05,1.080029430e-04,4.334676217e-05,-2.732124008e-05,1.353333348e-05,-7.888944456e-06
2.091000000e+01,5.257748562e-05,-5.058940657e-05,1.703224375e-05,-9.128974025e-05,4.133777835e-05,-1.023374426e-04,1.172292308e-04,-9.993028493e-07,-3.682680050e-05,2.647915216e-05,9.883494252e-06,9.358250358e-07
2.092000000e+01,-1.236805227e-04,1.002216642e-04,-6.470319045e-05,1.050621154e-04,-3.331708286e-05,7.813518690e-05,-3.165102450e-05,-4.428582658e-05,-8.866881350e-05,2.558489800e-05,-4.141046116e-06,3.686883181e-06
2.093000000e+01,8.523824999e-05,1.295064890e-05,-1.723573628e-05,9.490933113e-06,-8.316267009e-05,2.503248969e-05,-8.225216953e-05,-3.390611170e-05,1.075772762e-04,-1.718067164e-05,8.347037998e-06,3.384624992e-06
2.094000000e+01,3.752876809e-05,-1.330466631e-04,7.917678902e-05,-8.246921590e-05,1.115719482e-04,-2.997273566e-05,5.482604983e-05,9.383276004e-05,-1.521032952e-05,-1.252474164e-06,9.508025744e-06,1.644702019e-06
2.095000000e+01,-9.784804010e-06,8.356465858e-05,-2.228497956e-07,-1.169568644e-05,-6.519688386e-06,-6.826821850e-05,4.238517710e-05,-3.228746908e-05,-5.652838559e-05,1.297285543e-05,-2.887025231e-05,2.316759212e-08
2.096000000e+01,-1.198871280e-04,4.134819029e-05,-1.313530895e-04,6.497798347e-05,-8.005824153e-05,1.040327402e-04,-4.450344127e-05,-1.016252815e-04,-3.261337671e-06,-2.630046446e-06,-9.236862157e-07,-1.590701801e-05
2.097000000e+01,1.241537585e-04,-3.695375326e-05,7.981191535e-05,-1.786761736e-05,8.810142793e-06,-2.250326579e-05,-9.353838224e-05,6.756042569e-05,8.625201174e-05,-5.422659590e-05,1.835603855e-06,-1.385855307e-05
2.098000000e+01,2.153859911e-06,-9.273690094e-05,1.493927561e-05,-1.142376801e-04,5.799292794e-05,-1.006979859e-04,1.253992019e-04,3.401965293e-05,-4.943712393e-05,1.697352418e-05,-8.792542783e-06,-1.475251137e-05
2.099000000e+01,-1.096976802e-04,1.401780812e-04,-4.627338286e-05,1.052116463e-04,-1.780544933e-05,4.009792352e-05,-4.527296888e-05,-3.797099470e-05,-8.295278985e-05,2.127933027e-05,-1.827776510e-05,1.270998014e-06
2.100000000e+01,1.053527248e-05,1.042134996e-05,-8.939439994e-05,4.372631829e-06,-1.061325360e-04,5.049139006e-05,-6.551198041e-05,-8.678885616e-05,8.155159285e-05,-2.146614871e-05,1.880400082e-05,1.858566508e-06
2.101000000e+01,1.057167063e-04,-8.530462472e-05,1.272040405e-04,-4.801196630e-05,1.198416299e-04,-1.633316164e-05,-1.031813307e-05,1.382435435e-04,1.246586793e-05,-1.817079037e-05,2.669820610e-05,5.184391090e-06
2.102000000e+01,-2.298578847e-05,3.069056661e-05,-4.068408356e-06,-4.726875159e-05,9.469600648e-06,-8.329234383e-05,1.166349961e-04,-4.506311623e-05,-2.244784471e-05,4.796200532e-05,-9.490049929e-06,1.499356355e-05
2.103000000e+01,-1.270131079e-04,9.316019529e-05,-8.996039230e-05,1.205529718e-04,-4.532770011e-05,1.150436131e-04,-4.727428270e-05,-6.442931750e-05,-4.547561710e-05,2.447316778e-05,-3.246061984e-06,1.000061936e-05
2.104000000e+01,1.184640420e-04,-1.980702404e-05,4.439802999e-05,-2.188122836e-05,-2.801355613e-05,-1.387972890e-05,-7.595257473e-05,2.721497696e-05,1.333801826e-04,-5.277820932e-05,2.381710716e-05,1.379429589e-05
2.105000000e+01,1.227457260e-05,-1.155916010e-04,7.709554482e-05,-9.073063361e-05,1.245467698e-04,-4.688801824e-05,1.029900303e-04,8.855299684e-05,-5.354864692e-05,2.970189456e-05,1.129480328e-05,-4.388872393e-06
2.106000000e+01,-6.004897617e-05,1.360378831e-04,-2.070334684e-05,5.580008452e-05,-5.255264291e-05,-1.993579899e-05,1.198339539e-05,-6.115440617e-05,-5.005589497e-05,2.058742066e-05,-3.985214500e-05,3.684299144e-06
2.107000000e+01,-8.377965485e-05,1.457719946e-06,-9.460651425e-05,5.069358219e-05,-8.807757551e-05,8.790181544e-05,-6.205856098e-05,-8.165417095e-05,2.833386393e-05,-1.865526501e-06,1.374545844e-05,1.019702556e-05
2.108000000e+01,1.416681538e-04,-6.501626924e-05,1.353875577e-04,-3.749423678e-05,8.057049074e-05,-4.044848655e-05,-5.530148079e-05,1.079398820e-04,7.053928470e-05,-5.444613932e-05,1.282978430e-05,-1.643264807e-05
2.109000000e+01,-1.985105826e-05,-3.491532532e-05,-9.647296948e-06,-8.456826475e-05,2.677580807e-05,-8.003037277e-05,1.465903513e-04,-1.526385939e-05,-7.623422832e-05,6.831140015e-05,-5.425604753e-06,8.490998387e-06
2.110000000e+01,-1.003928272e-04,1.254218808e-04,-6.199414296e-05,1.413678670e-04,-5.475300779e-05,7.444193067e-05,-6.820089484e-05,-6.378991484e-05,-5.771696331e-05,1.396754828e-05,-3.450284019e-05,7.450377131e-06
2.111000000e+01,7.243800181e-05,-3.794090656e-05,-1.898477112e-05,-2.552062872e-05,-7.790729722e-05,2.607582494e-05,-6.454052617e-05,-1.524339917e-05,1.152418748e-04,-5.067749312e-05,3.492853320e-05,-2.636247572e-06
2.112000000e+01,6.880262936e-05,-9.034563280e-05,1.186487522e-04,-3.882062238e-05,1.348900882e-04,-3.649034250e-05,6.346695016e-05,1.282620695e-04,-2.193463924e-05,1.435203598e-05,2.729023099e-05,-2.922677037e-05
2.113000000e+01,-3.369865522e-05,1.011300393e-04,-3.134608292e-05,1.041524434e-06,-4.516892490e-05,-4.616984399e-05,5.826465799e-05,-7.215819527e-05,-4.630418502e-05,5.170141634e-05,-3.632732156e-05,7.939187901e-06
2.114000000e+01,-8.517378247e-05,3.852667274e-05,-7.690038900e-05,9.126361202e-05,-5.445179194e-05,1.157918319e-04,-7.256242546e-05,-5.731049703e-05,1.101881173e-06,-4.514105665e-06,7.539303515e-06,3.521211407e-06
2.115000000e+01,1.362632294e-04,-3.631722229e-05,9.542611321e-05,-4.435882430e-05,2.368701497e-05,-4.877247856e-05,-4.633288144e-05,7.935671438e-05,1.017013124e-04,-5.578189205e-05,3.756856435e-05,-1.354635300e-05
2.116000000e+01,-2.557517228e-05,-7.379764103e-05,2.225393217e-05,-8.277090993e-05,8.127391620e-05,-3.237393366e-05,1.431538011e-04,3.382337272e-05,-9.801619892e-05,7.049359892e-05,-3.724262662e-06,5.262473008e-06
2.117000000e+01,-7.460080905e-05,1.311725853e-04,-6.286476528e-05,9.566942477e-05,-6.878988233e-05,3.033420406e-05,-5.057863851e-05,-7.690287644e-05,-4.689858520e-05,8.808293963e-06,-4.139377207e-05,1.056571750e-05
2.118000000e+01,-1.450205585e-06,-5.101385037e-05,-5.766694475e-05,3.321938815e-07,-8.046232543e-05,4.911574785e-05,-5.399612470e-05,-3.661806812e-05,8.041799332e-05,-2.548430162e-05,3.697757362e-05,-8.586872087e-06
2.119000000e+01,1.113455231e-04,-7.247333134e-05,1.253312901e-04,-5.695515069e-05,1.053188138e-04,-6.538803175e-05,7.382114549e-06,1.181676901e-04,-9.227125895e-07,-3.643905186e-05,2.406841841e-06,-3.092165385e-05
2.120000000e+01,-6.237714562e-05,1.628904844e-05,-6.103766521e-05,-5.358559735e-05,-2.206072328e-05,-6.644405835e-05,9.501800035e-05,-9.025765491e-05,-8.386208668e-05,6.964584244e-05,-3.454241835e-05,7.544644559e-06
2.121000000e+01,-7.871531056e-05,7.205293473e-05,-5.607652759e-05,1.207530435e-04,-3.805033017e-05,9.518821406e-05,-1.009132864e-04,-4.598698867e-05,-3.464164909e-05,-1.183187724e-05,-2.057671390e-05,2.754263265e-06
2.122000000e+01,1.036578602e-04,-4.587620347e-05,4.397972204e-05,-6.445490587e-05,-3.183790591e-05,-4.168013784e-05,-4.721267991e-05,2.081784913e-05,1.202669774e-04,-5.550114334e-05,2.815092645e-05,-1.913839199e-05
2.123000000e+01,-1.931809485e-06,-7.111095868e-05,7.182247549e-05,-4.847988341e-05,1.175260192e-04,-5.706597570e-05,9.194136091e-05,6.866264196e-05,-9.000225546e-05,3.792849081e-05,1.932053001e-05,-2.386741933e-06
2.124000000e+01,-4.813142208e-05,1.193483490e-04,-6.631417437e-05,5.281128251e-05,-8.381425003e-05,-1.137183435e-05,-2.593622339e-06,-9.361027204e-05,-4.493988301e-05,1.875000334e-05,-5.704007186e-05,3.026747511e-05
2.125000000e+01,-4.611902372e-05,-9.854416268e-06,-6.886957152e-05,5.847209160e-05,-3.379531993e-05,1.054921516e-04,-6.259132293e-05,-1.551880657e-05,3.263036278e-05,-3.223526375e-05,3.621963162e-05,1.635215392e-05
2.126000000e+01,1.371027237e-04,-5.662554034e-05,1.191586788e-04,-5.113006770e-05,5.711573237e-05,-8.134475759e-05,2.174060629e-06,8.994642597e-05,6.738851309e-05,-5.807847644e-05,1.309216622e-05,-2.551735123e-05
2.127000000e+01,-8.029987221e-05,-1.576679950e-05,-2.155332302e-05,-4.488421455e-05,2.955066669e-05,-2.740707724e-05,1.058484206e-04,-1.189726987e-05,-7.944101136e-05,1.058112880e-04,-1.742483731e-05,1.426116675e-05
2.128000000e+01,-6.018123087e-05,1.114318535e-04,-5.188145421e-05,1.055549770e-04,-6.406575475e-05,6.776317820e-05,-9.195119425e-05,-5.636746238e-05,-1.196367034e-05,-3.310465146e-05,-5.228788670e-05,9.308497607e-06
2.129000000e+01,3.363573053e-05,-7.343955998e-05,-7.451185261e-06,-5.309514365e-05,-3.732126497e-05,1.349625891e-05,-1.968166318e-05,-3.266178372e-06,8.683591728e-05,-5.950013442e-05,6.053094288e-05,-5.427898386e-06
2.130000000e+01,4.488196182e-05,-4.537888940e-05,1.093771117e-04,-4.106191172e-05,1.058458394e-04,-4.750250825e-05,2.434273650e-05,1.049526857e-04,-4.873928793e-05,1.167318896e-06,8.080766670e-07,-1.524200677e-05
2.131000000e+01,-7.385933805e-05,3.872193063e-05,-9.121860204e-05,-1.530491674e-06,-6.788556580e-05,-3.461591493e-05,4.350641652e-05,-1.019968046e-04,-5.912398704e-05,6.069069237e-05,-4.022548922e-05,1.381925583e-05
2.132000000e+01,-3.699378457e-05,2.115290307e-05,-4.482482815e-05,8.532911147e-05,-3.625356805e-05,1.109838456e-04,-9.807291744e-05,-2.338820580e-06,-2.743317816e-06,-3.616646438e-05,1.087609747e-05,2.231074970e-06
2.133000000e+01,1.178369148e-04,-6.001637924e-05,5.527102350e-05,-8.360580856e-05,2.548824257e-05,-6.508007150e-05,5.308021889e-06,4.771937557e-05,8.312774791e-05,-5.701534751e-05,3.556705150e-05,-4.059073289e-05
2.134000000e+01,-3.423626680e-05,-2.435677161e-05,9.020321013e-06,-2.653379874e-05,7.459945593e-05,-1.711896268e-05,8.286230878e-05,3.529429383e-05,-9.263464475e-05,7.405665539e-05,-1.716667280e-05,7.814337521e-06
2.135000000e+01,-3.643137252e-05,1.115642159e-04,-5.299367746e-05,7.694167449e-05,-7.659597044e-05,4.403552824e-05,-5.766714312e-05,-7.140454234e-05,-2.962688377e-07,-3.311647581e-06,-6.012374385e-05,2.668743431e-05
2.136000000e+01,1.177502355e-05,-4.936009021e-05,-7.584599672e-06,-2.057241462e-06,-1.450296245e-05,5.187653550e-05,-3.044445243e-05,1.501350526e-05,5.811335647e-05,-1.794147465e-05,7.465092717e-05,-2.829742838e-06
2.137000000e+01,9.964262450e-05,-2.683128661e-05,1.114705593e-04,-5.562003551e-05,7.398471969e-05,-7.003145403e-05,3.635928798e-05,8.724709407e-05,1.311028172e-05,-1.636780900e-05,8.413690192e-06,-3.046705744e-05
2.138000000e+01,-7.843608739e-05,2.683992068e-05,-6.559912674e-05,4.920264822e-06,-8.559412200e-06,-4.387098921e-06,8.519085354e-05,-6.029713963e-05,-6.285009898e-05,9.817206672e-05,-3.483058272e-05,5.314045160e-05
2.139000000e+01,-2.506102352e-05,7.610943878e-05,-3.144148277e-05,1.022275400e-04,-3.429664747e-05,8.180639083e-05,-9.416952047e-05,-2.405205350e-05,1.793539703e-05,-5.377990926e-05,-1.012272440e-05,7.999624767e-06
2.140000000e+01,6.018150309e-05,-7.803851207e-05,3.208315554e-05,-7.573454001e-05,1.552759654e-06,-2.927597353e-05,1.585390549e-05,1.835704942e-05,7.097585348e-05,-4.582450210e-05,5.123211022e-05,-2.518789476e-05
2.141000000e+01,-5.222342298e-06,-5.597390264e-06,5.534496166e-05,-9.271110269e-06,9.663744317e-05,-4.894855095e-05,4.996672288e-05,5.510980831e-05,-7.984822090e-05,4.058652300e-05,-2.441531637e-05,-1.291388767e-08
2.142000000e+01,-4.816558911e-05,7.244695139e-05,-8.438212756e-05,2.939682178e-05,-9.012598756e-05,8.061106847e-07,-1.782539847e-06,-9.350391901e-05,-2.411593968e-05,3.457333250e-05,-5.726967230e-05,4.043412538e-05
2.143000000e+01,-3.590729259e-06,-3.628540488e-06,4.529407505e-06,4.468358564e-05,-3.941420079e-06,7.681055407e-05,-4.722546647e-05,1.223379717e-05,3.150398204e-05,-5.207251184e-05,4.758675007e-05,1.557814683e-06
2.144000000e+01,9.694237849e-05,-4.234886188e-05,7.606018803e-05,-6.364730053e-05,4.655546306e-05,-8.032812030e-05,2.721063996e-05,6.687970116e-05,5.029164222e-05,-3.710312638e-05,3.298541125e-05,-5.755603634e-05
2.145000000e+01,-6.278319194e-05,6.055400236e-06,-2.742111114e-05,5.570814466e-06,3.297101954e-05,-5.256209325e-06,6.975817593e-05,-5.440598203e-08,-7.984680430e-05,1.005971548e-04,-4.155128866e-05,4.147792589e-05
2.146000000e+01,-7.716522472e-06,8.371266353e-05,-1.463828336e-05,8.768205603e-05,-5.968545987e-05,5.160299238e-05,-7.091122373e-05,-5.261472644e-05,3.598997162e-05,-3.131285977e-05,-3.255117877e-05,1.258026786e-05
2.147000000e+01,5.955274770e-05,-6.503445011e-05,1.918219339e-05,-2.648992795e-05,5.358939774e-06,3.374633312e-06,-6.900724991e-08,3.276894562e-05,5.953034466e-05,-2.357598574e-05,9.941198337e-05,-1.523985247e-05
2.148000000e+01,3.695669408e-05,-5.551125904e-06,6.770544953e-05,-3.106546687e-05,6.988337829e-05,-7.048721441e-05,2.917944279e-05,6.354313260e-05,-1.839847139e-05,8.396067269e-06,-1.899624058e-05,-2.277451761e-05
2.149000000e+01,-6.087968698e-05,3.218181781e-05,-6.931115889e-05,9.360885787e-06,-4.764116850e-05,1.191201814e-05,3.576300088e-05,-7.561296888e-05,-5.056404879e-05,7.940388428e-05,-2.905455836e-05,5.997656057e-05
2.150000000e+01,-5.195191285e-07,2.600152393e-05,-3.401779981e-06,6.762361226e-05,-1.946303578e-05,5.194218378e-05,-8.119145044e-05,6.855511493e-06,2.621685085e-05,-7.234744960e-05,1.967663871e-05,-7.079539403e-06
2.151000000e+01,5.636673641e-05,-5.719147084e-05,2.935540129e-05,-8.250143866e-05,1.373614321e-05,-6.267810946e-05,2.268096279e-05,2.275152546e-05,4.313368885e-05,-1.996938320e-05,5.648869131e-05,-4.625264588e-05
2.152000000e+01,-4.707822198e-05,1.362416657e-05,5.328609329e-06,7.899472476e-06,4.590155600e-05,-1.049692010e-05,3.721914795e-05,6.055249913e-06,-8.342358969e-05,5.065789865e-05,-6.115027719e-05,3.296473897e-05
2.153000000e+01,-2.959969231e-05,4.377194047e-05,-6.206745575e-05,2.664648957e-05,-8.873570722e-05,2.587351029e-05,-4.589208115e-05,-8.093863285e-05,1.100327479e-05,-1.896375011e-05,-5.808598632e-05,2.003082378e-05
2.154000000e+01,1.330231711e-05,-3.677145099e-05,2.080569885e-06,-1.139366160e-06,5.303917143e-06,4.486076473e-05,-2.684224453e-05,2.110708115e-05,3.312728875e-05,-5.246794730e-05,7.901600738e-05,-4.570740569e-05
2.155000000e+01,3.787120356e-05,-2.076889866e-05,4.557765743e-05,-4.585734603e-05,3.954411838e-05,-7.790724926e-05,3.668015106e-05,3.031719090e-05,5.087803036e-06,-1.517092297e-05,-2.353684833e-05,-5.727369169e-05
2.156000000e+01,-5.962883243e-05,7.551935753e-06,-6.306698232e-05,8.432232302e-06,-7.340370762e-06,1.816413691e-05,3.890786498e-05,-2.846211326e-05,-6.371994489e-05,7.856994436e-05,-4.954967289e-05,6.040318553e-05
2.157000000e+01,-2.050023233e-06,3.758096607e-05,-7.449091788e-06,5.500817456e-05,-3.446160788e-05,3.979623057e-05,-7.105140236e-05,-1.375969485e-05,4.067199665e-05,-6.629465977e-05,-7.302819097e-06,-1.213278900e-06
2.158000000e+01,2.780217612e-05,-6.693468989e-05,1.181440067e-05,-4.171589899e-05,1.891498757e-05,-1.434489976e-05,2.240108292e-05,2.929845663e-05,3.750802594e-05,-2.347207286e-05,9.856806920e-05,-2.171836668e-05
2.159000000e+01,-2.101644323e-06,8.750140805e-06,3.794573854e-05,-1.583777957e-06,4.516771605e-05,-2.537759728e-05,1.495225454e-05,1.754039634e-05,-4.845209453e-05,2.528995648e-05,-6.009201063e-05,-1.541352648e-05
2.160000000e+01,-3.352722445e-05,2.931934542e-05,-6.061380771e-05,2.126090478e-05,-5.583142879e-05,2.692074285e-05,-2.949868418e-06,-6.260780625e-05,-9.494836177e-06,4.231014327e-05,-2.782410870e-05,7.828807433e-05
2.161000000e+01,8.645230229e-06,-1.204872504e-05,1.065615550e-05,8.011128755e-06,4.165781635e-06,3.619099879e-05,-4.169665212e-05,2.034849328e-05,1.480159805e-05,-7.904161506e-05,5.332128917e-05,-2.814192098e-05
2.162000000e+01,3.713688947e-05,-3.493163291e-05,1.902622298e-05,-6.790271750e-05,1.469640911e-05,-4.800712177e-05,3.874076062e-05,1.130039093e-05,1.589190344e-05,-7.884806603e-06,1.828417645e-05,-5.506566699e-05
2.163000000e+01,-4.396188359e-05,1.309750030e-05,-1.221490641e-05,1.806647884e-05,-3.810423282e-07,1.331217694e-05,1.401935202e-05,-2.024822686e-05,-6.574316917e-05,7.495150489e-05,-5.807331188e-05,4.745884186e-05
2.164000000e+01,-1.416097143e-05,3.534892591e-05,-3.449350491e-05,2.812152508e-05,-4.986514354e-05,1.783996876e-05,-4.451467166e-05,-4.393970224e-05,2.370470191e-05,-4.955824776e-05,-2.306931592e-05,-2.682087995e-06
2.165000000e+01,-3.540142163e-06,-4.801247899e-05,2.587287885e-05,-2.841565361e-05,1.027879609e-05,-1.995400750e-05,-3.909182468e-07,1.906726418e-05,-2.965032029e-06,-4.601018689e-05,9.254814581e-05,-3.055139538e-05
2.166000000e+01,2.392737985e-05,1.401125456e-05,3.148137949e-05,-2.946859355e-05,2.897716594e-05,-3.913830242e-05,1.474166378e-05,9.370892857e-06,-3.602294083e-05,1.850701107e-05,-4.883602381e-05,-2.312194153e-05
2.167000000e+01,-3.534492365e-05,2.111861443e-05,-3.963315679e-05,1.881278091e-05,-2.126573021e-05,3.113656280e-05,1.199334212e-05,-3.379153866e-05,-2.571183901e-05,7.335024221e-05,-2.845508147e-05,8.082278079e-05
2.168000000e+01,1.551528473e-05,1.687747654e-05,1.195063130e-05,3.081453503e-05,-2.088538195e-06,2.952407525e-05,-3.780404555e-05,7.112594468e-06,4.976744902e-05,-8.197129344e-05,1.042310568e-05,-3.521059192e-05
2.169000000e+01,3.237677681e-05,-2.879827607e-05,2.571561031e-05,-3.463964528e-05,3.605706635e-05,-8.453582772e-06,3.434952612e-05,2.764006150e-05,2.171201937e-05,2.658859486e-05,7.783456375e-05,-2.987552781e-05
2.170000000e+01,-5.925916049e-06,2.809372713e-05,4.336793811e-06,1.902304816e-05,2.751138042e-05,1.017681717e-05,1.481122128e-05,9.759224210e-06,-2.896813308e-05,5.751553192e-05,-8.009789933e-05,2.962918524e-05
2.171000000e+01,-1.384755490e-05,2.492947494e-05,-4.049001342e-05,1.628750309e-05,-3.895177357e-05,3.140200945e-05,-9.455064934e-06,-1.991594846e-05,9.065866738e-06,4.394413340e-06,-2.523915351e-05,4.713634035e-05
2.172000000e+01,2.068364990e-05,4.441008639e-07,2.120257926e-05,-3.346586784e-06,2.311005204e-05,1.682467742e-05,-9.840629299e-06,1.722597217e-05,2.120557742e-05,-4.728555686e-05,6.384871522e-05,-2.491125383e-05
2.173000000e+01,1.217373709e-05,-1.156110424e-05,1.201713964e-05,-1.536746282e-05,1.506118882e-05,-3.020715118e-05,2.730919209e-05,1.208995150e-05,3.212880344e-06,1.028747674e-05,-1.989072882e-05,-4.520887151e-05
2.174000000e+01,-2.793970862e-05,-3.157194560e-06,-1.342692236e-05,2.678485126e-05,-6.521532469e-06,1.186600452e-05,-7.125984987e-06,-2.535551394e-05,-3.707610804e-05,5.808088956e-05,-3.903426586e-05,8.047843565e-05
2.175000000e+01,3.919730804e-06,1.496895361e-05,-7.671502180e-06,6.230511417e-07,-2.051784315e-05,1.772269004e-05,-4.663381647e-05,-8.949492946e-06,2.508741558e-05,-7.060551914e-05,-1.470876574e-05,-1.428963084e-05
2.176000000e+01,6.471917800e-06,-2.011273700e-05,1.949636979e-05,-3.138564720e-05,1.795965902e-05,-1.335722341e-05,6.091475922e-06,2.730632920e-06,1.499109337e-05,-4.570843072e-06,8.606257921e-05,-3.554212374e-05
2.177000000e+01,9.117430145e-06,8.129272442e-07,4.600979154e-07,7.995634122e-06,8.707552967e-06,-1.727409754e-05,1.804302765e-05,-1.119098856e-05,-1.832585652e-05,3.633712159e-05,-7.956680799e-05,-1.657958794e-05
2.178000000e+01,-1.647321743e-05,1.104877179e-05,-1.980841924e-05,1.578377186e-05,-1.907613127e-05,2.392489279e-05,-1.057361371e-05,-2.507710052e-05,-1.106401868e-06,4.040029047e-05,9.945999299e-07,7.202568540e-05
2.179000000e+01,7.643585673e-06,9.306787458e-06,2.208687810e-05,1.363904534e-05,2.945035182e-05,2.230005637e-05,-1.588020100e-05,2.701448529e-05,3.290755602e-05,-7.034766513e-05,4.313956425e-05,-4.433452211e-05
2.180000000e+01,3.023845954e-05,1.558137228e-06,1.980723244e-05,-2.163365647e-05,1.200019433e-05,-2.184868158e-05,1.558939217e-05,1.236289078e-05,2.116970624e-06,3.296133732e-05,3.318339768e-05,-2.530963073e-05
2.181000000e+01,3.187846028e-06,2.459370768e-05,-1.130801487e-05,1.715414328e-05,1.359125298e-05,1.438064960e-05,1.017484967e-05,4.124694483e-06,-2.180615374e-05,5.603743615e-05,-6.006723698e-05,5.980549224e-05
2.182000000e+01,5.367599584e-06,9.716603964e-06,-5.354509461e-06,8.835614084e-06,-1.277274951e-05,1.638825704e-05,8.214608815e-07,-1.039064828e-05,1.623565691e-05,-2.740185089e-05,5.128042524e-06,1.311840200e-05
2.183000000e+01,5.154374350e-06,-6.689235828e-06,1.291834695e-05,-9.058588929e-06,1.890390879e-05,-1.567129636e-06,6.004842202e-06,1.046369804e-05,2.007718695e-06,-1.308422252e-05,8.193180404e-05,-4.551175181e-05
2.184000000e+01,2.214407125e-06,1.285071975e-05,-3.234357171e-06,-4.692197697e-06,1.292753945e-05,-1.309448248e-05,3.862284784e-07,5.486133287e-06,-5.303260762e-06,3.103197484e-05,-5.685694162e-05,-1.964427812e-05
2.185000000e+01,-1.885868135e-05,-9.972721271e-06,-1.475229955e-05,4.545198066e-06,-2.027964399e-05,8.740803436e-06,-1.300167578e-05,-1.927275232e-05,-1.187919211e-05,3.571014924e-05,-2.222568024e-05,8.531206324e-05
2.186000000e+01,-7.121017673e-06,-1.032216359e-05,4.668280359e-06,-1.729246533e-05,-1.252687544e-05,-7.698865187e-06,-1.586749087e-05,-4.669852124e-06,-2.397679499e-06,-7.697850896e-05,2.089380177e-05,-6.999506132e-05
2.187000000e+01,-1.223307120e-06,-1.266544432e-05,-7.049572586e-06,-1.510258574e-05,1.957782929e-05,-2.926935475e-06,6.718970931e-06,-4.438508118e-06,-1.886106701e-05,1.497879090e-05,4.305140845e-05,-2.627157838e-05
2.188000000e+01,3.838169556e-06,-2.126503288e-05,-4.156256829e-06,1.344969542e-06,-2.153151124e-07,-1.321006878e-05,-2.799241068e-06,-7.905823316e-06,-7.717800086e-06,2.036733192e-05,-9.403438929e-05,2.154956821e-05
2.189000000e+01,-7.450572664e-06,-5.592598382e-06,-2.491165941e-06,3.413062883e-06,-5.163535901e-06,9.747785495e-06,-1.029285439e-05,-1.231856685e-05,-5.935598943e-06,-1.011094239e-05,1.431587770e-05,4.847278181e-05
2.190000000e+01,1.259871998e-05,-1.032806405e-06,6.551983698e-06,-1.024565148e-05,8.226985243e-06,1.023371572e-05,2.654622105e-06,4.636338591e-06,-2.043966808e-06,-4.407091829e-05,4.759457999e-05,-7.471103844e-05
2.191000000e+01,-3.026340954e-06,9.289196182e-06,-8.898168591e-07,-9.164389779e-06,7.017525224e-06,-6.849504478e-06,2.148570990e-07,2.589773503e-06,2.384380664e-06,3.294805681e-05,-1.041264016e-05,3.734696207e-06
2.192000000e+01,-9.632022441e-06,8.245532255e-06,-1.942460795e-05,2.066886842e-06,-8.917780188e-06,2.661222093e-06,-6.699351611e-06,9.037145880e-06,-7.745136311e-06,1.888218292e-05,-4.515750156e-05,8.037359120e-05
2.193000000e+01,-5.529625527e-06,-6.713313222e-07,-2.514712867e-06,1.141419227e-06,3.918122419e-06,-9.722501217e-06,-6.448516078e-07,8.213807488e-06,1.419586745e-05,-4.499595439e-05,2.369315384e-05,-3.201090904e-05
2.194000000e+01,2.360107777e-06,-9.692382697e-06,6.446771457e-06,-8.437732930e-07,5.302176044e-06,-8.422292328e-06,-1.681556538e-07,1.315227996e-05,3.559545903e-06,-1.795912916e-05,5.537943246e-05,-3.282058724e-05
2.195000000e+01,2.792039886e-06,4.232514512e-06,-1.572512988e-05,-3.428028266e-06,9.721928481e-06,-8.676417339e-06,5.313122395e-06,-1.227954158e-05,-8.169335305e-06,1.950319939e-05,-8.540866051e-05,1.078780299e-05
2.196000000e+01,-1.533345804e-05,-5.164583091e-06,-2.881585930e-05,-2.458810469e-06,-1.269537617e-05,1.361189867e-05,-2.719062917e-06,-5.123434882e-06,-7.675615171e-06,4.727406371e-06,6.477586365e-06,5.956037085e-05
2.197000000e+01,-2.341032978e-06,-1.126127601e-05,1.044261847e-05,-1.071104617e-05,-4.495374040e-06,-1.454502127e-05,1.626540197e-06,-2.134822442e-05,-1.048002070e-05,-4.367721798e-05,4.981853890e-05,-8.659521242e-05
2.198000000e+01,-1.215290111e-05,-8.573506113e-06,8.260105804e-06,-1.255570525e-05,-1.126330285e-05,-1.534563167e-05,-8.438828620e-06,4.042858798e-06,-2.326671568e-05,1.859361481e-05,1.417795300e-07,-2.799907150e-06
2.199000000e+01,-1.125312807e-05,2.860790687e-06,-7.490933563e-06,5.424997196e-07,-8.845769863e-06,-8.014451981e-06,1.138573363e-05,-7.301203680e-06,-6.684125277e-06,6.546434118e-06,-6.739508122e-05,3.471750152e-05
2.200000000e+01,-1.706210387e-06,5.781765405e-06,-4.082368127e-06,-1.113929172e-05,-1.806934727e-05,8.540806891e-06,3.601543621e-07,1.196473917e-05,4.357307183e-06,-1.462312475e-05,3.413308317e-05,9.106771588e-06
2.201000000e+01,5.917076042e-06,1.558564975e-06,-2.476116546e-06,-5.414201017e-06,7.482588239e-06,-2.668272755e-06,-1.350894037e-07,3.984065647e-06,-2.247994878e-06,-2.038155089e-05,3.182829347e-05,-5.540676268e-05
2.202000000e+01,9.127507776e-06,-7.138803860e-07,4.147199775e-06,1.349513436e-05,3.226436783e-06,4.372331792e-07,6.881847232e-07,-6.394863795e-06,9.375745833e-06,2.723694731e-05,-1.961709441e-05,2.300013845e-05
2.203000000e+01,9.687709945e-06,-1.206804529e-05,1.428967513e-05,5.618849220e-06,9.697888996e-06,8.426725098e-06,7.463652432e-06,9.858737438e-06,-5.069619338e-06,1.060804666e-05,1.189119555e-07,7.058861225e-05
2.204000000e+01,7.148554767e-06,1.507252108e-05,1.221138643e-05,1.429626699e-06,7.038426929e-06,2.566865344e-06,-5.973195949e-06,2.329240543e-06,-3.525981052e-06,-2.894208712e-05,4.254651430e-05,-5.234124135e-05
2.205000000e+01,1.119963923e-05,-1.135403424e-06,3.898112000e-06,2.904195837e-06,-8.013515064e-06,-4.509693627e-06,7.047759604e-06,3.606747678e-06,9.896233060e-06,9.736364903e-06,2.738718614e-05,-3.666829605e-06
2.206000000e+01,7.022302846e-06,5.598843553e-06,-3.804336424e-06,4.396048314e-06,5.186463330e-06,9.375672336e-06,2.524486808e-06,-1.308900785e-05,-3.677788597e-06,1.094148104e-05,-5.925874511e-05,2.305588504e-05
2.207000000e+01,-1.510732784e-06,1.378789661e-05,-3.499564141e-07,-5.176132021e-06,-3.189142559e-06,9.759707760e-07,-1.709723299e-05,-7.090698388e-08,-8.632650974e-06,-4.742920339e-06,2.028185309e-05,3.224961734e-05
2.208000000e+01,2.084045662e-07,9.810198211e-06,-1.844637506e-06,2.209617283e-07,-1.216011164e-05,-2.790864675e-06,-2.114408502e-06,-4.508250971e-07,-5.949917024e-07,-1.224799615e-05,1.382979038e-05,-8.158938955e-05
2.209000000e+01,5.394328563e-06,-2.667004698e-06,-6.711507334e-06,-6.172337544e-06,5.720086886e-06,-1.942121436e-06,-9.730739405e-06,-2.182513089e-06,-1.200400588e-05,1.438413208e-05,-8.654800893e-06,2.566081643e-05
2.210000000e+01,-6.873691256e-06,8.810533195e-06,-2.130841137e-06,-5.462280973e-06,7.875165230e-06,8.164410261e-06,6.142634084e-06,1.488106361e-05,4.160460108e-07,-1.245335106e-06,-4.235657215e-05,5.278123058e-05
2.211000000e+01,-3.029464225e-06,-1.302943368e-06,6.450184088e-06,1.309487415e-05,3.263310713e-06,9.718094736e-06,7.174319295e-06,9.672950491e-06,-5.342744183e-06,-1.686584326e-05,3.765779336e-05,-1.857753497e-05
2.212000000e+01,5.081167305e-06,1.042557049e-05,-6.379421400e-06,4.186067001e-06,4.337198997e-07,4.253918256e-06,8.328609960e-06,7.274360902e-06,9.485426775e-06,1.676317945e-06,3.550330258e-05,-2.793553558e-05
2.213000000e+01,6.401167048e-06,-8.302524800e-07,1.965706940e-06,1.265780418e-05,1.116849139e-05,1.472235178e-06,8.954486307e-06,4.353328137e-06,8.922685300e-07,2.783887093e-05,-4.280783478e-05,3.158283743e-05
2.214000000e+01,-4.254390069e-06,4.130942077e-06,-5.514128726e-06,1.776634259e-07,1.638696592e-06,1.052460289e-07,1.523456604e-06,7.905311147e-06,8.241781212e-06,-9.736609350e-07,8.890572181e-06,3.568763925e-05
2.215000000e+01,-1.504332139e-05,2.643414801e-06,-5.814249961e-06,2.953152450e-06,-6.147233988e-06,3.377792515e-06,1.588253051e-06,3.561411065e-06,1.123278736e-05,-2.394997877e-05,3.519811262e-05,-6.236430839e-05
2.216000000e+01,4.422487924e-06,4.425175684e-06,1.311774187e-05,6.017400361e-06,6.644043000e-06,5.269851990e-06,8.217471055e-06,1.344008484e-07,4.794685246e-06,2.896135370e-05,2.235606581e-05,1.553594778e-05
2.217000000e+01,-8.966068772e-06,1.243898385e-05,2.002116998e-06,2.354002203e-05,-9.181267376e-06,-6.256813769e-06,-1.094870933e-05,-1.553281472e-05,-8.378836944e-06,-4.255614275e-06,-5.200370156e-05,2.965067214e-05
2.218000000e+01,-8.457989260e-06,-8.581064168e-06,4.950529470e-07,3.048274238e-06,-2.116993444e-06,-1.406304184e-06,3.104126971e-06,5.369608685e-07,2.330397711e-06,9.254876140e-07,2.862968816e-05,-4.260852381e-06
2.219000000e+01,-1.053692761e-06,2.359422075e-06,-7.274810726e-07,-1.171308968e-06,-1.280848784e-05,-4.045314988e-06,-1.038515761e-05,-9.415154200e-06,-4.257234227e-06,-1.415496014e-05,-4.009278579e-06,-5.289819691e-05
2.220000000e+01,-6.032550022e-06,-1.485100294e-05,-3.716261506e-06,9.178272045e-07,-8.861354822e-06,-5.206954748e-06,-1.454373120e-05,-2.340859879e-05,6.033327798e-06,8.980349241e-06,-3.082012106e-05,4.041490903e-05
2.221000000e+01,-1.009938541e-05,-1.330439201e-05,-1.807328425e-07,-6.237131022e-06,-1.303497529e-05,2.614287807e-07,-3.869597012e-06,-4.173922616e-06,-6.440005361e-06,-7.324828367e-06,-1.245430191e-05,2.659214278e-05
2.222000000e+01,-2.059431690e-06,8.422421545e-07,-2.626138008e-06,4.749058964e-06,-5.919156823e-06,1.212539521e-05,4.850301765e-08,-1.891796519e-07,-8.572570498e-06,-1.567863805e-05,2.290738897e-05,-5.121551756e-05
2.223000000e+01,-1.084638912e-05,-4.969990939e-06,-3.013807849e-08,4.555627887e-06,1.082252820e-05,-1.773578514e-06,-3.084760169e-06,-5.300251462e-06,1.784813710e-07,-1.029363647e-06,1.017907683e-05,-1.706914531e-05
2.224000000e+01,4.686157279e-06,-5.409741988e-06,-1.781572314e-06,-7.585935338e-07,-2.490457765e-06,1.262631275e-06,1.238872205e-05,6.732344552e-06,1.664293335e-05,-1.023257373e-05,-2.718529365e-05,3.090535295e-05
2.225000000e+01,4.992543971e-06,5.666454872e-06,-2.211988536e-06,-2.951464820e-06,7.124175762e-07,7.229088135e-06,-8.682214209e-06,3.015009008e-06,1.556612175e-06,9.827100492e-06,3.375341371e-05,2.352847770e-05
2.226000000e+01,-1.580411532e-05,4.814270090e-06,-3.424248196e-06,-6.574075983e-06,-4.206634906e-06,-1.214192134e-06,-2.000689420e-06,-1.503302277e-05,2.624741767e-06,-2.121352659e-06,7.713836270e-06,-5.863447863e-05
2.227000000e+01,5.635473175e-06,8.294190511e-06,-4.697462802e-07,-4.711905295e-06,-8.277079594e-06,8.853850658e-06,-1.245276240e-05,3.046552629e-06,-1.579417461e-06,5.549663480e-06,-2.866057588e-06,3.262360064e-05
2.228000000e+01,-7.169183265e-06,4.606578263e-06,4.169874845e-06,-1.271284978e-05,-1.279793873e-05,-5.153847089e-06,-7.886683792e-06,6.235311283e-06,2.967175252e-07,-2.192679356e-06,-2.069876172e-05,1.034604681e-05
2.229000000e+01,-7.271821927e-06,-3.262796329e-07,-7.709134327e-06,-3.911559950e-06,-3.073754958e-06,1.407148983e-06,-1.791451168e-05,1.680355951e-06,3.368457194e-06,-4.238211671e-06,1.136701296e-05,-8.851811934e-06
2.230000000e+01,-1.498849329e-05,-8.743765113e-06,3.430821770e-06,-1.780190709e-05,-5.791154981e-06,-4.023409122e-06,2.410918428e-06,-1.563389375e-05,7.314736464e-06,-8.410568041e-06,-1.224907456e-05,-2.226525998e-05
2.231000000e+01,-1.554314558e-05,-2.146201479e-05,-1.065072195e-05,3.127882122e-06,-1.486642102e-05,-9.486684523e-06,-6.249444010e-06,-5.877533231e-06,-1.577112868e-05,5.208819080e-06,-3.471889156e-05,3.029761734e-05
2.232000000e+01,8.089930206e-06,7.173889242e-06,-4.629386926e-06,-1.210371894e-05,-3.879309476e-06,3.537922033e-06,2.912060631e-06,5.997284088e-06,3.332932352e-06,-9.647684039e-06,-3.112031247e-07,1.390322939e-05
2.233000000e+01,-3.959612985e-06,-3.522652277e-06,5.922724619e-06,-1.200502715e-05,3.388079524e-06,9.955229888e-06,1.089181486e-06,3.472840582e-06,-1.226809376e-05,7.685582905e-06,2.125892647e-05,-2.679848879e-05
2.234000000e+01,4.664262072e-06,-7.382593771e-06,1.219323577e-05,1.005961357e-05,-4.946406889e-06,-7.081011245e-06,2.884874899e-06,2.911091303e-06,3.520153867e-06,2.348025085e-06,1.113103323e-05,1.966180466e-05
2.235000000e+01,-7.577669608e-06,-4.403728986e-06,3.110148684e-06,2.056298199e-06,7.194903852e-06,-8.394453955e-06,-6.935910671e-07,8.967584897e-06,1.422240539e-05,6.414478469e-06,-1.819759926e-05,2.517411120e-05
2.236000000e+01,3.251985695e-07,1.046735937e-05,5.255182123e-06,8.037609688e-06,5.478606384e-06,1.392744972e-05,2.793569438e-06,6.360159260e-06,2.220661274e-05,4.917232234e-06,2.527275751e-05,1.173982042e-05
2.237000000e+01,-9.962107328e-07,5.675931101e-06,2.041637918e-05,3.548685178e-06,1.169691703e-05,2.053528884e-05,4.289419338e-06,9.110582843e-06,-5.097151177e-06,1.112631603e-05,6.428705170e-06,-2.680551262e-05
2.238000000e+01,2.693534210e-06,1.606080536e-05,-1.269446602e-06,-3.432047286e-07,7.046468480e-07,9.779896488e-06,-4.163271891e-06,7.553775272e-06,4.371071200e-06,1.914757144e-05,6.701002862e-06,4.667718531e-05
2.239000000e+01,3.832067627e-06,4.111317200e-06,-5.076109735e-06,-5.980895488e-06,7.993939591e-06,7.957885517e-06,1.250219410e-05,-8.427270074e-06,-7.411638761e-06,2.793484335e-06,-5.228476767e-06,1.275088137e-05
2.240000000e+01,5.699059455e-06,1.209296985e-05,8.499783457e-06,-6.574668090e-08,-7.080422824e-06,-8.583514436e-06,-4.102219319e-06,5.213126900e-06,-3.317602461e-07,-2.152148279e-06,1.988207067e-05,-3.815845135e-05
2.241000000e+01,6.235212773e-06,-6.162259819e-06,4.300932015e-06,-2.777074628e-06,2.354487251e-06,2.958719551e-06,-1.681445286e-05,-3.697294889e-06,1.490062427e-06,1.646995453e-05,-1.164559534e-05,-1.132124596e-05
2.242000000e+01,-7.075824827e-06,8.096396967e-06,-8.329811608e-06,-7.527133805e-06,-1.107750131e-06,-1.433792312e-06,-1.956114243e-05,-4.373501224e-06,-1.187609049e-06,3.399609455e-06,-1.671333882e-05,3.139241855e-05
2.243000000e+01,-4.183600216e-07,9.205108294e-07,-6.655171572e-06,-6.902830718e-06,-7.673070868e-07,-6.671855129e-06,5.626518563e-06,-2.445577173e-06,6.322329627e-06,-3.275296944e-06,6.984099319e-06,2.469504222e-06
2.244000000e+01,9.892568324e-07,1.175229384e-06,1.122984317e-05,-3.414871251e-07,-4.208206451e-06,2.083178394e-05,2.315753808e-07,6.595267298e-06,-1.768128172e-06,2.783220329e-06,1.475429084e-05,-2.463970071e-05
2.245000000e+01,1.610081767e-06,9.615445338e-06,7.621628137e-06,3.810456646e-06,1.513540536e-05,1.229099769e-05,2.421223016e-06,7.963709724e-06,8.611692755e-06,-1.398310409e-06,-1.721757271e-05,3.047528866e-05
2.246000000e+01,2.419326594e-06,5.119764184e-06,6.715406368e-06,-3.454845134e-06,2.845344253e-06,-5.181064396e-06,7.736674351e-06,5.326180114e-06,2.538703045e-06,1.094402806e-05,-2.555329054e-06,8.198410965e-06
2.247000000e+01,1.690753147e-05,9.472592418e-06,1.312324062e-05,2.638296249e-06,-6.106145865e-06,1.441582253e-05,7.140355521e-06,6.928057615e-07,-4.674755440e-06,4.086010836e-06,1.788657796e-05,-2.100684743e-05
2.248000000e+01,8.097378326e-06,1.071558356e-05,7.194805756e-06,-6.359087988e-06,-2.234928727e-06,7.330351781e-06,-2.594653074e-07,1.357305712e-06,-5.834757751e-06,5.689477001e-06,9.728554456e-07,-1.186009010e-05
2.249000000e+01,2.009740427e-06,-8.529563683e-07,1.639336110e-05,8.333165803e-07,5.842405086e-07,-5.338530841e-06,7.327278904e-06,-1.488775799e-07,7.090259991e-06,-8.808825088e-06,8.308787834e-06,2.787156436e-05
2.250000000e+01,-1.107264841e-05,-2.493938480e-06,5.334922641e-06,-7.627997776e-06,-9.093488819e-06,-1.366800258e-06,7.405143680e-06,2.996002403e-07,-5.980310876e-06,4.659519048e-06,-1.356726603e-05,3.720833535e-06
2.251000000e+01,-3.546596657e-06,1.876804338e-06,-3.391340089e-06,-6.575882130e-06,2.948216244e-07,2.690433597e-06,3.168302849e-06,4.506549855e-06,-6.339337204e-06,-1.304819426e-05,7.416414651e-06,-1.088821996e-05
2.252000000e+01,3.988559977e-07,8.596493252e-07,-2.726215888e-06,-4.544546600e-06,4.528129231e-07,-1.411467706e-05,-2.631515769e-06,2.084357149e-06,-9.498864601e-07,-1.947842314e-07,-5.709025921e-06,-1.678782684e-05
2.253000000e+01,-4.392169923e-06,-4.521296589e-06,1.712618706e-06,-1.022579367e-05,-7.324224941e-06,-1.231276872e-05,-6.958478605e-06,-1.223455513e-05,-7.632079808e-06,-8.759815607e-06,-6.139592161e-07,4.396930568e-06
2.254000000e+01,-1.456797876e-05,-5.654658435e-06,-1.962489526e-06,-8.803647709e-06,-4.682195694e-06,-2.384373676e-06,-1.038512282e-05,-1.095872025e-05,-1.237495430e-05,2.173652111e-06,-1.243804620e-05,-1.173868363e-05
2.255000000e+01,6.249647449e-08,-2.112010491e-06,1.471891078e-06,-1.492840061e-06,-9.141902364e-06,-1.421692629e-05,-1.197471025e-05,5.080039110e-06,-1.280753711e-05,-3.898586244e-06,7.260625273e-07,-1.981579747e-05
2.256000000e+01,4.576946348e-06,-7.699754570e-06,6.740429823e-06,6.070777736e-06,-8.722691228e-06,1.038972628e-06,-6.102186668e-06,-2.141024261e-06,-2.406327905e-06,-5.562756943e-06,-6.022404307e-06,1.914421065e-05
2.257000000e+01,2.792180550e-06,-3.834791407e-06,3.874262859e-07,6.479849483e-06,-3.519036685e-07,7.110209997e-06,-3.220474582e-06,6.520708801e-06,-4.548107365e-06,-6.969819580e-07,-3.272981554e-06,8.915197843e-06
2.258000000e+01,-2.222845911e-06,-1.622744956e-06,-7.076514795e-06,1.551471899e-07,-8.192997495e-06,5.782994624e-06,1.206928066e-05,5.293747578e-06,1.467903138e-06,-1.272499599e-07,9.678947263e-06,-2.672580054e-07
2.259000000e+01,-3.630118753e-06,1.655249774e-06,7.955059863e-06,1.109677896e-05,2.037309080e-06,-3.450001446e-07,-2.850256752e-06,-9.040257551e-06,7.275482968e-06,3.043304908e-06,4.896618681e-07,6.450501138e-06
2.260000000e+01,3.595175502e-06,-1.399792590e-05,-2.846051113e-06,3.119654853e-06,4.779158576e-06,-2.609106368e-06,2.192159442e-06,3.522802272e-07,-3.279791805e-06,6.400326929e-06,-9.470447254e-06,6.255643749e-06
2.261000000e+01,-2.106479441e-05,-1.188751508e-05,2.379714420e-06,4.938524033e-06,4.115156955e-06,1.055537269e-05,7.492216036e-06,1.889084357e-06,4.647064241e-06,-1.258733852e-06,1.843914868e-06,-4.885709504e-06
2.262000000e+01,-5.633934037e-06,-1.751393133e-07,-2.191385702e-06,4.480773471e-06,-6.371953901e-06,9.820871634e-06,2.226106116e-08,-1.327597331e-05,-1.021026214e-05,-1.815819720e-05,-5.416899712e-06,-1.667680394e-05
2.263000000e+01,-2.052837753e-05,2.249600593e-06,-4.343633706e-06,-8.339440974e-06,-1.487970726e-07,-5.535527618e-06,-1.357411738e-06,-7.734539687e-06,-3.693354518e-06,-9.064602805e-06,-9.081378465e-06,-6.093072250e-06
2.264000000e+01,-7.848396722e-06,-1.223758140e-05,-3.980058882e-06,-8.947123141e-06,-7.235617580e-06,-1.747925190e-05,-1.177382128e-05,2.473300641e-06,-2.594880994e-06,-7.361012771e-07,-7.942502503e-06,-9.883622521e-06
2.265000000e+01,-1.287522941e-05,-6.113358717e-06,-6.978997718e-06,-7.521895029e-07,-5.494450014e-06,9.917475355e-07,3.268471664e-06,5.135284830e-06,-1.587113690e-05,-1.316423104e-05,-7.109435456e-06,-1.241488674e-05
2.266000000e+01,4.600504081e-06,2.615460989e-06,-1.803228407e-06,2.425815031e-06,4.039122651e-06,-1.849698752e-06,1.298182845e-06,1.406433434e-06,1.851965422e-06,-3.105606563e-06,9.330378416e-06,-1.968512770e-06
2.267000000e+01,-1.281279371e-05,1.285044851e-05,8.974378905e-06,-1.348993827e-05,5.119735709e-07,-1.915512610e-07,-7.990899868e-06,7.935953942e-07,3.745168320e-07,1.128487211e-05,-2.842654975e-06,6.938677008e-06
2.268000000e+01,2.647100555e-06,2.921981254e-06,8.123106444e-06,1.536326861e-05,-3.842658773e-08,4.684154189e-06,-2.281784149e-06,8.451195297e-06,2.293193780e-06,1.836989107e-05,1.123084246e-05,-3.168964139e-06
2.269000000e+01,1.067302079e-06,4.414232667e-07,1.259674087e-05,1.764823628e-05,1.476096294e-06,8.948271861e-06,-4.354716303e-07,1.646430445e-05,1.319757744e-06,1.356777904e-06,2.151731880e-07,4.089259208e-06
2.270000000e+01,1.247843171e-05,7.934851034e-07,1.827098375e-05,5.464313531e-06,5.444290580e-06,1.341854714e-05,1.420226106e-05,1.302879662e-05,-2.339235279e-06,2.008391274e-05,4.978292613e-06,-6.260056157e-06
2.271000000e+01,1.485379033e-05,1.517404780e-05,-1.277852802e-06,2.712364923e-06,4.761067658e-06,9.509228205e-08,7.037368687e-06,6.083685712e-06,8.616837092e-08,1.127353152e-05,5.332356919e-06,-8.908538690e-07
2.272000000e+01,8.657705925e-08,8.292716644e-06,8.637820638e-06,-2.985950605e-06,1.104295284e-05,1.203234518e-05,1.827713724e-06,-2.026809602e-06,5.153354554e-06,1.590507522e-05,7.452639708e-06,-1.634732114e-06
2.273000000e+01,2.366326123e-06,1.235212568e-06,-5.109027473e-06,-3.307867031e-06,-6.664671643e-06,9.593002611e-06,-2.899028834e-06,3.035936565e-06,1.109004830e-05,-3.354348562e-06,4.576257035e-06,-1.018262519e-06
2.274000000e+01,-8.121957129e-06,3.866773709e-07,1.167243599e-05,-1.694811387e-06,3.217814690e-06,1.035163488e-05,-5.564074567e-06,-2.507907953e-06,7.866456772e-06,-5.066308340e-06,-5.648990947e-06,4.783279937e-06
2.275000000e+01,-4.397352297e-06,-8.542482296e-06,-1.055905200e-05,5.179285467e-06,1.074866473e-06,6.036314649e-07,-1.844497244e-05,-1.692829124e-06,8.283461110e-06,-7.000178747e-07,-4.075085858e-06,7.289877432e-06
2.276000000e+01,2.910774331e-06,1.601391127e-05,-8.551209905e-06,-6.001010210e-06,-1.074318168e-05,1.239466467e-06,7.319070534e-06,6.264448503e-06,1.741680334e-07,5.869132997e-06,1.193005284e-05,-1.531471292e-05
2.277000000e+01,8.448677428e-06,8.358786705e-06,1.611092687e-06,-2.076858073e-06,6.709996468e-06,-7.955804221e-06,-1.829729384e-06,6.168481515e-06,3.919547530e-06,4.895384773e-06,1.747479665e-06,1.007942047e-06
2.278000000e+01,2.468489275e-06,2.089597939e-06,1.387783202e-05,2.754671641e-06,1.102368229e-05,6.953558181e-06,5.698651063e-07,9.371614279e-07,4.087716731e-06,5.374824318e-06,1.166310288e-05,8.703897312e-06
2.279000000e+01,5.031717578e-06,-4.128112903e-07,8.673229418e-06,-9.513397752e-06,6.427894919e-06,1.462828074e-05,1.586897532e-05,-4.774504654e-06,8.482134323e-06,6.844841932e-06,9.675999621e-06,5.757629933e-07
2.280000000e+01,1.964457668e-05,-7.800196342e-07,8.303698320e-06,1.431638989e-06,-8.223012443e-06,7.082254043e-06,1.744323375e-05,1.081140554e-05,7.254593778e-06,9.630060750e-06,1.866285560e-05,8.532099920e-06
2.281000000e+01,-2.122640250e-06,1.480711365e-06,2.056730184e-05,4.826722603e-06,1.007271969e-05,1.883884129e-06,1.608947641e-05,2.543068664e-06,1.621427766e-06,8.720030054e-06,9.943520330e-06,1.043163511e-05
2.282000000e+01,3.884326620e-07,9.841881564e-06,-6.225610859e-07,-9.527899335e-06,2.829534690e-06,5.309268184e-06,1.359231744e-05,6.946123843e-06,6.740606544e-06,-9.235876953e-07,-4.074084946e-06,7.461001704e-06
2.283000000e+01,-6.349348698e-06,3.380251093e-06,4.309991692e-06,-7.093251211e-07,3.756213661e-06,3.178938130e-06,-1.008592698e-07,-2.288888263e-06,-4.641882024e-07,5.864021786e-06,1.467571222e-05,-4.959550055e-06
2.284000000e+01,-7.447199053e-07,-1.602160418e-05,1.302510403e-06,-1.690054700e-05,-3.397645158e-06,-7.920593912e-06,-2.144478246e-06,2.271306217e-06,7.561192099e-06,-1.470836439e-05,1.300365970e-05,6.255507929e-07
2.285000000e+01,-4.453867938e-06,-2.041317308e-06,-9.425308369e-06,-4.196048705e-06,-2.260334162e-05,7.892077008e-06,-1.219530214e-05,-1.578108561e-06,-1.246750998e-05,-6.789946128e-06,3.751680698e-06,3.178292739e-06
2.286000000e+01,-3.486161117e-06,-5.152024061e-08,-1.347760376e-05,-2.429357698e-06,-6.209854700e-06,-1.542528595e-05,-2.927106740e-06,-3.749081862e-06,4.750596190e-06,-2.058749638e-05,-5.708774491e-06,-7.040061461e-06
2.287000000e+01,-8.051452845e-06,-6.809792286e-06,-1.395591627e-05,-1.938379630e-06,4.825653447e-06,-2.416616958e-06,-9.947532962e-06,-6.443845493e-07,-1.109301149e-05,-1.631955041e-05,4.892628598e-06,6.150695663e-06
2.288000000e+01,-1.139394558e-06,-9.284298356e-06,7.017295009e-08,-1.827799606e-05,-4.351153762e-06,-1.031706165e-05,-6.748645745e-08,-8.644805485e-06,-1.422641753e-05,-9.513545323e-07,-1.610457079e-05,-1.772638067e-05
2.289000000e+01,3.346685190e-06,3.036763946e-07,-4.463315966e-06,6.329212833e-06,2.973604151e-06,-3.228044386e-06,3.703390112e-06,-1.131614659e-05,2.526230156e-06,5.327273687e-06,1.312364582e-05,-6.492721407e-06
2.290000000e+01,2.898859064e-06,-4.278799868e-06,9.803064791e-06,1.031553098e-06,-9.073951174e-07,-1.004841864e-05,-4.596131698e-07,-7.332990282e-06,2.633148006e-06,-5.306624113e-06,-9.171868725e-06,4.108456967e-09
2.291000000e+01,-9.476470969e-07,-1.052833760e-06,1.510680369e-07,5.313881492e-06,-4.391475605e-07,-8.068733025e-06,1.142810119e-06,1.116664251e-06,-5.252706487e-06,6.898793862e-08,6.852872173e-06,1.509210756e-06
2.292000000e+01,-4.170802814e-07,4.887885743e-06,3.114479812e-07,-6.100433752e-06,-5.170481163e-06,2.046389856e-06,-4.294477739e-06,2.581398386e-07,1.194048076e-05,9.655569690e-06,6.504273243e-06,2.681259334e-06
2.293000000e+01,-4.694336734e-06,-9.158735473e-06,-2.984976752e-07,1.411016187e-06,5.226452408e-07,-4.920105572e-06,9.436743266e-07,6.032746881e-06,1.722853377e-06,1.068608661e-05,3.893972116e-06,-3.921027757e-06
2.294000000e+01,2.812876862e-07,5.881455714e-06,-2.345450185e-07,3.952607265e-06,-3.352939964e-06,4.004752505e-06,-6.404567973e-06,5.883016539e-06,-1.032383512e-05,9.677458570e-06,-1.121239715e-05,-1.723180991e-06
2.295000000e+01,-5.556770477e-07,1.780162280e-06,4.554839006e-06,-7.294376493e-06,-5.345823897e-06,-1.810717353e-06,-6.351871355e-06,-2.556500685e-06,-8.908840017e-06,-1.332140598e-05,-5.785743527e-06,-2.140827177e-05
2.296000000e+01,-9.321785195e-06,-4.484697097e-06,-1.018681491e-05,-1.306706107e-05,-1.797025465e-06,3.693832356e-06,-9.154819360e-06,-1.788399982e-06,-5.460909665e-06,-1.086362352e-05,-6.722445891e-06,-5.948727370e-06
2.297000000e+01,-9.716515397e-06,-5.337085979e-06,-9.248563379e-06,-1.029216033e-05,6.202643381e-06,-1.534777361e-08,-1.863890314e-05,-1.157247775e-05,-1.733036221e-06,-5.877747720e-06,-5.017901838e-06,-5.539834194e-06
2.298000000e+01,7.605130895e-06,-9.596488215e-06,2.701954398e-06,-1.181619731e-05,-1.125896547e-05,2.119043333e-06,-1.791688317e-06,-5.486936807e-06,-8.382744516e-06,4.764423971e-06,-3.810472305e-06,-3.063958361e-06
2.299000000e+01,-8.186754931e-06,-1.187506776e-05,-8.674604016e-06,-1.994078174e-06,-9.149157633e-06,1.595031312e-06,-1.668001343e-05,3.058989267e-06,-1.140925847e-05,-4.266414757e-07,7.019019544e-06,4.382676764e-06
2.300000000e+01,-8.465839588e-06,-6.972373585e-06,-8.454962612e-06,5.805247881e-06,-1.749260943e-06,8.798759951e-06,4.234910779e-06,-4.079565464e-06,-8.739692888e-06,-1.237932187e-05,-4.416098403e-06,-8.109934180e-06
2.301000000e+01,6.497245101e-06,-1.284722533e-06,-1.111570467e-05,2.796040465e-06,-1.223598643e-05,6.540514428e-06,3.214940946e-06,4.714738545e-07,2.610355630e-06,-7.088862867e-06,-1.860187751e-06,-6.443951448e-07
2.302000000e+01,-1.518087605e-06,7.035747309e-06,1.427783069e-05,-8.927197356e-07,1.547031412e-05,1.473784796e-05,9.306415189e-06,-8.135595677e-06,4.343142491e-06,-3.559098832e-08,4.843112472e-06,1.273264256e-06
2.303000000e+01,5.386624004e-06,4.443301664e-06,1.869694970e-05,-3.248912149e-06,1.729795609e-05,5.729654120e-06,3.730203902e-06,1.340261132e-05,1.062576774e-05,4.972669929e-06,4.458371393e-06,3.834395022e-06
2.304000000e+01,1.076574968e-05,8.173701398e-06,-8.244602029e-06,1.228635020e-05,7.526830288e-07,8.016074987e-07,8.660352883e-06,-4.543728420e-07,2.834554700e-06,6.468942989e-07,1.733607743e-05,-4.964520524e-06
2.305000000e+01,1.605622451e-05,1.043667573e-05,1.384242063e-05,1.279864801e-05,3.978060596e-06,1.323015282e-06,9.718249847e-06,5.289407724e-06,6.437533991e-06,4.967064971e-06,-3.024907973e-06,-1.935026631e-06
2.306000000e+01,-2.209263790e-06,-2.391913245e-06,-9.556737796e-07,-3.745060127e-06,-7.342494908e-06,-1.074964241e-05,1.989219385e-06,9.383436244e-06,-3.868629565e-06,-8.941763724e-07,1.302261742e-05,1.813359687e-07
2.307000000e+01,1.153726899e-06,6.143874123e-06,2.645208584e-06,-6.169136467e-06,7.080747595e-06,-9.348269306e-06,-2.215724799e-06,3.902832932e-07,2.786543504e-06,1.679560286e-06,-1.105191838e-06,7.162075877e-06
2.308000000e+01,-3.309143435e-06,3.223543029e-09,4.448933463e-06,-1.090048424e-06,8.914992176e-06,-5.443779512e-06,-7.422144412e-08,-2.857344823e-06,-1.442715694e-05,-1.165213167e-05,2.048589745e-06,2.132440831e-06
2.309000000e+01,7.097563643e-08,1.239755399e-06,6.917960912e-06,6.848827945e-06,4.772951773e-06,1.504667275e-07,-1.221024118e-05,1.784001457e-05,-2.283393956e-06,-1.019752788e-05,-8.346021420e-06,-2.004931722e-06
2.310000000e+01,9.095797408e-07,-8.814493191e-06,2.515994846e-06,1.193949592e-05,1.063133015e-05,-2.487856324e-06,2.956654515e-06,1.455536935e-05,1.206584060e-06,-6.051319637e-07,7.489112468e-06,-3.602860707e-06
2.311000000e+01,-1.147873358e-05,5.739885808e-06,-5.294315687e-06,2.700634859e-06,-9.708139967e-06,1.118046447e-05,2.200610536e-06,-9.069778665e-07,6.501247688e-06,-4.609248329e-06,6.276913015e-06,1.741293267e-05
2.312000000e+01,1.161502205e-05,1.029020793e-05,1.302016612e-05,8.352550767e-06,5.896831395e-06,-1.432016064e-06,-9.870418969e-06,-1.568327860e-05,6.473115492e-06,2.389362239e-06,-2.111298542e-06,3.217899559e-06
2.313000000e+01,1.179365392e-05,8.267043961e-06,1.405125217e-05,4.748038500e-06,1.151814203e-05,9.784913381e-06,1.621465784e-05,1.044535215e-05,9.536016545e-06,1.299166247e-05,4.983014382e-06,-8.960086120e-07
2.314000000e+01,1.806528239e-05,5.292584913e-06,1.130470538e-05,9.360069972e-06,1.650279830e-05,1.256818183e-05,2.184853811e-06,1.396715902e-05,7.039049618e-06,8.433824913e-06,4.768191658e-06,9.599367714e-06
2.315000000e+01,-5.287564372e-06,2.183458040e-07,-3.617535864e-06,8.289848453e-06,1.509056126e-05,-6.029491847e-06,-1.880091455e-06,5.571044724e-06,1.694626243e-05,8.692296970e-08,-1.359964379e-06,3.716494467e-06
2.316000000e+01,6.125059600e-06,-8.648399673e-06,1.168814478e-05,5.272650915e-06,1.405308438e-05,1.535349266e-05,7.297922853e-06,-1.132352631e-05,2.269678611e-06,2.169189249e-05,8.122511979e-07,7.229328281e-06
2.317000000e+01,4.045044383e-06,4.933980702e-06,3.106477551e-06,1.847158573e-06,-1.451595159e-05,-9.841943649e-07,6.613202041e-07,-5.480368243e-06,-1.263040554e-05,2.384557379e-06,5.769684003e-07,4.568799237e-06
2.318000000e+01,-7.717000300e-06,-3.918061587e-06,-6.232444699e-06,-5.963581440e-06,3.450656584e-06,-1.020913510e-05,7.116268760e-06,-1.358632225e-05,-1.380614984e-05,-3.883934565e-06,7.531963412e-06,4.980033867e-07
2.319000000e+01,-3.489117328e-06,-1.085859876e-05,3.092676122e-06,-8.858737040e-08,1.213385586e-06,-3.050741070e-06,-6.706583834e-07,-8.695661997e-06,-1.546495305e-05,-9.695224114e-06,-6.666176253e-06,-7.445462780e-08
2.320000000e+01,-8.656356068e-07,-8.412050922e-06,-4.119954383e-06,-8.521124618e-06,-1.273957969e-05,-1.481679530e-05,-6.436086415e-06,-6.915613232e-06,-6.004264218e-06,-1.911842140e-05,-7.704080189e-06,-7.458288873e-06
2.321000000e+01,-2.231685310e-06,-6.299401326e-06,-8.734389878e-06,-2.846778838e-07,2.502691157e-06,-1.441017954e-05,-7.108821615e-06,-1.608773359e-05,2.791930603e-06,-4.374973853e-07,-6.879720834e-06,2.727539985e-06
2.322000000e+01,-3.316903095e-06,7.307424605e-06,-1.115796086e-05,-5.260268668e-06,-1.366563581e-05,-3.053922142e-06,5.512400710e-07,-1.335940886e-05,-1.340699366e-05,3.870872389e-06,8.670965223e-06,2.095895713e-06
2.323000000e+01,4.796235550e-06,-9.145399297e-06,-4.857868363e-06,-3.435849087e-08,8.018498184e-06,8.938509620e-07,3.833218779e-06,3.956224239e-06,9.965078028e-07,-1.472941658e-06,-3.903885417e-06,-1.796399465e-06
2.324000000e+01,1.345452068e-05,7.767659373e-06,-2.826926764e-06,2.035815717e-05,9.228421470e-06,-9.572115927e-06,-4.885562698e-06,8.351675699e-07,1.317122631e-05,-9.718206740e-06,-2.181066312e-06,-1.986238980e-06
2.325000000e+01,-1.877549354e-06,9.723908584e-07,5.544721280e-07,4.846379789e-07,-4.895334716e-06,9.581771661e-06,7.345069729e-06,3.248422065e-06,2.960274502e-06,-4.631672540e-07,3.254997689e-08,3.019600223e-06
2.326000000e+01,-4.272843229e-06,9.763578115e-06,4.488416975e-06,1.312076184e-06,1.407634280e-05,4.030184348e-07,4.512223082e-06,1.147820295e-06,-6.319938858e-06,2.738572426e-06,-5.762433300e-06,1.150456211e-05
2.327000000e+01,1.120819736e-05,1.399089597e-06,-7.668753939e-06,3.931990446e-06,2.082223788e-07,-2.176959808e-06,7.287964731e-06,7.455440615e-06,6.987209978e-06,1.050716136e-05,-6.847322192e-08,4.985799698e-06
2.328000000e+01,4.699554974e-06,4.624373010e-06,-8.787113799e-07,1.672869656e-06,6.003731889e-06,-5.503344666e-06,-5.306505379e-06,-7.746142222e-06,-8.893664420e-06,-1.070640407e-05,-2.137487505e-06,-1.636339251e-05
2.329000000e+01,-1.076373537e-05,-5.254769645e-06,3.733005282e-06,3.159670277e-07,6.409790002e-06,-1.074397482e-05,1.202740280e-06,-9.337342437e-06,-1.938377793e-06,-5.601666355e-06,-2.344960879e-05,2.684528867e-06
2.330000000e+01,-1.877526214e-06,-9.787087931e-06,-8.102936243e-06,-5.488790878e-06,-7.601299342e-07,9.169645566e-07,-1.214960641e-05,-1.046749283e-05,-2.846610088e-06,-1.188243468e-06,-1.804875091e-05,-6.269649295e-06
2.331000000e+01,2.584430963e-06,2.014082584e-06,-1.498152880e-05,2.943933636e-06,-7.353799590e-06,1.277976181e-06,-8.048548642e-06,-1.349111746e-05,1.852338800e-06,-1.433463385e-05,-4.079745725e-06,-6.081277720e-06
2.332000000e+01,1.705336217e-06,2.563095219e-06,-1.764748683e-05,1.595595845e-06,-9.326293889e-06,-1.449042846e-06,-8.078198079e-06,-4.404700536e-06,3.509377216e-06,-8.691010938e-06,2.492720413e-06,-5.377370420e-06
2.333000000e+01,-3.633552072e-06,-5.275606047e-06,-1.077349647e-05,3.349628337e-06,-2.887389923e-06,-1.939875356e-07,-3.284802359e-06,-3.945261926e-06,6.508646398e-06,-3.922802711e-06,-5.113463648e-06,5.343051010e-06
2.334000000e+01,9.018613906e-06,7.663267993e-06,7.754794864e-06,7.729385620e-06,7.183103798e-06,4.133268758e-07,3.475425111e-06,6.304697643e-06,-1.281159806e-06,-4.821284774e-06,-9.656450443e-06,1.202953109e-05
2.335000000e+01,5.439042893e-06,1.219646909e-05,2.197296127e-06,5.179590173e-06,7.217800664e-06,5.957639124e-06,2.924185969e-06,4.796635564e-06,1.993727900e-07,4.229819578e-06,1.378522215e-05,3.674093790e-06
2.336000000e+01,-2.436595790e-08,9.871370590e-06,1.107143733e-05,7.481662433e-06,9.033197264e-06,2.034270257e-05,4.642513130e-06,1.570074801e-05,6.420882277e-06,1.029308765e-05,8.270002179e-06,-1.234033918e-06
2.337000000e+01,1.385238225e-06,-6.641762594e-06,9.051448277e-06,7.852761929e-06,1.565962001e-05,2.173888746e-06,1.125426426e-05,1.744455012e-05,5.311003120e-06,-4.890000046e-06,2.517393654e-06,9.308171927e-06
2.338000000e+01,-2.032617068e-06,6.830826172e-06,3.825666673e-06,4.320186392e-06,-6.005959066e-07,1.052505210e-05,-2.342469826e-06,-3.606475115e-06,4.482468450e-06,-1.409863204e-05,2.019278285e-06,-2.697900934e-06
2.339000000e+01,-1.876678179e-07,5.745218074e-06,1.599429922e-06,1.099723411e-05,-3.673250083e-08,4.371993519e-06,4.050109697e-06,3.638329207e-06,-7.204433759e-06,7.323778636e-06,7.115387606e-06,4.919033262e-06
2.340000000e+01,-7.377295399e-06,-8.639110551e-07,6.589203753e-06,7.309081790e-07,2.746489491e-06,-5.689531601e-07,-9.742905940e-06,-4.161180244e-06,9.232356870e-06,-4.129668706e-06,-7.279774309e-06,2.316718423e-06
2.341000000e+01,-6.997013728e-06,7.499767703e-06,-2.084257021e-05,-1.328175613e-05,6.472678602e-06,3.790569207e-06,-6.536674720e-06,-1.873911646e-06,-1.232424610e-05,1.060999395e-05,7.532046901e-07,-4.191549557e-06
2.342000000e+01,-2.592810766e-06,2.284113079e-06,-6.722154178e-06,-8.179698048e-06,5.183347941e-06,-1.000595309e-05,-4.731107440e-06,-6.248956008e-06,-8.849114257e-06,-3.625961791e-06,4.510501610e-06,-2.676167785e-06
2.343000000e+01,2.050936520e-06,-4.293157702e-06,1.405424884e-06,1.831312727e-06,-3.698127060e-06,3.649301310e-06,2.570236587e-06,7.989966695e-06,2.231143929e-06,5.798644511e-06,9.706086188e-06,-2.071605131e-06
2.344000000e+01,-6.138430761e-06,1.466550032e-06,1.307843467e-06,-4.808630971e-06,5.440247421e-07,1.222884896e-06,7.644145137e-06,-3.294884565e-06,1.080186146e-06,-5.740421093e-06,2.343225623e-06,3.912847215e-06
2.345000000e+01,7.105859461e-06,6.856280085e-06,5.983827749e-06,1.065957737e-06,3.019561491e-06,-7.885674346e-06,5.515035619e-06,3.030901816e-06,3.967837951e-08,1.181021130e-06,1.582793053e-05,-7.286651698e-07
2.346000000e+01,6.082489473e-06,1.213763111e-06,5.108898371e-06,2.507008498e-05,-6.486361661e-06,1.298856001e-05,4.531635114e-06,-3.298490355e-06,1.369671459e-05,8.402378712e-06,1.155246480e-05,1.957067492e-05
2.347000000e+01,9.962911436e-06,3.150604525e-06,-9.963153777e-06,-6.627086749e-06,1.909772472e-06,6.701651703e-06,5.026102758e-06,1.020571992e-06,1.099076685e-05,7.702296815e-06,1.417261910e-05,7.009024052e-06
2.348000000e+01,-7.284985730e-06,1.444113851e-06,9.433089436e-06,8.733400143e-06,-2.509407575e-06,1.677247713e-08,-7.259367218e-06,4.607280430e-06,-1.356621855e-07,1.886502761e-05,1.316017787e-05,1.652946424e-06
2.349000000e+01,-6.683959168e-06,1.002007653e-05,5.398058540e-06,4.100562468e-07,5.731156822e-06,1.039261508e-05,6.502710752e-06,2.398993511e-06,1.264940911e-05,-1.459911395e-05,3.406750026e-06,1.337080200e-05
2.350000000e+01,-1.708511232e-05,-9.028737991e-06,-3.472110628e-06,-2.910406222e-06,4.985375218e-06,-9.032650136e-06,-1.550511482e-05,-1.336835188e-07,6.950777003e-06,5.041125704e-06,-2.321479692e-06,8.123448993e-06
2.351000000e+01,1.236806886e-07,2.193565996e-06,3.444474951e-06,-3.781299449e-06,3.419719069e-06,-7.001428722e-06,1.711517833e-06,-6.649278339e-06,2.882940750e-06,3.009078531e-06,-1.458416725e-05,6.028419535e-06
2.352000000e+01,-9.854374163e-06,-1.301908937e-05,2.270520668e-06,-9.107216455e-06,-6.151613369e-06,-1.325478369e-05,-7.689709208e-06,-4.282114971e-06,2.126216841e-06,-2.200942396e-06,1.746452111e-06,-1.203408921e-05
2.353000000e+01,1.778612707e-06,-8.865085925e-06,7.602687391e-06,-1.061392607e-05,-1.467431811e-05,-1.278115875e-05,-5.316309757e-06,1.632792592e-06,-7.488115501e-06,-7.212355844e-06,9.823234626e-07,-8.016186616e-06
2.354000000e+01,-2.601722378e-06,-6.728983867e-08,-8.399329261e-06,-1.164805307e-05,-7.384620749e-06,-3.177245226e-06,-8.698516032e-06,-3.285485397e-06,-1.108170436e-05,-1.144532706e-05,-1.259470363e-05,-7.485801741e-06
2.355000000e+01,7.945623961e-07,-1.294590278e-06,-8.251869385e-06,-1.154968603e-07,-2.585766279e-06,-6.717727701e-06,1.155332211e-05,-3.803965897e-06,-1.365318063e-05,2.744323883e-06,-6.670775972e-06,2.327173642e-06
2.356000000e+01,2.898240018e-06,-1.066552341e-05,-4.787386864e-07,-1.075830683e-06,7.206262818e-07,-1.694269636e-06,-7.540641110e-07,-4.989237822e-06,-1.409312164e-06,-1.285144036e-06,1.120950375e-05,4.364519500e-07
2.357000000e+01,-6.713985752e-06,-4.902309032e-06,7.456011041e-07,-7.730393886e-07,-6.850723174e-06,-2.023279167e-06,1.194327672e-05,1.370559220e-05,7.317262381e-06,-6.586965828e-06,1.232460378e-06,-5.773255884e-06
2.358000000e+01,1.647127722e-06,-2.232329895e-06,4.497850183e-06,-6.427912478e-06,6.606346143e-06,-5.314812118e-06,-5.488426931e-06,2.410323513e-06,5.920811266e-06,-3.695398215e-06,4.555743412e-06,6.882507810e-06
2.359000000e+01,-2.844064849e-06,8.497052667e-06,1.100989372e-05,7.265059990e-06,-5.043813846e-07,-4.774616651e-06,4.596995144e-06,1.550247379e-06,1.767246889e-05,8.570025851e-07,6.643491286e-06,-9.860035867e-07
2.360000000e+01,5.509713926e-06,-2.765538081e-06,-4.121932037e-06,8.787210608e-06,-4.458974547e-06,1.775009705e-06,-2.069129786e-06,1.200699356e-05,-6.301681727e-06,-9.228667057e-07,1.050194058e-06,-8.593946718e-06
2.361000000e+01,1.375965876e-06,-6.588301332e-06,-3.110339004e-06,-2.148658924e-05,-2.210777421e-06,8.263190373e-07,-3.476476485e-06,-4.266060188e-06,1.020417146e-05,-1.259625728e-05,-2.587767815e-06,8.456653971e-06
2.362000000e+01,1.841173514e-06,4.747227044e-06,5.353052150e-06,-1.323209177e-05,4.890415954e-06,3.986872382e-06,-1.044601492e-05,-5.370349464e-06,-1.451797739e-06,-1.205887424e-05,2.501250668e-06,1.258600370e-05
2.363000000e+01,-1.939706249e-05,-7.048405145e-06,-3.130778471e-06,-1.767307380e-05,1.059253998e-06,-5.950947914e-06,7.488556924e-06,-1.970885283e-05,-1.698274793e-05,-2.391994661e-05,-8.554909141e-06,1.096040785e-06
2.364000000e+01,6.613547914e-07,-1.043170991e-05,-4.896975569e-06,-1.005649885e-05,-3.487076519e-05,-6.901555835e-06,-9.287917411e-06,-2.042712707e-05,-2.790437123e-06,7.755393471e-08,-5.079975204e-06,-1.026907351e-05
2.365000000e+01,-3.279841802e-06,-3.100267714e-06,-1.585757700e-05,-3.048700229e-06,-1.568882938e-05,1.315024143e-05,3.644987211e-06,-4.681656206e-06,-2.486209615e-06,3.380574249e-07,-2.811871794e-06,-8.570764044e-06
2.366000000e+01,3.130526197e-06,-6.344708888e-06,8.743484311e-07,-8.855240467e-06,-4.702372257e-06,8.604351922e-09,1.829224085e-06,-2.186324809e-05,4.694858339e-06,-2.137882839e-06,-7.310697417e-06,1.191655092e-06
2.367000000e+01,-1.197968081e-05,-4.042807572e-06,8.314909739e-06,-4.247167646e-06,2.863335455e-06,-8.543405394e-08,-1.876576569e-06,5.419905088e-06,-1.728894353e-06,1.717671715e-05,2.136418466e-06,2.934560370e-06
2.368000000e+01,2.059475015e-05,-4.368166683e-06,2.584973414e-06,-1.062584004e-05,9.917732580e-06,1.252516347e-05,4.113433867e-06,5.007000627e-06,4.182481268e-06,4.236355345e-06,9.088280967e-06,1.641804144e-05
2.369000000e+01,3.295588850e-06,4.842339723e-06,1.240646785e-05,4.410860071e-06,5.532946733e-06,-6.297366060e-07,3.592159442e-06,8.954548066e-06,1.267160251e-05,7.856863732e-06,1.304658456e-05,4.743564227e-06
2.370000000e+01,-2.521020730e-06,1.082604417e-06,5.489837739e-06,1.209555647e-06,2.600743719e-06,7.140448080e-07,6.124860617e-06,7.084586833e-06,1.832239789e-05,2.943372102e-06,-4.498883477e-06,1.693939278e-05
2.371000000e+01,3.522168426e-06,3.745321164e-06,5.564574398e-06,-2.310369576e-06,2.016552168e-06,4.635439393e-06,-4.490646683e-06,1.513067251e-06,-3.152553188e-06,-7.966504219e-06,-4.058833789e-06,4.323437722e-06
2.372000000e+01,5.653270192e-06,6.747655297e-07,1.366711444e-05,6.928867227e-06,1.021494432e-06,8.243665413e-06,1.812964814e-06,1.644888311e-06,-6.606698798e-07,-1.566468384e-06,1.610494988e-05,7.683040501e-06
2.373000000e+01,8.370634352e-06,7.354901480e-06,1.191094124e-06,3.303029018e-06,5.977807477e-06,-2.014072835e-06,-1.377219008e-06,2.452885130e-06,2.225515106e-06,1.417522932e-06,-1.317832000e-06,2.292129098e-05
2.374000000e+01,-1.729562404e-06,6.070195475e-06,-3.162636405e-07,5.510000059e-06,-1.404026722e-05,9.289825027e-06,-8.058013354e-06,-8.031693488e-06,-4.093509952e-06,1.361200974e-05,4.842085193e-08,-7.937484414e-06
2.375000000e+01,-4.310905962e-06,-8.635024405e-06,-1.741264415e-06,1.129912690e-06,-5.580843227e-06,1.185950300e-06,-4.446598187e-06,-2.184051086e-06,-5.764046354e-06,5.978851000e-06,7.054590341e-06,4.787255708e-06
2.376000000e+01,-1.283371226e-05,-7.428198492e-06,7.685261165e-06,1.307755539e-06,1.098277363e-05,-9.610985984e-06,-6.193685140e-06,6.029419120e-06,2.418792003e-07,-4.162549481e-06,4.071609414e-06,-1.019212435e-06
2.377000000e+01,-2.583621478e-06,2.238453881e-06,1.551230483e-05,1.336380949e-05,1.296282806e-05,2.071896006e-06,3.818300533e-06,1.764623383e-06,3.363945658e-06,-8.436126815e-10,-7.116721261e-07,1.835594094e-06
2.378000000e+01,6.962308779e-06,-1.073228016e-05,5.659904675e-06,1.050943821e-05,1.079381940e-05,8.167867351e-06,9.492918851e-06,9.292228798e-06,2.077911360e-06,1.688900881e-05,9.168122697e-06,-3.274270277e-07
2.379000000e+01,1.487459477e-05,4.805162156e-06,2.519493467e-06,6.331416275e-06,1.882763817e-05,2.063243549e-06,7.237561780e-06,1.766193894e-05,4.076516341e-06,2.416958917e-06,-1.260744617e-06,1.354431257e-05
2.380000000e+01,5.395564717e-06,-2.635734489e-06,5.090135247e-06,1.644057621e-05,8.809486588e-06,7.489772837e-06,-1.201266654e-05,1.694563273e-05,5.535772763e-06,1.157158922e-05,3.279398442e-06,5.780119898e-06
2.381000000e+01,6.195099508e-07,5.445837570e-06,4.117766333e-06,1.043870746e-05,5.905384155e-07,4.075153169e-06,5.015585065e-06,-4.496449039e-07,3.096748866e-06,6.275534020e-06,1.335566756e-05,2.163004158e-06
2.382000000e+01,-7.696385349e-06,2.558640312e-06,-6.069513976e-07,5.169143438e-06,1.106561097e-07,4.419879090e-06,5.932219940e-06,-6.035896403e-06,-6.853075643e-06,-7.563457601e-06,-8.419076706e-07,2.260906879e-06
2.383000000e+01,-1.334849389e-06,-3.848622647e-06,6.955521824e-06,-1.869363604e-06,-9.794633323e-07,2.743702389e-06,5.296208776e-06,1.804177777e-06,8.386210687e-06,5.394995564e-06,4.920148272e-06,-1.292868795e-05
2.384000000e+01,-1.016624829e-06,-5.905607274e-06,-1.097606545e-05,6.660602842e-06,-1.043894148e-05,-8.168495889e-06,9.774160843e-07,-8.435468627e-06,-9.661201118e-06,7.423868175e-07,-9.675553725e-06,3.874149322e-06
2.385000000e+01,1.470916013e-05,-5.655924468e-06,-2.594424774e-06,-6.568357346e-06,7.549599808e-06,-3.191167632e-06,1.982407246e-06,-1.657234079e-06,1.234011226e-06,-9.719904491e-06,6.554510526e-06,-9.027093859e-06
2.386000000e+01,-5.102107485e-06,-2.744305128e-06,-3.018745031e-06,-6.667049986e-06,-9.165298799e-06,1.606039616e-06,-1.198074560e-05,2.626403769e-06,1.442290293e-06,-1.690479238e-05,-9.290475158e-06,-3.581058320e-06
2.387000000e+01,-8.469741028e-06,-7.661522174e-06,-4.236503199e-06,-2.426534949e-06,-5.039968042e-06,-1.065378975e-05,6.757681609e-06,-1.257980307e-06,-9.500122361e-06,-4.451549927e-06,-8.529396654e-06,-1.069485284e-05
2.388000000e+01,-3.508984337e-06,7.449623395e-06,-1.469826110e-05,-1.434278075e-06,-7.832998528e-06,8.311738000e-10,-1.661403349e-05,2.382779615e-07,-3.537400890e-06,-3.821065890e-06,-1.137720479e-05,5.664652744e-06
2.389000000e+01,2.475394353e-06,-1.854294426e-06,5.537342290e-07,1.117050981e-05,9.763021824e-06,-1.177345634e-06,1.066211699e-05,8.288562675e-06,1.192112315e-05,9.430626627e-06,-7.797455817e-06,-2.031432826e-05
2.390000000e+01,-3.520527474e-06,-1.251158448e-05,-2.132333857e-06,2.577129549e-06,-1.241085674e-05,1.345427876e-05,6.099400218e-06,-4.484163033e-06,4.532309619e-06,1.095573804e-05,-3.434027398e-06,1.446780569e-06
2.391000000e+01,8.486801440e-06,-5.999939237e-06,8.935911454e-06,2.513087915e-06,4.298547271e-06,-1.074972783e-05,1.898285246e-06,8.656251252e-06,6.549838545e-06,1.497559337e-05,2.752144775e-06,-1.072442768e-05
2.392000000e+01,4.644826123e-06,1.131581907e-06,1.270268171e-05,1.639557621e-05,7.511058139e-06,6.889913021e-07,-4.075455997e-06,1.308490909e-06,-7.835077620e-06,-4.467294301e-07,5.787907409e-06,-5.334398031e-07
2.393000000e+01,-8.483547839e-06,-2.031191505e-06,-1.487640697e-05,-2.819092481e-06,-2.441659359e-06,-8.125710557e-06,-1.110161936e-05,-7.384282127e-06,-7.848115746e-06,-1.074526333e-05,-2.530604160e-07,4.334030285e-06
2.394000000e+01,-1.282171308e-05,-3.865155595e-06,-8.251624037e-07,6.270092352e-06,5.510071810e-06,6.769173965e-06,-6.449120777e-06,-3.005612718e-06,-9.840864819e-06,1.559869693e-05,-2.385866795e-06,1.187153649e-06
2.395000000e+01,-3.824628526e-06,-1.212526628e-05,-8.685862223e-06,-1.826261996e-05,-8.723353323e-06,-1.173623638e-06,3.350675532e-06,-4.949451169e-06,4.955050531e-06,-2.624297471e-06,-3.919485797e-07,-4.403746340e-06
2.396000000e+01,-5.356472239e-06,6.769469071e-07,-7.127558223e-06,-1.874160115e-06,-6.673565241e-06,-1.797065795e-05,-1.888871452e-06,-2.829459322e-06,-1.121272990e-06,-1.085370805e-05,7.258179528e-07,-1.616222142e-05
2.397000000e+01,3.400845909e-06,-4.828938726e-06,5.973681914e-06,-9.162628965e-06,-1.337255154e-05,-1.379563142e-05,-2.543310808e-06,-7.045377024e-06,-4.585172647e-06,-1.612434423e-05,-1.812995132e-05,4.185284387e-06
2.398000000e+01,-7.356976948e-07,-2.127188363e-06,-1.115592819e-06,4.141726371e-06,-1.842075797e-06,-1.500743926e-07,-2.720741561e-06,9.421859508e-06,-6.314281120e-06,-1.130234868e-05,-7.482456068e-06,-1.154842188e-06
2.399000000e+01,8.563442429e-06,-1.281341369e-05,-1.092209395e-05,-6.428223616e-06,9.202567114e-06,-7.968623843e-06,-2.120004826e-06,-6.645702792e-06,6.231960622e-06,3.607280571e-06,-8.591113647e-06,-1.031559749e-05
2.400000000e+01,-6.459895264e-06,-1.563357506e-05,-1.792197355e-05,-4.209868947e-06,4.964889003e-06,-7.956142679e-06,-5.446437485e-06,1.019337939e-05,-2.138215154e-06,-1.590087333e-06,-9.158527905e-06,-5.119389336e-06
2.401000000e+01,-3.409060426e-06,2.183576061e-06,4.456368037e-06,4.526208508e-06,4.205944711e-06,2.416824309e-06,2.975739789e-06,1.078971150e-05,-3.225284261e-07,-1.110632609e-06,1.421208248e-05,1.050063422e-05
2.402000000e+01,1.900010829e-05,1.226034402e-05,1.304574339e-05,1.403055787e-05,3.803211911e-06,3.333829945e-06,9.824668730e-06,1.854383390e-06,7.435202163e-07,1.236033090e-05,8.277926811e-06,7.176471364e-07
2.403000000e+01,1.971352475e-05,-1.407973111e-06,5.997981364e-06,6.771084905e-06,1.579966441e-05,2.871634549e-06,1.356065160e-05,1.164976561e-05,1.687364377e-05,3.955440791e-06,4.209407209e-06,-1.223199559e-05
2.404000000e+01,3.838373459e-06,-1.200634936e-06,-1.467973707e-06,5.962368904e-06,9.532663853e-06,-1.274120710e-06,7.810250337e-06,-8.312207592e-06,8.139101515e-07,6.106844842e-06,4.109009486e-06,1.286902160e-05
2.405000000e+01,9.184121148e-06,7.583789788e-06,2.292662082e-06,4.762781248e-06,-6.370488584e-07,6.933208334e-06,-5.731778155e-06,6.596677537e-06,2.975077555e-06,8.344667766e-06,4.932087407e-06,1.095819800e-05
2.406000000e+01,3.839775472e-06,1.175661054e-05,7.612898450e-06,-1.344886206e-06,-1.061184823e-05,9.627366762e-06,8.078586261e-06,-3.701939070e-06,-2.239900815e-06,3.010173494e-06,-2.250031109e-06,1.728824859e-05
2.407000000e+01,6.773098113e-07,6.537061205e-06,-1.568339983e-06,-4.902930674e-06,3.341273613e-06,-1.605423876e-05,-5.204787576e-06,-1.004138545e-05,-5.528549532e-07,-1.430367758e-06,7.425095597e-06,1.036045231e-06
2.408000000e+01,-7.039378026e-07,9.512782657e-06,-5.669607789e-06,-1.384539128e-05,5.571659818e-06,-3.138323197e-06,2.065879181e-05,-6.386551844e-06,3.135109289e-06,-1.259589124e-05,-7.726092720e-06,-8.754707959e-07
2.409000000e+01,1.829029108e-05,4.079242057e-06,-1.329429834e-06,-1.134496723e-05,1.757436078e-06,-3.791299574e-06,-9.122938833e-06,4.118051973e-07,2.465674468e-06,7.166654222e-07,-1.355700852e-05,1.408491211e-05
2.410000000e+01,6.268536478e-06,5.134133867e-06,3.812307902e-06,4.317102017e-06,2.630977386e-06,5.862811198e-06,1.585296250e-05,-5.394966339e-06,1.365243019e-05,3.078260616e-06,-6.738606064e-06,-8.431093065e-06
2.411000000e+01,-1.302558732e-05,1.030922361e-06,4.936258548e-06,4.123176421e-06,2.738545191e-06,-1.427977505e-06,1.423898255e-05,1.037829274e-05,-1.830430828e-06,3.435278405e-06,1.336904000e-05,-3.323731175e-06
2.412000000e+01,5.388943767e-06,6.668454398e-06,-2.755902293e-06,-1.706114351e-06,3.467868412e-06,-2.152936545e-07,1.678271893e-05,-4.133217567e-07,-2.604518934e-06,-3.679468871e-06,1.669591021e-05,-2.082197792e-06
2.413000000e+01,6.385351205e-06,1.794415446e-05,1.147843411e-05,1.303514877e-05,1.015523712e-05,1.015951767e-05,1.256984294e-05,6.201951028e-06,8.857659565e-06,9.454847764e-06,6.016706567e-06,3.792837975e-06
2.414000000e+01,1.194860821e-05,2.921232410e-06,9.727829310e-06,1.818621941e-05,5.359485043e-06,-4.570730202e-06,7.381082634e-06,5.724382368e-06,2.398329444e-06,7.961559365e-06,2.221107003e-07,1.303725909e-05
2.415000000e+01,9.854761051e-06,8.346853532e-06,7.818320097e-06,3.965070999e-07,6.502803987e-06,1.213673969e-05,-1.097546573e-05,-6.065794708e-06,1.138150051e-05,1.248064086e-05,1.598560106e-06,1.252855317e-05
2.416000000e+01,1.278489329e-05,1.075396844e-05,-1.401438576e-05,-6.417463811e-06,6.425725241e-06,-6.407351899e-06,9.542873355e-06,-7.471047404e-06,1.149333816e-06,-1.923379310e-06,4.279571774e-06,-3.621146306e-07
2.417000000e+01,-3.620067590e-06,4.526740372e-07,8.591919748e-06,-3.176907753e-07,2.335264930e-06,1.075449622e-06,-3.501757051e-06,2.977319017e-06,6.932444394e-06,-8.592871038e-07,4.091588826e-06,1.060970133e-06
2.418000000e+01,-9.358450092e-06,-7.157815072e-06,3.479106620e-06,-8.282976302e-06,5.168137612e-06,-3.687405414e-06,4.003711108e-06,3.957953444e-06,7.215025351e-07,-6.557684431e-06,-1.391408461e-05,3.143244343e-06
2.419000000e+01,-8.078293828e-06,-3.963702214e-06,8.586475013e-07,-1.161817696e-05,3.090809372e-07,6.150730556e-06,-9.711375251e-06,-1.128291433e-05,-4.279134265e-06,1.566695786e-06,1.589938337e-05,-5.187562447e-06
2.420000000e+01,-4.935473772e-06,-1.206766949e-05,1.086166452e-05,-5.276200159e-06,-1.203429543e-05,-8.470630834e-06,-9.342569983e-06,-7.777210605e-06,-1.231760433e-05,5.231327814e-06,1.745541914e-06,-1.980932710e-05
2.421000000e+01,-3.754936212e-06,-4.981745950e-06,-5.750667480e-06,-9.691583316e-06,-1.493555263e-05,-1.500202744e-05,-1.189793077e-05,-4.972231919e-06,-1.056026843e-05,-1.547640221e-05,5.089446291e-06,6.528144750e-06
2.422000000e+01,5.048799638e-06,8.345864000e-06,-3.084819603e-06,-2.480578443e-06,-8.914794496e-06,-8.906521265e-06,-7.013668952e-06,-6.805034001e-06,-8.705136688e-06,2.525386489e-06,-1.059128665e-05,-2.346641001e-06
2.423000000e+01,6.803319404e-06,-2.966431125e-06,-3.738851196e-06,4.730309942e-07,4.217626719e-06,-1.005081043e-05,-9.263172997e-06,-6.258464492e-06,5.455047830e-06,-3.240578824e-07,-1.006824135e-05,1.093204622e-05
2.424000000e+01,1.033157289e-05,4.913773332e-06,-6.446991474e-07,1.891942746e-06,2.675418094e-06,7.256244693e-06,3.060282215e-06,-4.245992960e-06,6.036136052e-06,9.401344390e-07,3.000322790e-06,-2.615592827e-06
2.425000000e+01,9.381793311e-06,1.152867236e-06,-2.670965417e-06,2.419811696e-06,-5.103459319e-06,-2.600445427e-06,5.739392954e-06,-2.652502449e-06,1.335318026e-05,6.359655012e-06,6.729497384e-06,2.163797432e-06
2.426000000e+01,6.729369289e-06,9.858339087e-07,5.070672397e-06,5.910094951e-06,7.506356252e-06,1.206704045e-05,-2.507161139e-06,-1.124446042e-05,5.098547021e-06,-7.019760470e-06,1.021257681e-05,-2.270083711e-06
2.427000000e+01,3.536774006e-06,-3.134225809e-06,8.845132521e-06,-1.673664484e-05,-9.859094360e-06,-6.750238173e-06,-2.983055177e-06,4.108698270e-06,-1.994219595e-06,7.766460953e-06,-6.565604670e-06,1.138369175e-06
2.428000000e+01,-4.501512538e-07,9.537289486e-06,-4.837408605e-06,-5.009974218e-06,7.488326907e-06,1.365862833e-05,-8.235472899e-06,-5.884504885e-06,-1.567740926e-07,-9.341666912e-06,-9.577631349e-06,2.945914797e-06
2.429000000e+01,2.098745258e-06,-5.016841190e-06,-3.216800852e-06,-4.810837163e-06,-1.371335593e-05,-5.430504414e-06,-1.000765318e-05,4.403995193e-06,1.432276312e-05,-7.427442750e-06,2.797462097e-06,-1.582421925e-05
2.430000000e+01,-1.889754291e-06,-4.290384709e-06,-4.594039864e-06,-1.742718445e-05,-5.130229018e-06,-1.457593203e-05,-1.463818274e-05,-1.679983288e-06,-1.772753825e-05,-7.783684276e-06,-9.962408947e-06,-4.768080904e-06
2.431000000e+01,-7.932865908e-06,-2.864422389e-06,-1.489502934e-05,-1.335261404e-06,-3.231037558e-07,-6.924380279e-06,1.218685524e-06,-1.421876515e-05,-1.358972767e-06,1.416500912e-06,8.782852225e-06,-8.246127692e-06
2.432000000e+01,-3.108384583e-06,-3.502772730e-06,-1.029436158e-05,9.264499130e-07,1.036378042e-06,-2.879051453e-06,-1.751055382e-05,7.859368281e-06,-1.451749277e-05,-8.886866843e-06,-5.599241116e-06,-8.144332124e-06
2.433000000e+01,-7.680499277e-06,2.854316167e-07,1.233065183e-05,3.156902935e-07,-1.143386428e-05,4.087423665e-07,8.899431184e-06,-6.635020025e-06,1.951442222e-06,3.344323742e-06,6.167365605e-06,8.987479197e-07
2.434000000e+01,5.969536034e-06,-7.787554938e-06,3.780279800e-06,-7.125296061e-08,5.373590185e-06,3.414523885e-06,3.683425123e-07,1.147501855e-05,2.277467784e-06,-8.517728276e-07,1.519264085e-06,4.317954056e-06
2.435000000e+01,1.172682651e-05,-4.004307169e-06,1.552775944e-05,1.599224588e-05,4.875254133e-06,1.519006710e-05,6.247890979e-06,7.465434611e-06,5.288409422e-06,-8.739804087e-07,-2.988203460e-06,-1.575265621e-06
2.436000000e+01,1.959139837e-05,1.029002160e-05,1.693065414e-05,1.969237194e-05,6.721694373e-06,1.570885669e-05,1.236242723e-05,-3.441068740e-06,1.534453902e-05,-2.626552419e-06,-6.972961908e-06,5.165051890e-07
2.437000000e+01,1.315245520e-05,4.677117977e-06,3.844958403e-06,-2.431629226e-06,5.288545188e-06,1.172215132e-05,7.339632080e-06,1.626761579e-06,5.002201353e-07,2.888273401e-06,3.417793558e-06,1.004596414e-05
2.438000000e+01,4.121329128e-06,-6.515099527e-06,1.004820481e-05,-2.145795070e-06,-7.641584069e-06,7.878007412e-06,1.066549165e-05,4.714776533e-06,1.257682852e-05,-3.879201472e-06,4.244961725e-06,9.524391647e-06
2.439000000e+01,5.274333308e-08,5.707033538e-06,1.434289283e-06,-4.581110416e-06,4.781787226e-07,-5.405588115e-06,-6.253106141e-07,5.295145013e-06,4.626117058e-07,-3.550983887e-09,1.262112237e-05,8.716523277e-06
2.440000000e+01,8.723995981e-06,-6.544719201e-06,3.077806494e-06,9.933655881e-06,-3.414748127e-06,-1.917886239e-06,-6.487687411e-06,1.197744422e-05,-7.745403415e-06,-3.177432753e-06,7.362596726e-06,9.740601060e-06
2.441000000e+01,8.694262544e-07,-7.606085693e-06,4.291562418e-06,4.446490993e-06,-6.687507742e-06,2.805244082e-06,4.644445363e-06,1.352706237e-06,-5.103111540e-07,-1.008665824e-05,-2.373683248e-06,5.302798944e-06
2.442000000e+01,-3.010904343e-06,-4.739294847e-06,-6.449263678e-06,1.803741307e-06,5.538296375e-06,5.722227877e-06,-5.968492161e-06,3.683140266e-06,-1.501203105e-06,-9.326533356e-06,-3.725185279e-06,5.297580713e-06
2.443000000e+01,-2.356966292e-06,-4.475898287e-06,-4.123264397e-06,-1.233258152e-05,-4.739293996e-06,1.770300678e-06,-1.073401166e-06,-9.409422259e-06,-8.887061943e-06,6.009779952e-06,-3.786585262e-06,9.934301037e-07
2.444000000e+01,2.429000278e-06,-6.195018673e-06,6.926486815e-06,2.073083488e-06,-1.704943240e-06,3.827648095e-06,1.186656823e-05,8.490161504e-06,-1.175827257e-05,1.846789509e-06,4.422982484e-06,1.517491897e-05
2.445000000e+01,1.529771614e-05,8.168270835e-06,9.593797922e-06,8.127890643e-06,7.777714999e-06,1.182240923e-06,-1.018564965e-05,1.108247128e-05,1.694935109e-06,7.027344204e-06,1.068344684e-05,-5.523343588e-06
2.446000000e+01,8.060319886e-06,3.535779775e-06,3.497574518e-06,-7.073747842e-06,1.001278359e-05,6.791807373e-06,1.057491412e-05,1.648791780e-05,1.775419439e-06,-4.323781599e-06,-3.607157738e-06,7.746883371e-06
2.447000000e+01,1.291494904e-05,8.289541543e-06,-3.614846259e-06,-1.581508874e-06,-8.254395002e-06,3.493177669e-06,4.690704878e-06,1.373992221e-05,6.598378000e-06,1.674547749e-05,1.039397535e-05,2.577570868e-06
2.448000000e+01,1.217431023e-07,-4.309718310e-06,-1.064248741e-07,5.616852695e-07,2.189238304e-05,6.032961128e-06,6.371769729e-06,2.491041101e-06,-4.108096853e-06,1.986452315e-05,7.716824069e-06,-1.180810645e-06
2.449000000e+01,8.819138516e-06,6.847510580e-06,9.536436192e-06,1.181464710e-05,-4.464911931e-06,2.651370265e-06,4.809234944e-06,8.831618443e-07,6.688817315e-06,1.261072865e-05,6.568158380e-06,-1.423373040e-05
2.450000000e+01,-4.514363000e-06,4.619051407e-06,1.381573822e-05,1.321607616e-05,-1.529135339e-05,5.732800354e-06,1.726101842e-05,-3.597643457e-06,-7.463892315e-06,4.913021541e-06,-1.368304922e-05,-1.177940319e-05
2.451000000e+01,-1.488897644e-05,-1.885818823e-05,-5.573694360e-06,-1.735740185e-06,-5.528368836e-06,-2.117994632e-06,-7.396436930e-06,-3.660618688e-06,-3.671362590e-06,-3.945325257e-06,-4.689566278e-07,8.445741585e-06
2.452000000e+01,1.581193713e-06,-1.607698223e-05,-1.106823529e-06,-4.218649507e-06,-1.370608691e-05,-3.232884925e-06,-1.322207419e-05,-7.799631631e-06,-7.805753634e-06,-2.800177692e-06,-5.855802340e-06,-9.410859963e-06
2.453000000e+01,8.082161933e-06,-2.127227692e-06,-1.030975157e-05,4.700040771e-06,3.433615137e-06,-2.014112780e-06,-1.729077400e-06,-9.251736704e-06,-1.578495903e-05,1.119476640e-05,-6.052053604e-06,-8.705177349e-06
2.454000000e+01,-4.248875936e-06,-5.228726040e-06,-9.103206320e-06,-1.926801879e-06,-5.624054295e-06,-9.213960861e-06,-7.681794407e-06,1.394398911e-06,-2.936605515e-06,-7.115926652e-06,-2.412989361e-05,6.656700734e-06
2.455000000e+01,-1.566164635e-05,4.352664694e-06,-2.416106647e-05,-8.970830552e-06,-2.603153071e-06,-1.905725756e-05,1.200785919e-06,-6.993926565e-06,-1.608121161e-05,-1.692419321e-05,8.854313586e-06,-4.740407933e-06
2.456000000e+01,-1.628629506e-06,-5.414798259e-06,-4.122797578e-06,-1.552316821e-05,1.322490665e-08,7.167114122e-06,5.849070158e-07,-7.937118223e-06,5.195742898e-06,2.573008519e-06,-4.791058666e-06,-6.718353476e-06
2.457000000e+01,-1.186275756e-05,9.122713224e-06,2.960932472e-06,1.008314017e-06,-2.623121937e-06,4.827586897e-06,-2.004526142e-06,-2.582423261e-06,2.089195179e-06,-6.868214684e-06,1.248908942e-05,-1.113216179e-05
2.458000000e+01,-7.209677145e-06,-4.336473213e-06,-4.210310799e-06,2.250553357e-06,4.655446800e-06,-4.966484162e-06,-3.277139150e-07,-5.238690485e-06,4.377317884e-06,1.562170505e-05,2.784200569e-07,8.631429703e-06
2.459000000e+01,-5.852422976e-06,2.714010395e-06,-3.947708438e-06,1.317825980e-05,-7.374514107e-06,-1.058480659e-05,1.413770820e-05,3.885902331e-06,-2.681275686e-06,9.203178575e-06,-1.261379493e-05,2.537568648e-06
2.460000000e+01,-3.354334118e-06,4.290912604e-06,5.292363656e-06,-3.405969673e-06,-5.873692640e-06,-1.292969486e-06,7.363298035e-06,-8.853635010e-07,2.921400600e-06,-9.294455074e-06,1.999749768e-06,-6.276558215e-06
2.461000000e+01,-7.967230474e-06,2.140199236e-06,-1.285539649e-05,-1.068177971e-05,-2.208594771e-06,-9.118308984e-06,-7.337245798e-07,-4.094731099e-06,-3.899016103e-06,-9.867070558e-06,5.174334055e-07,4.800052500e-06
2.462000000e+01,1.959863422e-06,1.681282048e-06,-8.721565070e-06,-1.136744945e-05,-6.433694206e-06,-2.820714770e-06,-2.219876597e-07,8.186043835e-06,-3.438515155e-06,3.238632276e-06,1.311351278e-06,4.495483895e-06
2.463000000e+01,-1.416592439e-05,-7.397195615e-06,-1.885997326e-06,-3.333484929e-06,-9.447067246e-06,3.076184602e-06,-7.381093909e-06,-7.872131100e-06,-1.481223188e-06,5.435979236e-06,-5.120669226e-06,-1.560926260e-06
2.464000000e+01,1.415079186e-07,-6.308134644e-06,-1.390476905e-05,-9.646540601e-06,-1.251358275e-05,-1.722486736e-06,-1.046227054e-05,-1.122461104e-05,-1.009577847e-05,-4.123101142e-06,-1.026708537e-05,-1.450238565e-05
2.465000000e+01,-1.020100272e-05,-6.660546135e-06,9.607227734e-06,-1.009295808e-05,-1.177858283e-05,-8.425349981e-06,-5.693744674e-06,-9.999926450e-06,-6.314131315e-06,-2.426258207e-06,-7.269704393e-06,-1.465849262e-05
2.466000000e+01,-4.193063388e-06,-5.347148436e-06,-1.853934814e-06,-5.452396523e-06,3.099230069e-06,-4.871821321e-06,-2.482648436e-06,8.597341651e-06,-2.875508839e-07,1.443757430e-05,-4.768891364e-06,6.143492482e-06
2.467000000e+01,5.809290392e-06,4.842554293e-06,4.156153556e-06,-3.988454190e-06,-3.221278058e-06,1.291541149e-05,-2.260270372e-06,1.168403665e-05,1.166055351e-05,3.978468403e-06,-5.831620185e-06,1.121650166e-06
2.468000000e+01,7.767153075e-06,1.484830046e-05,1.151247115e-05,1.160204603e-05,8.080046459e-06,7.049252880e-06,1.350643768e-05,1.864895898e-05,-5.370138233e-06,9.468233905e-07,-6.035947513e-06,7.747582381e-06
2.469000000e+01,1.137667946e-06,1.331036701e-05,7.119232950e-06,-6.954146440e-07,8.565413413e-06,8.863778932e-06,1.153099864e-05,4.262767750e-06,-1.054869221e-05,7.332869225e-06,1.363796197e-05,1.042612238e-05
2.470000000e+01,1.769510004e-05,1.315248436e-05,9.049901798e-06,-6.039274221e-06,9.890575351e-06,2.211336805e-06,4.982234207e-06,-7.646396254e-07,8.919101380e-06,3.071559686e-06,-6.635632181e-07,1.270273289e-05
2.471000000e+01,1.241640748e-05,-5.715383204e-07,1.004664041e-05,-8.643357513e-06,1.131074376e-05,9.240241265e-06,1.499516517e-06,6.399986434e-06,9.846596252e-06,1.443295328e-06,6.546598316e-06,6.355982774e-06
2.472000000e+01,-2.488279712e-06,1.145422627e-05,2.734894323e-06,-2.459902629e-06,2.408509570e-06,1.001320005e-05,-9.215849462e-06,3.872375062e-06,7.004798931e-06,1.232934808e-05,4.417503438e-07,3.174199145e-06
2.473000000e+01,-4.858146165e-07,6.929042925e-06,-8.268906504e-06,5.018095455e-06,3.318318951e-06,-4.584347396e-06,4.676887528e-06,8.372427007e-06,1.922309393e-06,4.300417539e-06,8.421303292e-06,2.146179793e-06
2.474000000e+01,7.648137805e-06,-8.808598174e-06,-1.557531002e-05,1.690940897e-05,-5.601304646e-06,5.749050366e-06,-5.368138007e-07,-7.043691933e-06,2.139376794e-07,2.764051286e-06,-1.749667689e-06,9.858786996e-07
2.475000000e+01,1.419693659e-06,-1.035825979e-05,-1.733138934e-05,-1.185885126e-05,-7.303347542e-06,1.732650579e-06,2.958533184e-06,3.230209399e-06,-6.239146151e-06,-8.269733845e-06,-5.994844539e-06,-3.886992024e-06
2.476000000e+01,-8.496372352e-06,1.131659630e-06,-3.966984147e-06,-1.338921103e-06,1.697624668e-06,1.160622602e-05,2.651747557e-06,-8.355386643e-06,-2.178596442e-06,-1.465615176e-05,1.710260180e-06,4.312109057e-06
2.477000000e+01,1.239472979e-05,5.847165945e-08,-4.366728261e-06,-6.938213330e-06,1.296017500e-06,-1.017911368e-05,1.610838110e-06,-9.590545506e-06,-3.941600853e-06,6.545323936e-06,-3.690804905e-06,-2.660030622e-06
2.478000000e+01,-8.971606224e-06,1.915147992e-07,6.631287491e-06,1.245562340e-05,4.848488641e-06,1.837092203e-05,1.042969401e-05,4.437632331e-06,8.242810027e-06,-1.515523235e-05,5.699473067e-06,-2.368356551e-06
2.479000000e+01,-9.341719598e-07,-6.975490886e-06,7.080128757e-06,-2.657916722e-07,3.600413332e-06,-4.305289700e-06,1.046181191e-05,5.872486764e-06,9.093051178e-07,7.372030160e-06,-4.841854185e-06,1.499704970e-05
2.480000000e+01,2.570391629e-06,4.193889646e-06,2.743784041e-06,1.645680987e-05,8.516974379e-06,7.207955159e-06,4.573622483e-06,4.564697539e-06,5.746830937e-06,-2.521706735e-06,-5.528521139e-06,1.002085795e-05
2.481000000e+01,1.460252172e-05,1.280337844e-06,-2.668904095e-06,4.452650724e-06,-8.028025884e-07,-2.455333897e-06,2.168956618e-05,9.572228160e-06,-2.347602119e-06,8.991135439e-06,-1.683214141e-05,1.099760412e-05
2.482000000e+01,-1.015551708e-07,-7.737702564e-06,1.671098199e-05,2.278646083e-06,1.310962321e-05,-1.866506381e-06,-1.996266471e-06,2.719519211e-06,-3.678086301e-06,9.778577937e-06,6.930203814e-06,-2.004645715e-06
2.483000000e+01,-2.530151115e-06,-3.248329482e-06,-9.073468583e-06,8.691347159e-06,1.685780687e-05,8.371570902e-06,-7.638867399e-07,8.208491885e-06,-6.018918960e-06,3.171790183e-06,7.140443334e-06,-5.171442000e-06
2.484000000e+01,-3.979175799e-06,-1.080589149e-05,-5.458905566e-06,-8.521284387e-06,1.827284913e-05,7.368860231e-06,1.387385353e-06,-1.749265511e-07,-1.298247058e-05,-5.675643466e-06,-1.096631103e-05,-8.120256587e-06
2.485000000e+01,-4.695710770e-06,1.054761237e-05,-9.037665742e-06,-3.079248935e-06,-1.212893693e-05,-1.521064218e-05,-1.407827358e-05,3.310383637e-06,-1.767914745e-05,-1.388303246e-05,-2.992989425e-06,-1.306359356e-05
2.486000000e+01,-8.307609413e-06,-6.507457704e-06,-9.305396962e-06,-1.746825008e-05,-1.419122798e-05,3.388415043e-06,-8.344281841e-06,-6.890039887e-06,-2.419940373e-06,-5.301594543e-06,-4.485870491e-06,-9.094264631e-06
2.487000000e+01,-8.681569829e-06,-4.182049155e-06,-1.461265062e-05,-1.396668756e-05,-1.364299929e-05,-5.166301253e-06,-6.520039232e-06,-1.321750937e-05,-4.241546162e-06,-8.236016193e-06,-2.015284030e-05,-6.875149315e-06
2.488000000e+01,-1.562386071e-05,6.228246505e-06,-1.011527939e-05,-7.929731487e-06,1.511786771e-06,4.748565057e-06,-1.663751353e-06,-2.699196336e-06,-1.217397161e-05,4.004378505e-06,7.758180013e-06,-8.905379402e-06
2.489000000e+01,-3.531633941e-06,-7.494758641e-06,-7.489919684e-06,-4.770029295e-06,-3.005035649e-06,5.105966630e-06,-7.326590283e-06,-9.581453323e-06,-7.420315716e-06,5.434569554e-06,1.781088085e-06,5.062864806e-06
2.490000000e+01,-7.142980887e-06,2.559780254e-06,-4.631969157e-06,1.382738660e-05,3.683676124e-06,-3.621337123e-06,3.605766213e-06,1.014852266e-06,1.401150047e-06,4.935572798e-06,-9.282229117e-06,1.303716058e-06
2.491000000e+01,4.202647738e-06,2.044250299e-06,1.324097957e-06,3.202072237e-06,1.107432307e-06,-2.394117327e-06,-8.874579817e-06,1.967948160e-06,5.312657960e-07,1.296212461e-05,-8.002196749e-06,3.622540803e-06
2.492000000e+01,5.976259587e-06,4.332200578e-06,5.056507329e-06,-4.464824720e-06,1.192796705e-05,3.750858184e-06,-8.033649157e-06,-9.745717811e-06,8.025628552e-06,3.793841510e-08,5.118915847e-06,4.526481342e-06
2.493000000e+01,3.366901947e-06,-1.240188946e-05,-3.639011804e-06,-7.580898760e-06,1.052271683e-05,6.290939728e-07,6.120053257e-06,-6.698580205e-07,4.357863844e-06,5.398500210e-06,-4.042809137e-06,1.180862645e-05
2.494000000e+01,-6.769306158e-06,-4.780443659e-06,-8.574595027e-07,9.267393932e-07,3.687092992e-06,8.869493236e-06,-1.284372011e-05,-1.429034406e-06,3.207640989e-07,-4.970406441e-06,-4.017671920e-06,-3.818111905e-07
2.495000000e+01,-3.467921934e-06,1.355457728e-06,4.167231043e-06,-1.815572865e-06,1.481451091e-05,-5.495838247e-06,-4.726642760e-06,6.562522286e-06,-8.977298926e-06,-8.052942840e-06,4.458962854e-06,-8.181795422e-06
2.496000000e+01,-1.075089617e-05,-4.454981402e-06,-1.305243857e-06,3.276358311e-06,-1.340025615e-05,-6.556785615e-06,-7.468946322e-06,-4.458707048e-06,-1.272352469e-05,2.647300316e-06,-5.568976912e-06,-3.531445497e-06
2.497000000e+01,1.599601380e-06,-1.566489027e-05,1.902286586e-06,-6.864866116e-06,-1.713528228e-05,-2.211863047e-06,-1.232483923e-05,-2.198640382e-07,-1.243293638e-05,-1.039563505e-08,3.787527190e-06,-6.747023278e-06
2.498000000e+01,5.025952978e-06,-1.215161172e-05,-1.057466102e-05,-7.689595769e-06,-4.307101595e-06,-4.980343528e-06,-9.271690884e-07,-1.830630518e-05,-3.387673643e-06,-2.907708438e-06,-1.729785879e-05,-8.917868481e-07
2.499000000e+01,-1.281918262e-05,-9.441176843e-07,-1.335019204e-06,-3.111922603e-06,4.934446314e-06,-3.380363885e-06,-1.095877455e-05,2.492913680e-06,3.101026962e-06,1.816508413e-05,-5.447083409e-06,-8.588456735e-07
2.500000000e+01,-6.104927394e-06,-8.934237724e-06,1.329326925e-06,7.987994887e-06,1.299622926e-05,7.080398147e-06,-1.196759603e-05,1.031929077e-05,-5.096468434e-06,-4.717021533e-06,-3.237993939e-06,2.238226903e-06
2.501000000e+01,2.415518129e-06,5.440201471e-06,1.039012342e-05,6.491724954e-06,-1.977305244e-06,1.207818654e-05,1.522159660e-05,-6.978062691e-06,8.217724803e-06,1.080171748e-05,-7.426000691e-06,1.140269621e-05
2.502000000e+01,6.581353458e-06,1.389984279e-05,-6.769002239e-06,-2.547928406e-07,1.379458941e-05,1.142631750e-06,1.694931195e-06,1.089714579e-05,3.914585422e-06,-4.191900175e-07,7.383863570e-06,-6.787439028e-06
2.503000000e+01,9.238362690e-06,1.464175187e-05,-1.707342890e-06,-3.392534600e-08,1.093996782e-05,4.509728427e-06,1.392650792e-05,1.573527947e-06,6.954406418e-06,1.872874318e-05,9.210123918e-06,8.951170519e-06
2.504000000e+01,7.360565575e-06,2.651929857e-05,8.067928078e-07,1.326697275e-05,2.683956311e-06,1.126616716e-05,1.515602988e-05,1.728388671e-06,7.083959901e-06,3.706305468e-06,1.353345843e-05,9.773847286e-06
2.505000000e+01,8.817795858e-06,3.256384704e-06,8.699168496e-06,2.584537505e-05,-7.458841971e-06,5.076924498e-06,1.148147903e-05,4.541583324e-06,-2.193086474e-06,-6.312992076e-06,-2.922432984e-06,-1.586817077e-06
2.506000000e+01,4.484779933e-06,-8.875643709e-07,1.163289063e-05,-1.355224548e-05,-3.411202213e-06,-8.914178763e-06,-1.401179197e-05,4.754332237e-06,1.385460830e-05,4.339743213e-07,-4.045899739e-06,-5.754899867e-07
2.507000000e+01,-2.697561835e-06,5.242045420e-06,-3.180877540e-06,3.179285163e-06,-4.800962187e-06,-5.321337066e-06,-2.655954426e-06,-2.308004765e-06,4.062484347e-06,7.414267771e-06,7.007054567e-06,2.022477332e-06
2.508000000e+01,1.827982487e-05,-9.644600381e-06,-6.884426083e-06,-4.406841861e-06,-1.167747452e-05,-4.767483660e-06,-7.008360036e-06,1.223408586e-05,1.005937696e-06,4.641980366e-06,2.094977913e-06,2.658828064e-06
2.509000000e+01,-1.577283422e-05,-2.067954933e-06,8.114528266e-06,-1.899577948e-06,-7.684244720e-06,-4.342946554e-06,-5.126398660e-06,1.831543431e-06,-3.098215103e-06,1.016258646e-05,-1.661148420e-06,-7.654162625e-06
2.510000000e+01,9.263124271e-06,-6.485240017e-07,-9.115246566e-06,-9.969806151e-06,-9.496675906e-06,-1.893839699e-06,-4.764316235e-06,-8.346785911e-06,1.020422667e-05,1.133213113e-06,3.055375593e-06,3.387641877e-06
2.511000000e+01,-3.795841387e-07,1.251244308e-05,-2.997127068e-06,-6.973813738e-07,4.956467119e-06,-4.408033328e-06,5.749026091e-06,4.913317287e-07,1.557539379e-06,-5.558782207e-06,5.199930337e-06,-1.633860431e-05
2.512000000e+01,-7.103587489e-06,9.964311577e-07,1.982825762e-06,6.751189220e-06,2.694323254e-06,3.306617144e-06,6.648860695e-06,9.416788118e-06,4.675284388e-06,4.902906317e-06,-8.041660377e-07,7.351653970e-06
2.513000000e+01,5.395514262e-06,2.105501041e-05,-1.572405175e-06,-6.172405863e-06,-8.853464377e-06,8.607554872e-06,1.048856487e-05,9.744716759e-06,7.597687101e-06,3.072548299e-06,1.727497484e-06,1.407557266e-05
2.514000000e+01,-7.440161936e-06,5.946271005e-06,8.045626776e-06,1.307170348e-05,1.535645219e-05,2.952149354e-06,8.510504870e-06,1.873758919e-05,9.683425140e-06,1.152711462e-05,-9.552824020e-07,9.082995374e-06
2.515000000e+01,8.967335291e-06,-6.960264459e-07,-5.084555052e-06,4.362220346e-06,-7.189263052e-07,7.042768303e-06,5.207854178e-06,2.989101777e-06,-7.378785449e-06,8.745808730e-06,6.563071962e-06,1.390594034e-05
2.516000000e+01,-2.783705247e-06,1.122881817e-05,4.332884178e-06,-4.320540889e-06,2.260472565e-06,-4.077195489e-06,9.678783306e-06,1.360104581e-07,1.370509321e-05,6.893922530e-06,1.709151188e-05,4.527347479e-06
2.517000000e+01,-5.689352329e-06,-5.379558859e-06,-7.009656254e-06,-6.855327527e-06,-2.012128116e-06,8.678696794e-06,-8.676018405e-07,1.943847996e-06,1.805801677e-05,-1.632536132e-05,-6.533474568e-06,1.963009389e-06
2.518000000e+01,-2.884361292e-06,3.736106187e-06,-8.918816940e-06,-1.166607909e-05,4.523500120e-07,-9.508317588e-06,1.968087399e-07,-1.513284329e-05,-1.568572464e-06,-1.819798389e-05,-9.200474255e-06,-8.060519472e-06
2.519000000e+01,-3.288137830e-06,-1.225400043e-05,-4.995224119e-06,8.279034680e-07,-4.630944091e-06,-5.512505396e-06,-9.765877146e-06,-1.304203230e-05,-1.113164104e-05,-3.915879110e-06,-2.542253158e-05,-2.363107025e-06
2.520000000e+01,3.633500912e-06,-1.045315491e-05,-1.214597742e-05,-1.004032459e-05,-1.354681965e-05,-3.380104287e-07,2.540610613e-06,-5.600233512e-06,-2.336775824e-06,3.284956242e-06,-1.207018694e-05,3.356170700e-06
2.521000000e+01,-8.820021305e-06,-7.556483055e-06,8.052521334e-06,2.824398771e-07,-4.389574397e-07,4.042538836e-06,-1.759933020e-05,-2.986204953e-06,-5.501738334e-06,-6.840888841e-06,2.856317158e-06,1.715681724e-06
2.522000000e+01,8.397419497e-06,-8.860982981e-06,-8.483251777e-06,-2.526766276e-06,-1.069556021e-05,1.957787008e-06,-5.002201127e-06,-1.564988363e-05,-3.643588115e-06,-1.126547545e-05,-1.855031397e-06,-1.532300257e-05
2.523000000e+01,-5.961192530e-06,1.408471881e-07,-2.449602950e-06,-1.074168522e-05,1.212582036e-05,3.295964715e-06,1.628977006e-06,-1.500373768e-07,2.851857354e-06,3.890457989e-06,-7.477577377e-06,7.449823495e-06
2.524000000e+01,-3.951882605e-06,-5.572153279e-06,1.808895993e-05,1.923983840e-06,-9.399746090e-06,-7.016454692e-06,7.684886926e-06,-5.131330378e-07,3.612583603e-06,-1.869452055e-06,9.757175756e-06,-8.672151750e-07
2.525000000e+01,5.947615723e-06,5.670555531e-06,-6.180951601e-06,-1.678709549e-05,-1.822989646e-06,-5.396560131e-08,-1.326552688e-05,-6.411558580e-06,1.852670659e-06,8.710162752e-06,-3.121027994e-06,2.603242186e-06
2.526000000e+01,5.345003480e-07,7.310771889e-07,4.953964550e-07,4.625739094e-06,-8.318679521e-06,-5.863176585e-06,-1.007366356e-06,4.361785284e-06,-1.153076304e-05,9.397335144e-06,8.836852202e-06,5.061343142e-06
2.527000000e+01,5.970633834e-06,5.715747568e-06,-2.661857234e-06,-4.040756998e-07,-1.865224547e-06,-1.825649106e-06,1.946521061e-06,-1.612244300e-05,5.200828579e-06,3.783611676e-06,1.921938683e-05,-1.486746145e-05
2.528000000e+01,1.114394905e-05,1.818398033e-05,-1.800940732e-05,2.304905013e-06,1.649143072e-05,3.709725401e-06,2.586278644e-06,7.062066761e-06,-2.039179358e-06,-7.561209775e-06,5.124063205e-06,3.413699684e-06
2.529000000e+01,4.635065533e-06,-2.039680744e-05,-2.388168990e-06,-1.513400415e-06,3.840890964e-06,-4.000197120e-06,-5.704168957e-06,2.675373265e-06,-1.700216012e-05,1.038039281e-05,-6.635573093e-06,-8.897481393e-07
2.530000000e+01,8.401987180e-07,-9.290845710e-06,-8.012974241e-06,-6.596387628e-06,-1.822543383e-05,-5.841751574e-06,-8.519373956e-06,-3.532483813e-06,-1.645654187e-05,5.728123625e-06,5.211227998e-06,-1.927903373e-05
2.531000000e+01,2.324501483e-06,-8.300416638e-06,-1.114250923e-05,-1.712150507e-06,-1.936540135e-05,-1.741450293e-05,-5.661130208e-06,-3.692515108e-06,-1.753324297e-05,2.203670048e-06,-8.055148415e-06,-3.316056916e-06
2.532000000e+01,-5.936844556e-06,-6.240342799e-06,7.220925574e-06,-1.055407127e-05,6.064285887e-06,-2.944191607e-06,2.531224177e-06,-1.269998562e-05,-2.396442821e-06,2.190988771e-06,-5.225503598e-06,-8.925952821e-06
2.533000000e+01,-3.878704351e-06,4.670340725e-06,-1.243618770e-05,2.443448406e-06,1.417442853e-05,-2.035235233e-06,-3.133308885e-06,4.359362978e-06,-7.157615822e-06,-1.208126367e-05,-8.830934349e-06,-4.055729434e-06
2.534000000e+01,7.166053359e-06,1.112466914e-05,6.031964992e-06,4.134579273e-06,1.000308983e-05,4.868228794e-06,2.879433242e-06,-2.318696835e-06,-9.267172598e-06,-1.275954186e-05,-1.013769551e-06,1.635572933e-06
2.535000000e+01,4.766914530e-06,-3.951766127e-07,1.308597754e-05,-6.476336725e-06,1.041357676e-05,7.222505761e-06,4.767455446e-06,-7.808771947e-06,-7.069394777e-06,-2.558404334e-06,7.740786891e-06,1.389513965e-06
2.536000000e+01,1.088407861e-05,-8.632388174e-06,8.391083917e-06,4.189246493e-06,-6.752612979e-06,-5.218179988e-07,6.199440778e-07,4.985485341e-06,6.079473893e-06,7.536616512e-06,1.279872691e-05,-4.715571065e-06
2.537000000e+01,9.371861278e-06,3.374511536e-06,1.153334181e-05,1.545305579e-05,5.813727877e-06,1.187174481e-05,4.623856133e-06,3.620147147e-06,-4.533935062e-06,-1.497087507e-06,-4.873286118e-07,6.078625821e-06
2.538000000e+01,-8.407317562e-06,6.856721925e-06,9.552152666e-06,4.882130053e-06,-4.103734686e-06,4.074829120e-06,2.095504962e-05,1.451805741e-05,5.710800239e-06,1.306044185e-05,2.551772974e-05,3.772086697e-06
2.539000000e+01,3.362409075e-06,7.927366893e-06,5.942650837e-06,1.334000911e-05,-6.521719817e-06,2.788979904e-06,3.049120468e-06,7.594720761e-06,1.083591518e-05,1.425174241e-06,4.370818755e-06,4.216838445e-06
2.540000000e+01,1.431394794e-05,-3.149544067e-06,8.583954949e-06,4.602559686e-06,-2.884305533e-07,2.882830426e-06,-2.722505093e-06,7.980085451e-06,-1.001904256e-05,-5.408520679e-06,-1.080601082e-05,3.190653359e-06
2.541000000e+01,4.550887712e-06,-1.387094230e-06,3.582954827e-06,6.779050213e-06,2.564768129e-06,-3.694618156e-06,-6.722842584e-06,-6.003584559e-06,-5.377351831e-06,-6.151277898e-06,1.151058706e-05,4.708045788e-06
2.542000000e+01,-4.087674011e-06,-1.715242965e-08,5.990520009e-06,-6.864195404e-06,-7.511653259e-06,4.687744419e-06,1.563423841e-06,2.401191405e-06,1.798379511e-05,-4.978743594e-06,5.880429418e-06,-1.639308337e-06
2.543000000e+01,7.902705959e-06,2.458541049e-06,-9.328638878e-06,3.874133122e-06,8.149566898e-06,-1.519645060e-06,1.384076201e-06,-1.929534246e-06,1.093467660e-05,-2.539808714e-07,-8.361426331e-06,-6.135838735e-06
2.544000000e+01,5.005764206e-06,4.864339251e-06,4.457895849e-06,2.885671346e-06,2.179468098e-06,1.302833136e-06,-3.735513837e-06,-1.262060454e-06,2.713309240e-06,-6.092763111e-06,6.803183627e-07,1.121720836e-05
2.545000000e+01,-1.609374993e-07,8.162259663e-08,9.990165408e-06,7.825785065e-06,8.316598712e-06,4.422319349e-06,4.803880122e-06,-5.428049187e-06,1.115925812e-05,5.105924285e-06,2.184073561e-06,1.035307798e-05
2.546000000e+01,6.732781764e-07,1.232645283e-06,1.242365993e-05,7.900687606e-06,1.097006612e-05,1.312079397e-05,6.307016685e-07,-1.950831206e-07,7.895265138e-06,9.232085875e-06,1.351333050e-05,5.018412803e-06
2.547000000e+01,1.428661057e-05,2.695743170e-06,3.114892290e-06,1.514808080e-05,7.753944460e-06,-1.169978740e-05,1.373265863e-05,1.546288105e-05,4.840317343e-06,1.181288571e-05,4.283929774e-06,1.597802302e-06
2.548000000e+01,5.095085381e-06,4.183102403e-06,-4.843308096e-07,1.342061626e-05,2.848404445e-06,4.127861492e-06,2.387371466e-05,9.293860660e-07,2.124706304e-06,5.178108457e-06,1.309522782e-05,-6.479896308e-06
2.549000000e+01,-6.893160062e-07,1.460799622e-06,4.080369102e-06,-8.533479786e-07,2.878151904e-06,-6.646747734e-06,4.901696542e-06,-1.270502289e-06,-8.156565769e-06,2.053179313e-05,-1.123449525e-06,-1.219092294e-06
2.550000000e+01,6.101472231e-06,-2.065366504e-06,-5.377842379e-06,2.142502784e-06,-7.823994623e-06,-1.414679072e-06,-6.334601116e-06,1.662981206e-06,5.608094599e-06,5.210711619e-06,-1.498405326e-05,-6.253476430e-06
2.551000000e+01,-1.057454436e-05,-5.645766010e-06,-1.190915999e-05,2.489679866e-06,-1.600641738e-05,1.057614426e-05,-1.271940771e-05,1.786363749e-06,1.717719229e-06,-6.908088903e-06,-1.189286945e-05,-6.090397601e-06
2.552000000e+01,-9.090241592e-06,-1.862591383e-05,-5.899818020e-06,-1.067933507e-06,-1.175935291e-05,-1.763016415e-06,-1.050739905e-05,-1.099232525e-05,-1.006654944e-05,-2.501759634e-06,4.406026916e-06,-1.321703017e-05
2.553000000e+01,-1.148619166e-05,-1.572276946e-05,-1.974596943e-05,-3.703216483e-06,-1.782454625e-05,-5.296651043e-06,-3.651904117e-08,7.437988070e-06,-2.589191426e-06,-1.001602790e-05,-5.876942435e-07,1.964631470e-06
2.554000000e+01,-1.929538342e-05,1.105059280e-05,-5.845678582e-06,-7.124573526e-06,-5.766265059e-06,-7.719633549e-06,-9.189434588e-07,-9.715794399e-07,-6.618010127e-06,-1.071502906e-05,-1.998695833e-05,-2.791737559e-05
2.555000000e+01,-1.122377573e-05,-1.524494108e-06,6.303865276e-06,-1.440646855e-05,2.450855245e-06,-9.273556490e-06,-9.533512715e-06,-8.114537038e-07,-1.592404178e-06,-4.946071656e-06,-1.704206560e-06,-4.379257046e-06
2.556000000e+01,-5.672589393e-07,1.411032933e-06,-2.459109257e-06,1.830976898e-07,-4.673687134e-06,-4.644692625e-06,-1.896786864e-06,-3.097010481e-06,-1.684483748e-06,5.054940894e-06,1.099118740e-05,1.293820437e-06
2.557000000e+01,8.080943470e-06,1.041057419e-05,-1.069013889e-05,-2.678054325e-06,-8.286666054e-06,4.259388992e-06,-5.913266090e-07,-4.126844109e-06,-3.588222727e-06,2.922073460e-06,-6.122317816e-06,1.124236027e-05
2.558000000e+01,6.717397544e-06,1.246370414e-05,5.179263226e-06,9.898813528e-06,1.202472310e-05,-1.406202607e-05,4.222497357e-06,9.666140665e-06,8.982965704e-06,-4.184571427e-06,-5.709856159e-06,-5.101757413e-06
2.559000000e+01,-4.352571284e-06,1.238818594e-05,1.276654070e-07,3.483800504e-07,-4.655338598e-06,2.824863187e-06,-3.691861888e-06,-6.929597783e-06,3.395435142e-06,6.241192644e-06,1.145603843e-05,-1.641862571e-05
2.560000000e+01,5.585818034e-06,-6.296433301e-06,-3.986730558e-07,1.351295124e-06,-9.060942595e-06,-2.121661307e-05,3.572590097e-06,1.067609173e-05,-8.603738782e-06,9.363103349e-06,2.651164096e-06,-5.587481769e-06
2.561000000e+01,-3.688276395e-06,-7.679776821e-06,-8.554296357e-06,1.199439577e-06,-1.920056609e-06,-1.600036294e-06,-4.719249523e-06,2.946081531e-06,1.209506064e-06,-9.556225420e-07,-1.898598570e-06,5.298135535e-06
2.562000000e+01,2.870517431e-06,-1.485180968e-05,4.371487310e-06,-1.715550964e-05,-2.972502436e-06,-8.246862878e-06,-1.174461987e-06,-7.213746582e-06,1.966083863e-06,-1.045909629e-07,-1.735998777e-05,2.087848558e-06
2.563000000e+01,-1.156718924e-05,-9.030322479e-06,-2.675264992e-06,-2.344906233e-06,-1.561324261e-05,-6.699389828e-06,-1.396310256e-05,1.924219195e-06,3.984307188e-06,-4.981501398e-06,-7.640570768e-06,-1.542593647e-05
2.564000000e+01,-1.251954663e-05,-7.013629994e-06,8.858728003e-07,-1.170848620e-05,3.203715836e-06,-5.366846886e-06,8.437265395e-06,-1.541612315e-05,1.996051290e-06,-1.149861403e-05,-1.057825790e-05,-1.540819784e-05
2.565000000e+01,4.789504123e-06,-9.421723907e-06,1.615191435e-06,-3.791134987e-06,-2.749530887e-08,7.940599730e-06,-1.213936097e-05,-7.940039006e-06,-3.322800258e-06,1.410322200e-06,-2.277099117e-06,-1.004827106e-05
2.566000000e+01,-8.593615043e-07,8.854697793e-06,-1.669379503e-06,-1.534732796e-06,-6.463380511e-06,4.437361956e-06,-1.148127047e-06,-6.750534955e-06,-6.476195910e-06,-8.163106320e-06,-3.293944667e-06,-5.022195375e-06
2.567000000e+01,3.894946561e-06,4.425680841e-06,-2.212660885e-06,1.106966421e-05,-7.198058884e-06,-9.490968103e-06,1.331143358e-05,2.295146931e-06,9.436469740e-07,-1.023643983e-06,-1.998813800e-06,-4.395563865e-07
2.568000000e+01,-8.122145692e-06,1.689744405e-05,-6.741978185e-06,-7.635168047e-06,4.401599891e-06,1.228959756e-05,1.576341112e-05,-9.225856389e-06,4.093672261e-06,5.955285441e-06,-3.421971861e-06,8.291470854e-06
2.569000000e+01,3.935762195e-06,1.167940041e-05,1.177600944e-05,-2.978691023e-06,1.951902094e-05,-3.518328754e-06,2.123582588e-05,6.088042826e-06,-1.622436625e-06,2.631054689e-05,8.325404885e-06,-6.287592733e-06
2.570000000e+01,2.506728591e-06,-4.555950373e-06,5.392703462e-06,-5.581218683e-06,9.140911720e-06,5.968310465e-06,-3.958615156e-08,2.656041529e-05,7.730122822e-06,-2.198416348e-06,9.380911774e-06,1.620388717e-05
2.571000000e+01,1.321939939e-06,-1.219406927e-05,7.009523209e-06,1.210827591e-06,6.143780976e-06,1.159933301e-06,-2.144708133e-06,4.536306094e-06,8.847295430e-06,1.408030258e-06,7.951982698e-06,1.205750771e-05
2.572000000e+01,1.594496052e-06,6.824759426e-06,1.520462445e-06,1.011882104e-05,5.869505618e-06,4.059246213e-06,6.587973247e-06,-7.304258876e-06,5.810915835e-06,5.383280019e-06,1.619111148e-06,4.013308292e-06
2.573000000e+01,2.261932345e-06,3.125895217e-06,1.068367201e-06,9.282290563e-06,-5.100281663e-06,-8.230296105e-06,4.743701052e-06,2.491691664e-07,1.035143836e-05,-9.703854733e-06,-1.004084290e-06,5.460508955e-06
2.574000000e+01,-9.337785226e-08,-4.418541952e-06,-1.672731950e-05,1.044480955e-05,-4.257069353e-06,-6.535591445e-06,-4.140447102e-06,7.484792117e-06,-5.052949185e-06,6.768277205e-06,2.709218460e-06,8.137877314e-06
2.575000000e+01,2.525283036e-06,-5.480872923e-07,7.433367417e-06,4.346757549e-06,-8.490632837e-06,-5.422057706e-06,-6.143154230e-06,-4.548935840e-06,-1.098883819e-05,1.500321569e-06,1.182419267e-06,-6.614345064e-06
2.576000000e+01,-9.210818122e-06,-1.827995054e-06,4.250402972e-07,-8.770926383e-06,1.764512000e-06,-1.614713845e-07,4.654272390e-07,4.834042030e-06,-3.857761473e-06,-1.822094254e-06,-1.308467186e-05,-4.915608173e-06
2.577000000e+01,1.156722676e-05,6.478859063e-06,1.260497408e-05,7.581419431e-06,-3.110580596e-07,-5.862334530e-06,2.002236831e-06,-7.498036015e-06,-4.536116606e-06,4.197664629e-06,7.581867330e-06,7.124549648e-06
2.578000000e+01,-1.181104527e-05,-1.128052226e-06,1.047313785e-05,-4.438795185e-06,4.421055366e-06,-7.823049551e-06,2.747827688e-07,4.295617291e-06,-1.108817192e-06,4.197035132e-07,1.891705176e-06,1.766063011e-05
2.579000000e+01,-4.678372715e-06,3.819922207e-06,6.342595393e-06,1.075716734e-05,5.812031925e-07,1.629847461e-06,9.483285337e-06,1.605739455e-05,1.409808714e-05,6.248928314e-06,8.814024356e-06,1.156951913e-05
2.580000000e+01,1.571474610e-05,7.335485609e-06,1.846041079e-05,6.711893397e-06,3.160878961e-06,9.346046541e-06,7.959467040e-06,2.345089586e-06,1.592577401e-05,8.527095711e-06,3.130085722e-06,1.855662292e-05
2.581000000e+01,1.288810524e-05,-1.118662925e-06,1.946001725e-06,-3.729102756e-06,4.694463921e-06,-3.554690266e-06,2.944424287e-06,8.853807709e-06,1.246067876e-05,7.514484447e-06,6.939894460e-06,1.495660256e-06
2.582000000e+01,-1.235632838e-06,8.440265162e-07,-8.152665747e-08,4.084361264e-06,7.024083853e-06,2.233334120e-07,6.809383202e-06,5.464866433e-07,2.296813419e-07,3.373663301e-07,-8.512899719e-06,2.247337976e-06
2.583000000e+01,1.479133311e-06,-1.342018888e-06,2.669095769e-08,1.035945002e-05,-4.595666053e-06,7.270129167e-06,-1.035323885e-05,-3.248305527e-06,-1.216658754e-06,4.819155044e-06,4.826574316e-06,-9.699930176e-06
2.584000000e+01,-2.999960218e-06,-1.128325410e-05,1.473913816e-06,1.625293666e-06,9.483659344e-06,-2.679102832e-06,-5.204798572e-06,-7.178352585e-06,4.574700626e-06,1.636233931e-06,2.104042127e-06,-7.882763212e-06
2.585000000e+01,5.243958994e-07,-3.299531582e-06,-4.078649895e-07,1.746719549e-06,-1.030463189e-05,-5.296410123e-06,-8.804532452e-06,2.761889711e-06,-1.538301994e-06,-3.938244713e-06,-8.861646728e-06,4.477438931e-06
2.586000000e+01,-1.058968407e-05,-1.854977275e-05,-5.578741757e-06,1.982352966e-06,1.796217127e-06,-9.670313609e-06,-1.428470415e-05,2.026404604e-06,-9.365669168e-06,-6.474361718e-06,-1.310916888e-05,-8.240433016e-06
2.587000000e+01,-5.746490479e-06,-3.784437543e-07,5.735531011e-06,-1.037140053e-05,-4.628544500e-06,2.410291711e-08,-5.049858716e-06,-1.068380936e-05,-8.488205615e-06,-2.336199961e-06,-1.708130343e-05,-5.008218683e-06
2.588000000e+01,-4.130509666e-06,9.341079062e-07,1.371095098e-06,7.086292522e-06,-1.477728567e-05,-2.667787215e-06,-3.156147096e-07,-1.009563960e-06,-7.252481565e-06,-2.365370428e-06,6.893720733e-06,4.672628391e-06
2.589000000e+01,-1.909519498e-05,-7.017093928e-06,4.942540037e-07,-6.152042432e-06,-7.851374999e-06,-1.677477295e-05,-1.171625441e-05,6.230837719e-06,1.939189525e-06,-7.222784794e-06,9.172091687e-06,-2.561943892e-06
2.590000000e+01,-3.241192670e-06,1.001008651e-05,1.319230038e-05,5.358090349e-06,-1.709365080e-06,-3.039620134e-07,-5.650272359e-06,2.357181285e-06,-1.612788710e-05,-1.655882600e-07,4.580295143e-06,-1.413471717e-06
2.591000000e+01,-1.345567533e-05,-7.043552465e-06,9.221517229e-06,8.740967426e-06,5.950959936e-06,6.474394222e-06,7.205713589e-06,1.544740088e-06,-3.236390926e-06,3.516133360e-06,-1.423553761e-06,1.105707203e-05
2.592000000e+01,7.683118624e-06,4.093695026e-06,1.643246108e-06,-3.273474507e-06,-5.722299100e-06,8.635572144e-06,1.876805988e-05,-3.312807994e-06,-2.555934656e-06,8.705216051e-06,9.825436604e-07,5.845229863e-07
2.593000000e+01,-1.158020033e-06,1.145185135e-05,1.171300942e-05,1.492934226e-06,1.085051868e-06,1.056998354e-05,-5.030164286e-06,5.670059611e-06,-7.695716970e-06,-1.225387983e-05,8.550919052e-06,1.828026496e-06
2.594000000e+01,-6.114222296e-06,2.705938018e-06,-1.106392987e-05,1.565114724e-06,7.926216787e-06,6.364495028e-06,-2.895431904e-06,2.389382676e-06,-3.571824466e-06,-2.838637609e-06,-1.769149801e-05,-1.060052173e-05
2.595000000e+01,3.378700539e-06,-4.034251154e-06,3.883895287e-06,-1.640170455e-06,-1.256016661e-06,1.024472879e-05,-4.343295265e-06,-6.758248002e-07,-3.533833607e-06,-5.864837574e-06,-9.486097520e-06,-3.813411259e-06
2.596000000e+01,-5.334525199e-06,-1.194362519e-05,3.888656336e-07,-9.294203843e-06,-1.496041963e-05,-1.986111926e-06,-5.820582452e-06,1.005347198e-05,-2.821982609e-06,-6.108698250e-06,-9.615908938e-06,2.787251859e-06
2.597000000e+01,-1.043995446e-05,-5.693809626e-06,-1.042344434e-05,1.951049647e-06,-6.710495542e-06,-3.983278762e-06,-7.260646698e-06,-2.382741766e-06,-6.010772153e-06,-1.225716257e-05,-1.200766612e-05,2.652470153e-06
2.598000000e+01,8.125042534e-06,-6.473517663e-06,-1.314294956e-06,6.821857797e-07,-3.000441887e-06,-9.262216717e-06,1.061446526e-07,-1.007162783e-05,-5.653144507e-06,-2.025771097e-05,6.468661500e-06,-8.192220742e-06
2.599000000e+01,2.457594385e-07,5.846775745e-07,2.766053876e-06,4.917351964e-06,-1.234356930e-05,-8.165130126e-06,3.413277953e-06,-7.105928148e-06,-8.049218176e-06,-2.603569334e-06,4.834170695e-06,3.918265085e-06
2.600000000e+01,-9.334604580e-06,5.503651318e-06,2.659923018e-06,-1.368872769e-05,6.023943159e-06,-3.505977176e-06,-1.211556811e-05,7.518101346e-06,-2.112361341e-08,3.519272194e-06,1.493683921e-05,7.748608889e-06
2.601000000e+01,6.489712624e-06,-4.616586423e-06,-1.029604578e-06,1.220578438e-05,9.723034441e-06,7.316442950e-06,6.762735046e-06,3.632030984e-06,1.017291196e-05,-1.388628863e-06,-4.641759684e-06,1.213167041e-05
2.602000000e+01,5.302440307e-06,1.187740466e-05,1.198226192e-05,6.638440056e-06,-4.311242189e-06,1.695001326e-06,-2.838166331e-06,-1.022978463e-05,6.670908607e-06,1.908305124e-06,7.567569952e-06,9.801778428e-06
2.603000000e+01,7.086174154e-06,1.298763145e-05,3.163213436e-06,4.936910258e-06,2.653338148e-06,8.917073894e-06,1.374213698e-05,1.057192645e-05,5.735083532e-06,-6.720516872e-07,-3.691264448e-06,9.720475518e-06
2.604000000e+01,6.316699550e-06,3.825161787e-06,-4.133748490e-07,2.524778862e-08,-9.376602846e-08,3.427988141e-06,9.538991495e-07,1.426062441e-05,7.686848423e-06,8.913579975e-06,7.800587621e-06,-1.824590902e-06
2.605000000e+01,6.036609163e-07,1.342672193e-05,-3.266334422e-06,1.456179336e-05,-3.311159784e-06,-6.646661190e-06,-2.447065800e-06,-1.976917980e-06,1.131621251e-05,-4.042855646e-06,-7.238115670e-07,-6.421899374e-06
2.606000000e+01,-2.588617238e-06,4.921051684e-06,-9.676540907e-07,-2.782019189e-06,5.213760958e-06,8.398601893e-07,8.878655926e-06,4.390647964e-06,-2.958110333e-07,6.319228855e-06,5.847197964e-06,-5.329002042e-06
2.607000000e+01,4.816549326e-06,-7.447460398e-06,1.369495685e-08,-1.182826177e-05,-7.210125819e-06,-4.783054149e-06,2.972336209e-06,7.284195485e-06,1.221002298e-05,8.829288992e-06,1.644354639e-06,4.567969489e-07
2.608000000e+01,-1.402094218e-05,4.256973025e-06,-1.443567042e-06,2.100423940e-06,-4.677378188e-06,3.520878242e-06,-7.006384200e-06,-1.760476907e-06,1.677710430e-06,-1.039071536e-05,-2.879576654e-06,1.486085056e-06
2.609000000e+01,-3.231847784e-06,-3.836443269e-06,6.099245479e-06,-6.078478119e-06,-8.942172376e-06,3.407356611e-06,-4.872088154e-06,-1.732109811e-06,1.276397048e-05,4.839713714e-06,-1.512066868e-05,-1.677892100e-06
2.610000000e+01,-2.852688931e-06,8.034315591e-06,4.260277072e-07,-8.999832970e-06,-6.903037150e-06,8.731507030e-06,-6.315622644e-06,1.312336473e-05,-2.179039484e-08,-7.959375855e-06,8.906199609e-06,5.539516563e-06
2.611000000e+01,9.287221980e-06,-3.974254202e-06,9.633898064e-06,1.097596572e-05,1.380522924e-06,1.510287017e-06,-1.581796128e-05,-5.495965617e-06,-9.670203817e-06,-7.707396336e-07,4.402611949e-07,1.053600057e-05
2.612000000e+01,1.624064711e-05,-1.277694948e-06,6.246771210e-06,8.100145095e-06,-4.109730659e-07,1.264758227e-05,-7.363993378e-06,2.604530201e-06,7.004260080e-06,-9.372598376e-06,-4.971504636e-07,1.180385268e-05
2.613000000e+01,1.467052884e-06,8.240692211e-06,1.715078826e-05,4.207616118e-06,1.053313469e-05,8.632395376e-07,9.537098614e-06,-7.748240557e-06,3.610163129e-06,1.158058931e-05,-5.374590580e-06,1.308934458e-05
2.614000000e+01,1.757617688e-05,2.524619959e-05,4.958014112e-06,-2.061825635e-06,6.392368116e-06,4.424649868e-06,1.144744572e-05,-2.237915693e-06,1.491058042e-05,1.179339841e-05,1.102599114e-05,-1.250372453e-06
2.615000000e+01,5.632237580e-06,-6.453927709e-06,7.084193602e-07,9.998707850e-06,3.763667507e-06,1.570967158e-05,1.088700613e-05,-2.241183388e-06,-2.648971853e-06,1.391937976e-06,1.983391882e-05,-3.207732751e-06
2.616000000e+01,-1.259689175e-06,-5.805279580e-06,-1.257222905e-06,6.136827746e-06,1.407045971e-05,3.324916115e-06,1.999324523e-05,-1.935389786e-05,1.386295099e-05,-6.122584143e-06,9.573931906e-06,1.059610184e-06
2.617000000e+01,5.881806682e-07,5.361592079e-07,-1.151226218e-05,4.377639817e-06,-5.356704874e-06,-2.389582748e-06,-1.180449958e-05,-1.119166929e-06,2.181904946e-06,-2.937035132e-06,-4.842677174e-06,-5.515020628e-07
2.618000000e+01,-1.133845450e-05,-3.485220620e-06,-5.530172180e-06,-6.687727263e-07,-9.537765409e-06,-7.611376123e-06,1.046599258e-06,6.685791857e-06,-1.373474765e-05,-7.530068827e-06,-2.202591669e-06,-3.904806996e-06
2.619000000e+01,-8.743884621e-06,-6.302718437e-06,-3.832656172e-06,-5.014088233e-06,-7.231394893e-06,-6.244010821e-06,-8.153241935e-06,7.814769599e-06,-1.411928110e-05,-6.218950756e-06,5.551477286e-06,-1.457116344e-05
2.620000000e+01,5.062294605e-07,-9.068712975e-06,-1.458217243e-05,2.554730415e-06,-9.686750542e-07,-1.331631545e-05,1.853922399e-06,-7.708495842e-06,-1.742294826e-05,9.071874688e-06,-4.477332744e-06,-1.166413384e-05
2.621000000e+01,-1.154215853e-05,-1.877869933e-05,-1.277539841e-05,-5.892433328e-06,-9.871678790e-07,-4.882952441e-06,5.454801445e-06,1.181516433e-06,-3.881373930e-06,-1.402549344e-05,-1.897513369e-06,-1.221686123e-06
2.622000000e+01,1.693306464e-06,9.380336996e-06,-1.638604328e-05,-6.239160372e-06,-7.944304095e-07,-4.171704719e-06,-7.507245181e-07,7.036533878e-06,-3.920232547e-06,-1.212060458e-05,-1.182519209e-05,-1.126954283e-05
2.623000000e+01,-4.385220179e-06,4.332229606e-06,1.166124150e-05,5.165657513e-07,2.739388588e-06,-7.050202326e-06,1.504924816e-06,-1.109721253e-06,7.383157522e-06,4.209514599e-06,-4.288676266e-06,-2.600306307e-06
2.624000000e+01,1.489908054e-05,-1.032583088e-05,-2.531133808e-06,-6.505656793e-06,-2.785716439e-06,-4.557120833e-06,2.154706682e-06,-1.842881617e-06,5.887290906e-06,-4.445307744e-06,-1.338614745e-06,4.787376637e-06
2.625000000e+01,-5.626161283e-06,1.038626216e-05,-1.577441914e-05,5.943453243e-06,-2.584216654e-06,-1.881992979e-06,6.008922891e-06,8.715297971e-06,2.583082943e-07,2.904965028e-06,5.718440529e-06,6.899655548e-06
2.626000000e+01,-8.089343609e-06,8.597918886e-06,9.281517217e-07,3.689336090e-06,1.948640045e-06,2.288893268e-06,-8.008633615e-06,-8.311540594e-07,-6.650214698e-06,-1.112608647e-06,4.702233135e-06,3.994288816e-06
2.627000000e+01,-8.059916738e-06,1.046573458e-05,2.163285024e-06,6.396702389e-06,2.133565913e-06,-4.623309212e-06,-4.945408517e-06,1.089760595e-05,-4.910267140e-06,3.713321697e-06,5.204166259e-06,5.176004328e-06
2.628000000e+01,-8.338211090e-06,-8.424804438e-06,1.435396043e-06,-7.392507814e-06,-3.091696908e-06,-2.629835970e-06,-3.018716863e-06,-3.401812234e-06,6.007788547e-06,-4.505442619e-06,-2.148300250e-08,9.606764164e-07
2.629000000e+01,6.138763451e-06,-6.725739200e-06,-1.318962333e-05,-4.426989396e-06,-4.346414634e-06,-3.600555136e-07,-1.597689251e-05,-3.027448055e-06,-1.711353714e-05,-1.176293461e-05,3.096355800e-06,-5.397837516e-06
2.630000000e+01,4.877465364e-06,-1.278598384e-05,-1.345741110e-05,-1.162598190e-05,-7.757679865e-06,-1.263612259e-05,-1.045397042e-05,-1.834952470e-05,-1.303536082e-05,-1.293721310e-05,4.849160888e-07,-1.989142541e-06
2.631000000e+01,-1.013529457e-05,-1.200992835e-05,-1.662689912e-05,-1.224243103e-05,3.132744044e-07,4.053471290e-06,-3.171415959e-06,-3.948161060e-06,-6.990443496e-06,-5.306209816e-06,-3.129145438e-06,4.919145330e-06
2.632000000e+01,2.548503699e-06,-1.234849032e-05,-4.647512177e-06,-7.685867335e-07,-1.178566295e-05,5.981264778e-06,-4.549782123e-06,-1.678840229e-05,-7.264515498e-07,-6.023851419e-06,8.284279903e-06,-4.276638795e-06
2.633000000e+01,-8.198901280e-07,-2.596148138e-06,-4.881146761e-06,2.201935703e-06,-1.898200369e-06,2.066417544e-06,-1.859346689e-06,1.026616357e-06,-7.937610792e-06,-3.973657689e-06,3.036200598e-06,-7.026604063e-06
2.634000000e+01,1.355078349e-05,9.891710002e-07,-1.790962199e-06,8.836503991e-06,2.045366955e-06,2.212320602e-06,8.245245594e-06,3.027470426e-06,9.289347631e-06,-2.838664190e-06,-5.492988889e-06,5.902668074e-06
2.635000000e+01,2.761814220e-06,4.114230514e-07,1.374999485e-05,1.160435358e-05,-8.397872128e-06,9.834830354e-07,1.839333082e-05,6.245395190e-06,4.984199267e-06,9.278124589e-06,1.400296105e-05,1.973662305e-05
2.636000000e+01,-6.843431527e-06,-6.732286211e-06,6.354556613e-06,7.800555519e-06,1.136600381e-05,1.117154728e-05,2.798545074e-06,1.521169609e-05,1.509440378e-05,2.615172953e-07,-1.618845391e-06,8.856463446e-06
2.637000000e+01,-6.086136777e-07,4.534251462e-06,1.114284092e-05,5.558632404e-06,1.226134673e-05,6.323395565e-06,1.363062762e-05,5.132120995e-06,1.010100828e-06,1.049556985e-05,4.158659775e-06,-3.845144637e-06
2.638000000e+01,8.480302616e-06,1.167381292e-05,1.871458423e-05,-8.331486595e-06,3.411766266e-06,7.054490235e-06,-6.248205169e-06,-1.109416502e-05,-3.023201642e-07,1.565333585e-05,4.663491881e-06,5.446892267e-06
2.639000000e+01,-2.164635477e-06,5.065527635e-06,-5.029879561e-06,9.700696221e-06,-1.387451111e-06,3.145645895e-06,-2.481242832e-07,6.356735536e-06,1.023732650e-05,-4.658099555e-06,7.994099706e-06,6.054088524e-06
2.640000000e+01,-1.920652238e-05,-1.364278699e-05,-2.710525952e-06,-2.567462973e-06,-3.363000144e-06,-1.326724612e-06,-9.269614271e-06,1.809454921e-06,1.248673122e-06,-1.057882123e-06,6.529277509e-06,-3.928478357e-06
2.641000000e+01,-1.606275643e-05,9.353589595e-07,-4.848257136e-07,6.662204928e-06,-1.030341655e-05,-1.768068487e-06,-1.163156670e-06,7.535918491e-06,2.119833044e-06,4.582991964e-06,2.637672365e-06,5.553344527e-06
2.642000000e+01,-1.853175548e-06,-8.334871316e-06,1.203788351e-05,5.157691889e-06,-1.403789844e-05,-3.566099168e-06,1.409933961e-05,-1.371484068e-06,-9.186368163e-06,2.221411794e-06,-1.275628823e-05,1.725966535e-06
2.643000000e+01,-1.094298872e-05,4.622204737e-06,1.748591875e-06,6.372757445e-06,-1.126589450e-05,-1.291479129e-07,1.195730828e-05,3.737321265e-06,-3.540415969e-06,-4.266723185e-06,-9.748526837e-07,-4.880095560e-07
2.644000000e+01,1.258528746e-05,1.019009571e-06,5.840576925e-06,2.604522704e-06,2.051132420e-06,1.260567903e-06,3.159062497e-06,2.692868897e-06,1.887665353e-06,4.334459967e-07,-9.588128724e-07,-1.528819838e-05
2.645000000e+01,4.317976669e-06,1.299630109e-05,1.238196467e-05,2.957535407e-06,7.198034523e-06,-7.783502273e-06,2.021662287e-05,6.164924445e-06,9.936393509e-06,1.765047538e-05,2.756112630e-06,1.534655665e-06
2.646000000e+01,9.238006195e-06,-6.466981557e-06,1.763284290e-05,9.322989200e-06,6.571939476e-06,7.856851408e-06,2.373836386e-05,1.543397910e-05,4.289991274e-06,7.259377167e-06,5.966227552e-06,1.100671879e-06
2.647000000e+01,1.818771653e-05,1.095336072e-05,1.593635241e-05,1.669129711e-05,4.757661299e-06,1.260056487e-06,1.086960064e-05,1.096988113e-05,8.067099410e-06,1.231510353e-05,1.497802264e-05,1.826914641e-05
2.648000000e+01,1.455053978e-05,1.157975703e-05,1.614349025e-05,6.221739783e-06,1.376663854e-05,1.547991640e-05,8.633693965e-06,2.054693253e-06,8.649758680e-06,1.174521149e-05,2.302608322e-06,5.508502181e-06
2.649000000e+01,-5.279665034e-06,6.233183406e-06,-9.350940198e-06,2.760060886e-06,1.860375325e-06,2.883590961e-06,4.896855341e-06,6.960376369e-06,6.510947343e-06,6.358955732e-07,6.120906730e-06,4.037393093e-06
2.650000000e+01,9.479286645e-07,-3.778997431e-06,-1.497299409e-05,-1.287024000e-05,-8.170082578e-06,-4.146833370e-06,1.861487030e-05,5.688985997e-06,3.385971863e-06,-8.684997344e-06,8.051847019e-06,5.603211911e-06
2.651000000e+01,-1.106887478e-05,2.858935942e-06,-1.192460355e-05,-3.814377791e-06,-1.449061124e-06,1.538402070e-06,-2.113914985e-06,-1.016253033e-05,-2.022303297e-06,-1.753416399e-06,-6.319692889e-06,-1.780645042e-07
2.652000000e+01,-1.229539620e-05,1.199436270e-06,-5.527972119e-06,-3.438512189e-06,-4.943246438e-06,-1.022625649e-05,-4.879935560e-06,-4.796580892e-07,-1.299463263e-05,-1.268875775e-05,4.556308046e-06,-1.534546669e-06
2.653000000e+01,-6.351123817e-06,-7.202365643e-06,2.656533387e-06,-4.609466502e-06,4.483380090e-06,-8.011685988e-06,-8.597294724e-06,-1.804451565e-05,-9.241939282e-06,-1.900457962e-05,-2.233625190e-05,-6.112032980e-06
2.654000000e+01,-5.462574699e-06,-4.762458441e-06,-4.887823837e-07,2.394640946e-06,2.623240505e-06,-1.577193553e-06,-1.076240281e-05,-1.784620014e-05,-8.599531658e-06,6.488452716e-07,-4.620688128e-06,-4.505713431e-06
2.655000000e+01,3.235244371e-07,-6.172898782e-06,2.534164542e-06,-6.443407144e-06,-3.904076115e-06,-1.260616511e-05,-5.411615169e-06,6.318110995e-06,4.527155008e-07,3.331379686e-07,-1.495636274e-05,-7.218085441e-06
2.656000000e+01,-2.330081698e-06,-5.184450939e-06,3.711382021e-06,2.377342174e-06,3.768699750e-06,-4.630173847e-06,-1.112162432e-05,7.058040200e-06,5.368350719e-06,-1.313706921e-05,-1.631203749e-05,3.657679635e-06
2.657000000e+01,1.812566618e-05,1.135654089e-06,7.190159808e-06,-2.973870725e-06,5.563571477e-06,-3.573802155e-06,6.293566720e-06,4.670279938e-06,-5.061997226e-06,-7.626376705e-08,-4.783864764e-06,-5.663868806e-07
2.658000000e+01,-1.774804511e-06,3.239904325e-06,-2.421477950e-06,1.135487270e-07,-3.264926279e-06,1.168513933e-05,-3.290543982e-06,-9.173316389e-06,1.545121941e-05,2.613978157e-06,6.482880127e-06,-9.923698051e-06
2.659000000e+01,-1.140818434e-06,5.964591328e-06,-1.764320779e-06,4.503608504e-06,1.000569322e-06,9.448437684e-06,1.752522326e-07,-9.412354062e-06,7.341797784e-06,2.916406888e-06,4.865928333e-07,-3.301319318e-06
2.660000000e+01,1.332812348e-07,-1.112754238e-05,1.046884080e-07,1.671439474e-06,-3.292953770e-07,-1.213316336e-06,-1.272621131e-05,1.038624674e-05,5.303611148e-06,-1.301835690e-06,9.954971681e-07,-1.342757783e-05
2.661000000e+01,-5.473028680e-06,7.153806241e-06,6.649592972e-06,1.606108388e-05,7.878798491e-06,-2.928222852e-06,-5.485287204e-06,-1.137359024e-05,4.645718737e-06,-9.163331447e-06,-1.070288604e-05,3.058516814e-06
2.662000000e+01,7.441921852e-06,-7.749784739e-06,-3.167638106e-06,1.409475892e-06,-1.555705678e-05,-6.027609739e-07,-5.912970900e-06,1.136049753e-05,-3.381549950e-06,-9.526226014e-06,-2.027819098e-06,-4.808127086e-06
2.663000000e+01,5.886512912e-06,1.133224636e-06,-3.404007443e-06,2.217017600e-06,7.713252171e-06,-1.107182111e-05,-6.967943603e-06,-2.167004134e-06,-1.914893691e-05,-1.043413714e-06,-6.081973208e-06,-9.407772079e-06
2.664000000e+01,-4.298364803e-06,-1.074064177e-05,-6.759080462e-06,-1.432560516e-05,-6.340768223e-06,-1.713238346e-05,-8.399808711e-06,-7.634862624e-06,-8.401451757e-06,-5.601552624e-06,-2.118984523e-05,-1.320737737e-05
2.665000000e+01,-7.260164553e-06,-1.359651093e-05,3.685120300e-06,1.290654024e-06,-9.453359934e-06,-4.900537006e-06,-1.300926100e-05,3.299197340e-06,5.417606091e-06,-6.068029488e-06,-8.789458850e-06,1.352976192e-06
2.666000000e+01,6.219656324e-06,-6.582356469e-06,-7.637365141e-06,-1.291107090e-06,1.252051843e-05,-1.359667335e-05,-4.088932146e-06,-2.111579365e-06,-4.375248070e-06,5.722871775e-06,-6.375757170e-06,1.101273937e-05
2.667000000e+01,2.908946352e-06,4.346890410e-06,3.218937805e-06,-3.734802087e-06,-5.018559037e-06,3.991539599e-06,1.027595789e-05,1.588685275e-05,-7.362389706e-06,6.529055062e-07,2.059582166e-08,5.737171206e-07
2.668000000e+01,8.916257707e-06,2.759795976e-06,5.389401779e-06,8.243173169e-07,6.734149623e-06,3.740096794e-06,3.035210652e-06,3.864788281e-06,-3.897802626e-06,-1.753484617e-06,1.275784417e-05,-3.992221289e-06
2.669000000e+01,-1.322456958e-05,9.842327627e-07,9.034376476e-06,4.357621159e-06,6.536199228e-06,1.102694128e-05,2.035395640e-06,5.408211661e-07,1.552956246e-05,4.029808955e-06,1.144394619e-05,1.177018628e-05
2.670000000e+01,3.627963272e-06,6.756656263e-06,2.193869820e-06,7.475695440e-06,1.450368368e-05,3.085862091e-06,1.087731508e-05,-1.418774190e-06,6.895786300e-06,-5.097486197e-06,8.207736049e-06,8.766078749e-06
2.671000000e+01,5.558413910e-06,-2.383882744e-06,-6.120403851e-06,-1.317593076e-05,-1.183270831e-06,-6.732925015e-06,-2.517575321e-06,9.289067866e-06,7.735650099e-06,1.013930768e-05,1.395684957e-06,1.265596496e-06
2.672000000e+01,-4.452031399e-06,6.486010685e-06,9.058231241e-06,7.523971116e-06,-7.801986712e-06,7.532256030e-06,2.086003214e-06,9.798509407e-06,-1.448678738e-06,-7.001752396e-06,6.325150610e-06,7.045724959e-06
2.673000000e+01,6.790967967e-06,5.129238303e-06,2.739536111e-06,-4.961944424e-06,-6.890807274e-06,-1.586671414e-05,-1.827164680e-05,5.891241221e-06,6.175179956e-06,-1.959519905e-06,-4.327806687e-06,6.195245964e-06
2.674000000e+01,5.506810759e-06,-6.344978641e-06,1.029285312e-06,-5.823952847e-06,1.763311538e-06,-1.190029895e-06,5.706451601e-06,-6.227737380e-06,1.592448689e-06,-1.277346082e-06,-1.354137332e-06,4.516746697e-06
2.675000000e+01,4.244902552e-06,7.549223888e-07,-5.470767018e-06,-1.556288290e-05,-1.622758709e-05,5.229904849e-08,-2.359048790e-06,-3.491307680e-06,-9.352957758e-06,-1.522346354e-07,8.934932842e-07,-2.731363265e-06
2.676000000e+01,7.335817860e-06,-2.089972653e-05,-1.346762916e-05,-4.820443036e-06,6.322725123e-06,-4.922735179e-06,-1.372791084e-05,-3.375008385e-06,8.124525144e-06,1.398617880e-06,1.242448742e-06,-5.368263654e-07
2.677000000e+01,7.511362549e-06,-2.607399080e-06,6.282699047e-06,7.996459981e-06,2.165698490e-06,2.310677663e-06,-9.100655023e-06,-3.383753032e-06,2.415310731e-06,5.160136156e-06,-1.504367657e-06,-2.216494103e-06
2.678000000e+01,-1.232549347e-06,-2.838761930e-06,-9.350866025e-06,6.916849638e-06,1.369456145e-05,-1.575236206e-06,5.612901142e-06,9.688681092e-06,6.330009182e-06,1.036147128e-05,1.275019224e-06,2.675702132e-06
2.679000000e+01,1.945932038e-06,7.516225917e-06,1.135871143e-06,1.374179907e-05,-4.900894017e-06,8.221050992e-06,1.170872402e-05,1.368605641e-05,1.730184042e-05,7.000022112e-06,6.567147577e-06,1.286046435e-05
2.680000000e+01,1.038553585e-05,5.338799907e-06,1.658681226e-05,9.158088137e-06,2.102455612e-05,-7.485053793e-06,6.748395986e-06,-2.238146192e-06,7.774070918e-06,8.413878895e-06,-1.700179576e-06,1.135137792e-05
2.681000000e+01,-9.441652284e-06,4.631505835e-06,1.561169171e-05,1.091344128e-05,9.088858280e-06,1.542169294e-05,1.383016304e-05,1.252969625e-05,3.541640076e-06,1.137585470e-05,-4.249991788e-07,4.855720792e-06
2.682000000e+01,-1.093333155e-06,3.358090547e-06,3.396782907e-06,3.968569072e-06,7.480708568e-06,3.258612005e-06,4.973786989e-06,9.310820392e-06,2.338757487e-05,-1.091827356e-05,1.076299119e-05,9.649979302e-06
2.683000000e+01,1.492108860e-05,3.948628285e-06,1.596923901e-06,-2.183514931e-06,7.635468832e-06,8.792682934e-06,2.387494218e-06,-6.744615773e-06,1.790824668e-06,8.766038380e-06,2.990181076e-06,-5.325447226e-07
2.684000000e+01,2.931700467e-07,-5.335512836e-06,1.903919787e-06,-5.031380771e-06,-1.198493836e-05,-4.344906015e-06,-7.761850153e-06,-2.091718916e-07,-3.802090701e-06,-5.873753205e-06,-4.371620545e-06,-7.156700109e-06
2.685000000e+01,-1.854482400e-05,-1.007847287e-05,-6.481147363e-06,-7.478584556e-06,9.165613983e-06,-3.942804201e-06,-5.491432635e-06,-1.396508796e-06,-1.145317312e-05,-2.914237366e-06,-1.286954041e-05,8.431886963e-06
2.686000000e+01,-1.511926593e-05,-9.516253301e-06,-1.358777399e-05,-9.099125330e-06,-6.274681957e-06,-4.106641197e-06,-5.821639518e-06,-1.622033381e-05,4.403575269e-06,-7.746971832e-06,-7.675878741e-07,-1.520242751e-05
2.687000000e+01,-1.132056175e-05,-1.581759903e-07,-8.565705264e-06,-8.702944477e-06,-2.422348167e-06,-1.224199959e-05,-9.981875130e-06,-1.631493386e-05,-1.417724406e-05,-1.300261361e-05,-5.561736043e-06,-9.699671169e-06
2.688000000e+01,1.782718687e-06,-5.217797081e-06,-3.496282011e-06,8.406615554e-06,-7.538517155e-06,-4.346453372e-06,-1.457411078e-05,-4.853571234e-06,-4.994919723e-06,-4.284515772e-06,-1.224592154e-05,2.397765835e-06
2.689000000e+01,-1.270724444e-05,2.466120638e-06,-1.530652856e-05,-8.707665307e-06,-5.129696323e-06,4.079707502e-07,-2.558701922e-06,2.983199109e-06,-3.480918088e-06,-8.140392820e-06,2.543191467e-06,-1.823131268e-05
2.690000000e+01,8.567540294e-06,-3.294636233e-06,-2.144905985e-06,8.756037561e-06,-3.516545969e-06,4.646201557e-06,4.138351869e-06,2.777854120e-06,9.097295916e-06,3.963919223e-06,6.222764958e-06,-1.131744938e-07
2.691000000e+01,8.331820739e-06,5.493972364e-06,-7.573276869e-06,-8.505474204e-06,1.664962670e-05,1.261402379e-06,4.368666141e-06,-1.265000038e-05,6.354485718e-07,1.424608444e-07,-2.730077587e-06,4.911576525e-06
2.692000000e+01,4.503072096e-06,3.712880745e-06,5.207180652e-06,1.686245401e-05,2.048932889e-06,9.561349931e-06,2.294287700e-06,-9.888279661e-06,3.786189276e-06,-4.661537524e-06,5.305826288e-06,-5.068842696e-06
2.693000000e+01,3.163447799e-07,-9.196146368e-06,1.199342044e-05,2.011111082e-05,2.842060543e-06,3.801753816e-06,-1.276067147e-05,-3.156433192e-06,9.830024083e-07,2.040762601e-08,3.481772285e-06,2.355709264e-06
2.694000000e+01,1.248693120e-06,2.387922488e-07,-6.198624049e-06,6.367129298e-06,-8.175827846e-06,8.106180893e-06,4.602882769e-06,-5.962381292e-06,4.491035655e-06,-7.917610926e-06,-3.472701678e-06,-7.730460847e-06
2.695000000e+01,-1.268274769e-06,-3.597522857e-06,-3.862560016e-07,-5.691076642e-06,-2.081234882e-06,-1.392071960e-05,-9.293706813e-06,3.574770694e-07,1.074008975e-06,-8.831069678e-07,-3.672571741e-06,1.100398394e-05
2.696000000e+01,-7.574524871e-06,3.891200389e-06,-2.320614475e-06,-3.442040627e-06,-9.271663168e-07,4.636499527e-06,3.794397074e-06,-1.270624068e-05,4.065464928e-06,2.594369915e-06,-1.296717936e-05,-4.022621394e-06
2.697000000e+01,5.884111968e-06,-8.100014874e-06,-1.182707862e-05,-2.912736336e-06,-1.117938920e-05,1.909270554e-06,-2.934770243e-06,-5.037256102e-06,-3.977439667e-06,-8.052397866e-06,-3.655301650e-06,-9.503013997e-06
2.698000000e+01,-1.219877544e-05,-1.041349566e-05,-3.304842000e-06,-1.390356870e-05,-4.346736662e-06,8.234237336e-07,-9.114620186e-06,-3.456198516e-06,-3.960885952e-06,-2.654114640e-06,-7.679638379e-06,-8.546677264e-06
2.699000000e+01,-8.479763727e-06,-1.684298178e-05,8.682347555e-06,1.292946500e-05,-3.933123461e-06,-4.007061973e-06,2.408975822e-06,-8.683786047e-06,-1.147621224e-05,1.113974399e-06,-1.036355192e-05,4.975523489e-06
2.700000000e+01,7.868531755e-06,-1.875617427e-06,5.078718600e-06,-5.724679558e-06,-1.090016674e-05,8.288696204e-07,3.661637249e-06,2.321195829e-06,1.870272556e-06,-8.416682163e-06,3.462380790e-06,8.867458676e-07
2.701000000e+01,5.964890313e-06,3.936193062e-06,1.309441507e-05,1.250460858e-05,-6.534116134e-06,1.727434539e-05,2.961128700e-06,1.045659424e-05,8.462038270e-06,-1.399342736e-06,8.814301854e-06,-5.610788483e-07
2.702000000e+01,-2.910778466e-06,1.607379777e-05,1.459518241e-06,1.670500500e-05,2.631852944e-05,-1.270365710e-05,-6.908232502e-06,6.568264401e-06,1.722097839e-07,8.034667524e-06,5.553626269e-06,2.600352754e-06
2.703000000e+01,7.309200735e-06,3.168399059e-06,1.444530730e-05,-8.231042460e-07,1.551962088e-05,1.955474991e-06,-8.897163414e-06,2.079715957e-05,-6.949489608e-06,-2.416422877e-06,1.357956516e-05,1.068091842e-05
2.704000000e+01,1.126516668e-05,-1.348155278e-05,8.842418830e-06,2.684924246e-06,-5.985816322e-06,1.920709717e-05,1.609697713e-05,-2.478432149e-06,-6.110854515e-06,1.258603093e-05,1.787745046e-05,1.092423913e-05
2.705000000e+01,1.042741580e-05,-4.560143800e-06,3.047250040e-06,1.345804578e-05,5.828290360e-06,-4.335510067e-06,7.669423978e-06,1.077952372e-05,4.007147598e-06,7.424649706e-06,9.752747169e-06,8.085376577e-07
2.706000000e+01,-2.695911489e-06,-5.000900573e-06,7.980359740e-06,2.075430144e-06,7.360389602e-06,4.454226652e-07,6.074592097e-06,-5.788771078e-06,-8.455553156e-06,-1.111361669e-05,1.698593875e-06,6.633979874e-06
2.707000000e+01,2.361242828e-06,4.435276354e-06,-4.531047944e-06,-5.736841630e-06,-4.755372470e-07,1.180239421e-05,-3.166446785e-06,-9.687800011e-07,2.267349663e-06,-4.716081224e-06,-9.738970790e-06,-2.264464122e-06
2.708000000e+01,-1.446773585e-05,-1.044404905e-05,-2.783938314e-06,5.926353698e-07,1.568926270e-06,6.677245342e-07,4.866862862e-06,-2.416992870e-06,-6.187290024e-06,-7.668852594e-06,-8.056631372e-06,-4.816473902e-06
2.709000000e+01,1.404936898e-05,1.402688304e-06,-2.353424910e-06,-1.278677404e-06,6.708762241e-06,2.981716505e-06,-4.287128052e-06,5.478083742e-06,-3.482236369e-06,-3.380710696e-06,4.458293355e-06,-6.185315645e-06
2.710000000e+01,-1.039607328e-06,-6.443165994e-07,1.212225101e-05,-9.056477425e-06,3.367422334e-06,1.095612123e-05,2.315715484e-06,7.272506947e-06,-9.950670919e-06,-3.896239654e-06,-2.646117996e-06,9.642646272e-06
2.711000000e+01,2.596013384e-06,-9.954787719e-07,-1.857526606e-05,-2.412458253e-06,-1.744370180e-06,-6.435835899e-08,6.891807050e-06,6.173612741e-06,1.100393450e-05,-6.040036676e-06,8.167959049e-06,2.685331639e-06
2.712000000e+01,1.135008795e-05,3.482464575e-06,2.856779659e-06,-5.467885908e-07,5.895100804e-06,-4.103559560e-06,5.445763774e-06,-6.578186152e-06,-4.304504844e-06,-1.110966382e-05,9.781235319e-06,1.344549803e-05
2.713000000e+01,2.361249847e-06,7.226368827e-06,-6.764623187e-06,9.905393258e-06,1.139263181e-05,1.343965355e-05,-2.359220339e-06,2.431711942e-06,2.831371745e-06,1.557012998e-05,1.581545762e-05,1.747216529e-05
2.714000000e+01,1.551853727e-05,4.767329696e-06,-3.500038467e-06,1.262726626e-06,-7.428809869e-06,4.233538005e-06,4.583954971e-06,5.067973211e-06,1.373847118e-06,7.542144417e-06,6.545336146e-06,7.844785332e-06
2.715000000e+01,-1.717179089e-06,1.879243174e-06,2.375611628e-06,1.268675477e-05,1.882785482e-06,-1.098651294e-06,2.013708518e-05,1.678796001e-06,-3.477534381e-06,2.766251162e-06,1.169608279e-05,-8.242975639e-06
2.716000000e+01,-7.962190894e-06,-6.866412401e-06,5.267894102e-06,8.714526601e-07,4.020605464e-06,1.576231536e-06,2.531629861e-06,-6.546815621e-06,-3.670935047e-07,-8.518241745e-06,5.600146768e-07,-1.473260057e-06
2.717000000e+01,5.078902798e-06,6.729753398e-06,9.878512742e-06,-9.873225142e-07,9.837953663e-06,-2.844429127e-06,-2.328710151e-06,1.020866950e-05,-6.514349799e-06,6.868917156e-06,-7.576133410e-06,-1.489615934e-06
2.718000000e+01,4.771087519e-06,-6.043251300e-06,6.790224791e-06,-2.363823496e-05,-3.988330577e-06,-3.089796401e-06,-1.344370924e-06,-1.541853633e-05,5.174882707e-06,-7.335546995e-07,-9.941590593e-06,-9.279936024e-06
2.719000000e+01,-6.163084842e-06,-1.308465254e-05,-2.687148838e-06,-2.736855279e-06,-3.884815489e-06,-9.622661468e-06,-2.742238773e-06,-1.007212808e-05,-7.225967742e-06,-4.329913701e-06,-3.074667487e-09,-1.442770498e-05
2.720000000e+01,-3.159247636e-06,-5.156175595e-06,-9.826329787e-06,-2.287637811e-05,-6.634559951e-06,3.907384538e-06,-3.331277894e-06,1.609466318e-06,-1.203559249e-06,-6.182576667e-06,-6.283191915e-06,-3.879452359e-06
2.721000000e+01,9.801600618e-06,-3.820026641e-06,-3.376110624e-06,-9.634868378e-06,4.878611083e-06,6.431079161e-06,4.051862036e-06,-6.455757253e-06,3.925953017e-06,-4.683108205e-06,-9.674993054e-06,1.059909807e-05
2.722000000e+01,-2.441552838e-06,-7.377524060e-06,-5.210724955e-06,-9.207718996e-06,1.155164723e-07,-2.473505915e-06,2.495551650e-06,-4.169826489e-06,6.760021444e-07,-9.030215039e-06,-1.158221967e-05,-1.069360304e-05
2.723000000e+01,-2.346634673e-06,-3.312757356e-06,9.355795117e-07,3.799846041e-06,3.682119018e-06,7.940291544e-06,5.913860931e-06,-6.178180026e-07,-4.153754612e-06,8.905849754e-07,5.157226230e-06,-1.299343411e-05
2.724000000e+01,-1.924938180e-06,1.252012294e-05,1.463894165e-05,-7.977509561e-06,1.358716601e-05,8.354163767e-06,8.445625483e-06,1.717770093e-06,-9.501946478e-06,-7.528867237e-07,4.437774885e-06,-4.030432454e-06
2.725000000e+01,8.525034811e-06,-1.039808863e-05,2.461127840e-06,-9.125367841e-06,-8.455615509e-06,2.446211212e-08,4.428819127e-06,-3.009875053e-06,6.278468739e-06,-4.946729989e-07,8.117781013e-07,1.249666153e-05
2.726000000e+01,-3.817873475e-07,1.356147230e-06,4.953521448e-06,-6.296513388e-06,7.511301586e-06,1.066845411e-05,3.155352430e-06,-4.839121872e-06,-9.711763676e-07,-6.115006757e-06,3.188301567e-06,9.802695462e-06
2.727000000e+01,3.207466705e-06,-3.889739470e-06,4.669579153e-06,8.287228282e-06,-9.372946963e-06,6.266448794e-06,1.601157592e-06,-1.395084437e-05,7.159291164e-06,8.265045235e-06,-4.659480097e-06,-6.832904270e-06
2.728000000e+01,-8.739899365e-06,2.057625186e-06,-7.423147475e-06,-1.187206573e-06,-7.665937317e-06,1.017421646e-06,-1.958592835e-06,-1.337721164e-05,6.064299833e-06,1.109750138e-05,-1.181564098e-05,-1.308329240e-06
2.729000000e+01,-6.680947165e-06,4.392374872e-06,-1.653063921e-06,3.630728366e-06,-7.661054994e-06,-1.236688742e-05,-2.795575646e-06,2.905395081e-07,-5.635157575e-06,-4.800560283e-06,-1.779000102e-05,-1.276452617e-05
2.730000000e+01,-1.297083358e-05,-1.063560195e-05,-1.556374380e-05,-6.597355912e-06,-4.842881045e-06,-7.822894761e-07,-5.824372756e-06,4.396358600e-06,-2.003481040e-05,-2.298620220e-05,-5.080532109e-06,-4.695267258e-06
2.731000000e+01,3.539074780e-06,9.909641246e-06,-2.027755984e-06,2.984071862e-06,-1.123568897e-05,-1.126515664e-07,-1.307934328e-05,-1.743465150e-05,5.149550902e-07,-2.285824007e-06,5.455913713e-06,-2.963682804e-06
2.732000000e+01,-6.284233391e-07,-8.951152837e-06,6.590162405e-06,6.903072144e-06,-1.610904321e-05,-1.285316596e-05,1.927392627e-06,-1.302112740e-05,7.319293022e-06,-8.322217199e-06,-1.212467857e-05,1.324886152e-06
2.733000000e+01,2.101522464e-06,1.641053518e-06,1.403496699e-05,-8.310981343e-06,-1.053984976e-06,-3.394878016e-07,3.885748474e-06,6.100129864e-06,6.151775112e-06,-1.135398255e-05,-2.733723575e-07,2.104816613e-06
2.734000000e+01,5.173627334e-06,-9.669945800e-06,3.962317004e-06,7.056209866e-06,-5.556680510e-06,6.807423893e-06,5.773612784e-06,6.949521089e-06,-5.504878795e-06,-1.050820533e-05,-2.762352852e-06,-5.277556025e-06
2.735000000e+01,-2.709003519e-06,-1.611878246e-06,4.160798646e-06,1.440926507e-05,4.450675871e-06,1.323226405e-05,3.413280455e-07,-3.545515823e-06,-9.920707789e-06,-8.521965512e-07,8.750866420e-06,1.305646843e-05
2.736000000e+01,2.151989443e-05,2.389346662e-05,2.341675219e-05,-1.008577531e-06,1.805305717e-05,1.074231617e-05,2.149248096e-05,6.510179331e-06,6.582881016e-06,9.988686866e-06,4.610899117e-06,3.587739089e-06
2.737000000e+01,3.885235482e-06,1.763027055e-05,5.370362826e-06,7.885910184e-06,8.075402007e-06,8.733350058e-06,1.375003534e-05,1.633252591e-05,1.076106863e-05,1.194469427e-05,-1.106321337e-05,1.967985127e-05
2.738000000e+01,9.944559898e-06,-5.598871940e-06,9.847415133e-06,1.169437946e-05,1.664064305e-05,7.037741062e-06,1.483619409e-06,3.550240579e-06,1.089516563e-05,1.882658388e-07,4.939515350e-06,-2.147284740e-06
2.739000000e+01,4.416526085e-06,-5.395953283e-06,9.960397810e-06,4.658117931e-06,5.396535256e-06,5.715049671e-06,-2.091121058e-06,-5.520231403e-06,-4.599602290e-07,1.188753294e-05,-1.804967909e-06,1.174821629e-05
2.740000000e+01,-5.578630352e-07,-7.329400791e-06,-6.451628634e-06,1.460480759e-06,3.747687878e-06,3.505021372e-06,3.162300660e-08,1.760692436e-06,-8.864743142e-07,-2.106649405e-06,-2.742096579e-06,-6.199224617e-06
2.741000000e+01,-1.005341247e-05,1.454086065e-05,9.370030798e-06,-8.886737265e-06,3.946584048e-06,-3.990777099e-06,1.410722058e-06,-7.417071589e-06,3.275087951e-06,5.278889992e-06,-4.911145923e-06,-8.607057544e-06
2.742000000e+01,-1.217028713e-05,4.352133909e-06,-1.100309735e-05,-9.889536504e-07,7.261041612e-06,-5.211061509e-06,-2.146615812e-06,1.041120485e-05,-4.189787203e-06,9.563948263e-06,-1.353075884e-06,3.614905331e-06
2.743000000e+01,5.485751662e-06,-3.237219224e-06,7.887199766e-06,3.101742033e-06,-7.334866008e-06,-8.307335291e-06,1.380261293e-05,8.721998742e-06,-3.832221910e-06,1.919713531e-05,-2.603853370e-06,2.603086962e-06
2.744000000e+01,-1.024006277e-05,-9.161626623e-07,-4.866619831e-06,-3.144743456e-06,-2.105660174e-06,1.920365447e-05,1.068763527e-05,-2.011981738e-06,2.035049746e-06,-1.592839991e-06,6.085915436e-06,2.729420310e-06
2.745000000e+01,7.774794160e-06,9.580659946e-06,2.513505874e-06,-3.605083252e-06,-6.408297903e-06,6.497719625e-06,-4.837040854e-06,1.140988835e-05,1.221281056e-05,-8.847763899e-06,5.184518452e-06,7.165224477e-06
2.746000000e+01,-1.114720746e-05,1.611857933e-05,6.232058652e-06,1.121930801e-05,-6.521630213e-06,1.971226000e-06,1.513936690e-05,5.076313851e-06,3.403424175e-06,7.324353516e-06,2.078457018e-06,1.474532144e-05
2.747000000e+01,1.686021779e-06,5.886107450e-06,8.949973081e-06,8.853479016e-06,5.022535622e-06,1.139906553e-05,1.394053998e-05,8.835491943e-06,5.263057687e-06,1.965648772e-05,2.685998998e-06,3.193632813e-06
2.748000000e+01,-2.001445400e-06,1.211053238e-05,-9.720186376e-06,1.509918674e-05,-9.712814673e-07,4.701970264e-06,-3.523445281e-07,3.638353287e-06,6.312623723e-06,1.263881452e-05,5.664617169e-06,4.221674011e-06
2.749000000e+01,1.049650734e-06,3.838102134e-06,6.032300326e-06,1.431304930e-06,2.574553835e-06,1.092388213e-05,6.877899628e-06,-4.494524154e-06,1.564857852e-05,9.826455624e-06,2.441347071e-06,7.839328201e-06
2.750000000e+01,1.335513503e-05,4.479132033e-06,6.874559881e-06,2.274192508e-05,-1.443956880e-06,7.051219553e-06,1.096684339e-06,-4.549126767e-06,-6.430010943e-06,-5.005493524e-06,-5.559199621e-06,-1.071417828e-06
2.751000000e+01,2.804084529e-07,-1.039103628e-05,-7.945268613e-06,2.587571846e-06,4.240809295e-07,1.757812941e-06,5.697767323e-06,-2.903783678e-07,-1.734977600e-05,-4.586742879e-06,-3.430832795e-06,3.759922209e-06
2.752000000e+01,-1.102265437e-05,-1.687214186e-05,-1.629003037e-06,-1.085570752e-05,-1.878998166e-06,-1.338249813e-05,-1.621673449e-06,-1.445888257e-05,-9.542047281e-06,1.352180614e-06,-1.017406377e-05,-3.654353066e-06
2.753000000e+01,-5.537682963e-06,-1.811700318e-05,-6.957277519e-07,-9.461762188e-06,-5.380900282e-06,-9.397621231e-06,-1.322824825e-05,-8.621534732e-06,-1.048818458e-05,-6.811093222e-06,1.052632556e-05,-8.861867929e-06
2.754000000e+01,-3.848562437e-06,-1.210740714e-05,-7.598523880e-06,-1.069291648e-05,3.027309106e-06,-9.288848471e-06,-4.703339127e-06,-8.633609294e-06,-5.602874784e-06,-1.438365939e-05,-5.942748800e-06,-4.103065146e-06
2.755000000e+01,-1.193543445e-05,-3.677754187e-06,8.280597564e-06,-1.583289931e-05,1.957319615e-06,-9.451420138e-06,1.122495620e-05,-5.902321659e-06,-5.132977587e-07,-1.535720845e-06,-1.067890605e-05,1.927698144e-06
2.756000000e+01,5.476729274e-07,1.747200128e-06,-1.721513654e-05,-1.015225990e-05,-9.598997876e-07,-3.216012116e-06,1.542884490e-05,-6.919865023e-07,2.481489517e-06,1.021271005e-05,-1.143662956e-05,-2.015144371e-06
2.757000000e+01,2.246985983e-06,-9.000195856e-06,-5.214855749e-06,8.174071813e-06,-2.864824920e-07,5.373902765e-06,-6.160662643e-07,3.769994477e-07,1.388657916e-06,6.394072363e-06,5.185287852e-06,-2.724557561e-06
2.758000000e+01,6.815323684e-06,9.173187969e-06,-3.239839440e-06,1.256574899e-06,-3.539595605e-06,-7.149641852e-06,3.811655428e-08,7.368317126e-06,3.573120941e-06,-1.251192235e-05,-5.475053049e-07,5.771593946e-06
2.759000000e+01,5.720703666e-06,-5.117822912e-06,-1.272080817e-05,3.977293025e-06,-1.947778424e-07,3.634326187e-06,-1.037506217e-05,8.613666439e-06,-5.774171399e-06,-5.833669348e-06,-1.113670233e-05,-6.274999203e-06
2.760000000e+01,-5.289845123e-06,-2.173266768e-06,-1.406549630e-06,-8.384530474e-07,1.305377689e-06,-1.604388231e-06,1.092549442e-05,4.094574978e-06,-5.708987307e-06,3.509780512e-06,-6.548976768e-06,-6.603291495e-06
2.761000000e+01,-1.171100292e-05,-4.243506268e-06,-1.811221402e-06,-1.069640618e-05,3.781073829e-07,6.739933165e-06,-1.660427888e-05,-2.100471424e-05,-1.769855427e-06,-1.073255510e-06,8.621310070e-06,-8.139714333e-06
2.762000000e+01,-2.813024465e-06,-1.972726944e-05,3.034406332e-07,5.131756661e-06,-1.385730151e-05,-1.949696726e-05,-6.777761858e-06,-5.981564686e-06,-3.803078321e-06,-2.259380032e-06,-3.447795521e-06,-1.360311624e-05
2.763000000e+01,-8.433592493e-06,-6.145106134e-06,-9.507042649e-06,4.494895843e-06,-4.191572216e-06,-7.036409621e-06,-1.708806286e-05,-6.091508938e-06,-2.004212964e-06,-1.056220451e-05,-1.401712591e-06,-1.704114111e-05
2.764000000e+01,-1.623852808e-05,-7.699101377e-06,-5.719717410e-06,-3.376540397e-06,-4.309927981e-06,-6.070712445e-06,-7.636688586e-06,7.656334272e-06,-4.697035607e-06,6.961040455e-06,-1.177056507e-05,-7.112232470e-06
2.765000000e+01,-6.503579391e-07,-9.007339082e-06,5.416837937e-06,-5.368598656e-06,-1.107053312e-05,-7.195710146e-06,-6.641032995e-06,-1.078998067e-05,-1.363860258e-05,-1.103271793e-05,4.838219291e-06,-3.437823479e-06
2.766000000e+01,4.071529999e-06,-6.917711601e-06,2.692112094e-06,-1.489891734e-05,-1.009860881e-05,-4.292053627e-07,-1.252433922e-05,-6.599068046e-06,-8.027259242e-06,-8.760705111e-06,-1.467308158e-06,1.669524346e-06
2.767000000e+01,7.982407938e-06,-4.415935420e-06,-7.125155583e-06,1.345632878e-05,2.578136562e-06,1.620884246e-05,-3.484841267e-06,-5.999334997e-06,1.653654578e-06,8.460370530e-08,1.699059832e-06,5.046671690e-06
2.768000000e+01,-8.021599178e-06,1.068423470e-05,1.368273984e-05,1.076707792e-05,-1.093324046e-06,8.266288454e-06,7.400862066e-06,-2.369014509e-06,1.478458892e-05,-6.372538307e-06,-6.754617728e-06,-6.206903764e-06
2.769000000e+01,-4.728470843e-07,2.020360231e-06,1.510644943e-05,-3.668976584e-06,1.280246888e-06,1.507589646e-05,-9.911136723e-07,1.237400964e-05,-3.606932163e-06,6.744386778e-06,2.645862178e-05,-4.608809240e-06
2.770000000e+01,1.965576195e-06,1.358348013e-05,4.704538060e-06,2.049525361e-05,1.195586276e-05,1.103819867e-05,-1.683861220e-06,1.702189892e-06,3.984063386e-06,1.382934571e-05,-7.315013516e-07,8.623978746e-06
2.771000000e+01,1.555192281e-05,1.053996194e-05,-9.985028672e-07,4.789356720e-06,2.012870102e-05,1.062402592e-05,-5.883691644e-06,1.756756502e-05,2.270319689e-05,9.126163560e-06,6.082051667e-06,-4.720880776e-07
2.772000000e+01,2.504673401e-06,4.277275117e-06,1.049869812e-05,3.118233837e-06,4.447382352e-07,-9.027864494e-06,1.470149027e-06,3.288063111e-06,5.397495888e-07,-1.169267716e-06,6.464345871e-06,1.012765951e-05
2.773000000e+01,1.456034246e-06,-3.525893150e-06,-1.850182130e-06,1.000526865e-05,1.300643316e-05,-2.321138591e-06,6.660808091e-06,9.466221394e-06,5.927138989e-06,1.578806246e-05,-1.027293212e-05,-7.222501755e-06
2.774000000e+01,-1.519390116e-06,-5.012716544e-06,-5.363003456e-06,3.720993095e-06,-5.118478674e-06,1.134809484e-05,-6.820350456e-06,-9.944736613e-06,-2.187219611e-06,9.578643735e-08,-1.992271774e-05,2.111988046e-06
2.775000000e+01,9.293339313e-07,-5.958351724e-06,-8.997862774e-06,-2.171904143e-06,-5.971217219e-06,-2.186559178e-07,-4.844674625e-06,-1.511271516e-05,1.202420380e-05,-4.591539464e-06,-7.226548369e-06,-3.544187178e-06
2.776000000e+01,-6.845302558e-06,3.265894073e-06,2.371344872e-06,-1.975570388e-06,3.389150654e-06,-1.218463962e-05,-2.022250557e-06,-5.935396313e-06,-5.391521327e-06,-4.556545708e-06,-1.450730659e-06,-1.299231836e-05
2.777000000e+01,-6.121032077e-06,1.164985278e-06,-1.254921072e-05,-1.949501925e-06,-1.730796112e-05,-4.334310250e-06,2.613587218e-06,-9.274497978e-06,-6.783735657e-07,2.493091918e-05,-6.928068212e-06,-3.390705191e-06
2.778000000e+01,9.102186529e-06,1.373358473e-05,6.793765459e-06,6.641938273e-06,6.500628647e-06,-5.103165775e-06,3.744353835e-06,4.252064622e-06,-9.496784837e-07,-4.214691102e-06,7.168297610e-06,-4.163324118e-06
2.779000000e+01,8.191009320e-06,9.692768657e-06,7.413310766e-06,9.278674289e-06,8.226873846e-06,1.269173164e-05,-4.835358721e-06,1.529500602e-05,1.808887274e-05,4.443838432e-06,3.173804469e-06,4.748812699e-06
2.780000000e+01,1.557310339e-05,6.393410609e-07,2.037878368e-05,1.641444437e-06,1.223147078e-05,1.374572901e-05,6.082316057e-06,1.001608361e-05,9.443504765e-06,1.152667693e-05,-6.350947779e-07,-2.181122925e-06
2.781000000e+01,1.104896810e-05,1.106663382e-05,9.384770914e-06,1.608984910e-05,-6.091304940e-06,-4.986143642e-09,1.106457117e-05,7.959953185e-07,2.000540072e-05,1.392337827e-06,2.174298727e-06,-5.592958278e-06
2.782000000e+01,4.074824199e-06,-4.609682802e-06,-5.282360079e-06,-1.234966111e-07,7.664456484e-06,-5.164975329e-06,7.993176786e-06,9.699115033e-06,1.035200209e-05,-7.452216617e-07,2.588721878e-06,1.554257085e-06
2.783000000e+01,-1.174975694e-05,2.298866735e-06,5.341391976e-06,-8.176364958e-06,-1.127688568e-05,-3.575237502e-06,1.456923824e-05,-5.080055112e-06,1.032655212e-05,-1.630340961e-05,-2.728967325e-06,-7.098749866e-06
2.784000000e+01,-7.054151052e-06,-9.191926123e-06,-6.137111224e-06,-8.583538593e-06,-6.167462333e-06,4.801654397e-07,3.504936897e-06,1.340437829e-05,7.994912825e-07,2.494040290e-06,-3.980110658e-06,4.429940484e-06
2.785000000e+01,4.057936425e-06,-4.792626484e-06,-8.174583212e-06,-2.569908272e-06,1.680953146e-06,4.649409470e-06,-1.936281407e-05,3.087546594e-06,-8.223584866e-06,-1.142779955e-05,-9.384684831e-06,3.279644742e-06
2.786000000e+01,-3.840118011e-06,-9.905192420e-06,-3.711520013e-06,8.854837064e-07,-7.177055719e-06,-6.171419802e-06,-1.352549739e-05,-1.168748597e-05,-5.145258830e-06,-1.138844545e-05,2.046944596e-06,-1.086279714e-05
2.787000000e+01,7.081849817e-06,-2.179384941e-05,-6.584320609e-06,5.139841451e-06,2.493291595e-06,-8.796070559e-06,-1.428617403e-05,-9.608872639e-06,3.633132640e-06,-1.303747249e-05,-5.869107232e-06,-9.484477161e-06
2.788000000e+01,-9.403173910e-06,-1.623565770e-05,-1.265433905e-05,-1.211078933e-06,1.372165353e-05,1.088794065e-06,1.192012069e-05,-6.335923819e-06,-5.276268257e-06,4.753488424e-06,-6.927074610e-06,-4.279501024e-06
2.789000000e+01,-6.069426389e-06,2.331262722e-06,-7.973753608e-06,-1.256550174e-05,2.516563184e-06,-1.738046740e-06,-3.092468778e-07,-6.376619065e-06,1.268368326e-05,5.388023675e-06,-1.152319977e-05,-4.985084466e-06
2.790000000e+01,-3.807342468e-06,1.238645925e-05,7.432459673e-06,-8.903389120e-06,1.027068242e-06,-1.295486646e-06,-2.768344998e-07,5.563076880e-06,3.863226659e-07,-3.621765885e-06,1.444982553e-05,-4.905246619e-07
2.791000000e+01,3.489187012e-06,6.782709180e-06,-4.772932387e-06,7.844532837e-06,1.558146966e-06,9.409760390e-06,1.510442309e-06,1.791221183e-06,1.313228661e-05,-1.353375815e-06,-1.624066445e-06,4.658242880e-06
2.792000000e+01,-1.076664442e-06,-2.131423449e-07,1.665432836e-06,-4.142288227e-06,-1.850879649e-06,-9.266867316e-06,-2.106448825e-07,4.099872660e-06,4.557663429e-06,-3.018971359e-06,4.987267917e-06,1.175913777e-05
2.793000000e+01,-6.032730051e-08,6.621017321e-06,-8.852979292e-06,4.314254463e-06,1.004201572e-06,1.091609670e-05,1.470290037e-06,1.492501866e-06,7.337347398e-06,1.558899959e-05,-3.973268845e-06,-2.671234033e-06
2.794000000e+01,9.724671028e-06,3.256698747e-06,-9.466085411e-07,-5.830258708e-06,-3.264953434e-06,8.336845709e-06,5.458682264e-06,-1.653130725e-06,-1.793707339e-06,-7.919621598e-06,-7.229746604e-06,-9.969791676e-06
2.795000000e+01,-1.103752342e-05,-7.886824146e-06,-1.452062110e-06,-3.995736357e-06,6.838887719e-06,-1.659740664e-05,7.595684259e-06,-2.406065505e-06,9.732166638e-06,-5.251896566e-06,-1.455049519e-05,-1.213477866e-05
2.796000000e+01,-5.470168051e-06,1.405640007e-06,-7.923422551e-06,-8.184651313e-06,-7.596505822e-06,-1.869615431e-05,-1.154749459e-07,-3.458879589e-06,-4.321845952e-06,-3.741223669e-06,4.158813810e-06,-1.202657722e-05
2.797000000e+01,-6.098403499e-06,-1.517955820e-05,9.358393414e-08,-6.293718797e-06,-9.768989803e-06,-8.129357846e-06,-2.926394492e-06,-5.633927139e-06,8.500719653e-06,5.598749738e-06,-8.334764142e-06,-1.002293807e-05
2.798000000e+01,-7.632607620e-06,1.653768949e-06,-2.004946869e-07,-1.255958799e-05,-9.834433119e-06,-4.919739189e-06,-4.884008940e-06,-2.729002730e-06,-1.798466826e-05,-9.185154954e-06,3.256477438e-08,-1.755900403e-05
2.799000000e+01,-9.740632138e-06,-3.447527210e-06,3.094941404e-06,-6.018423885e-06,-5.716908833e-06,2.069571088e-07,9.682214708e-06,-7.768805323e-06,8.465415942e-06,-1.219942411e-05,3.178411590e-06,-1.071453139e-05
2.800000000e+01,1.966506987e-06,-3.418079470e-06,-3.554954029e-06,-2.473866686e-06,-3.785749050e-06,-1.478674204e-05,-8.721827583e-06,8.438719240e-06,6.266480980e-07,-5.436037087e-06,-6.335912787e-06,2.340882349e-06
2.801000000e+01,1.273849333e-05,-1.263316328e-06,8.976234681e-06,1.550674557e-05,6.863992754e-06,7.723866589e-06,6.334557487e-06,4.117802945e-07,-1.087459258e-06,1.632211708e-05,3.667112581e-07,-2.024531728e-06
2.802000000e+01,4.975742043e-06,8.470323471e-06,1.299076113e-05,6.628387790e-06,-1.166782895e-06,4.512033751e-06,9.374936765e-06,1.031921008e-05,-4.510422553e-06,8.794535386e-06,3.225541805e-06,4.837307249e-06
2.803000000e+01,6.125933226e-06,-5.352302057e-06,9.064866328e-06,9.773738468e-06,2.118463584e-06,1.861042438e-06,1.981001307e-05,3.098300187e-06,5.001386886e-06,4.889326616e-06,8.979325357e-06,5.227695142e-06
2.804000000e+01,1.274531334e-05,1.026178562e-05,1.351200522e-05,8.684497693e-06,1.257438209e-05,-3.464941322e-07,6.709278404e-06,7.379719197e-06,7.012345084e-06,1.357411411e-05,8.585102930e-06,8.796575519e-06
2.805000000e+01,3.305813308e-06,-8.988332366e-06,3.072006491e-06,5.039485764e-06,1.819188659e-05,5.611524254e-06,7.439330025e-06,-3.767033944e-06,1.221975649e-05,8.892181620e-06,-1.928761029e-06,8.383736081e-06
2.806000000e+01,-1.752617058e-06,5.282357390e-06,-9.941865820e-07,-6.574330874e-06,3.203165261e-06,8.067915105e-06,-1.290692379e-07,1.959596273e-06,-1.541729251e-06,-5.162319651e-06,-1.733255412e-06,-5.693148195e-06
2.807000000e+01,2.529286603e-06,-2.571360218e-06,-2.626974138e-06,-2.144115808e-06,1.487232963e-06,-2.042716672e-06,1.845517672e-05,-7.578347684e-06,-2.439251732e-07,-4.212247260e-06,3.441441563e-06,4.379282949e-06
2.808000000e+01,-1.026428988e-05,5.036055411e-06,-9.174486198e-07,8.255458457e-06,-1.687793068e-05,5.387353185e-06,-5.494205830e-06,-9.358327628e-06,-1.968490844e-05,-7.226781550e-06,1.928224933e-06,-1.944334282e-06
2.809000000e+01,1.431342907e-06,-1.015733117e-06,-3.297156130e-06,-5.912354242e-06,1.198289919e-06,-5.369646382e-06,-3.320911448e-06,-5.846443712e-06,-1.469752553e-06,1.167502843e-07,-3.455434601e-06,-8.624354468e-07
2.810000000e+01,6.799908319e-06,-5.383802413e-06,7.589001569e-06,-7.505029543e-06,-6.070549492e-07,-3.591664121e-06,5.133419275e-06,6.286145721e-06,1.058690730e-05,-1.262586570e-05,-1.465337140e-05,-3.851238425e-06
2.811000000e+01,3.320538395e-06,-4.127159629e-06,6.072714028e-06,1.309316563e-05,1.229927034e-05,1.326648853e-05,-5.801730943e-06,-5.943357562e-08,3.712144981e-06,5.791350113e-06,1.281063444e-06,7.629427117e-06
2.812000000e+01,1.835693387e-05,2.191314003e-05,-1.812225155e-06,5.388964393e-06,2.082034312e-05,5.692606800e-07,7.496358397e-06,-9.227059363e-07,1.340254677e-05,1.697879032e-05,1.161420082e-06,-2.615683983e-06
2.813000000e+01,1.198744342e-05,1.607785217e-06,1.109796280e-05,5.000507555e-06,-1.088706420e-06,1.450323583e-05,1.508635990e-05,1.894270419e-05,1.155756193e-05,3.354962494e-06,1.055132864e-05,1.263720039e-05
2.814000000e+01,1.145730861e-05,-2.735436194e-08,1.358419087e-05,-4.507592042e-06,1.856078509e-05,6.679407531e-06,7.422065995e-07,1.425864836e-05,6.272719068e-06,4.967874034e-07,6.184945739e-06,7.251052742e-06
2.815000000e+01,-6.610737482e-06,7.126285660e-06,1.355972634e-06,4.055584941e-06,9.022722531e-06,3.978768478e-06,4.388403352e-06,5.921742183e-06,-9.267187365e-06,7.382240704e-06,-1.202635410e-06,1.576737907e-06
2.816000000e+01,4.258769052e-06,-7.691162313e-06,-3.952898804e-06,1.007484144e-05,-6.603819726e-06,4.143687518e-06,2.194845945e-06,7.350197772e-06,-6.236219039e-07,-9.492655501e-07,-8.029584159e-06,-1.608871512e-05
2.817000000e+01,1.899386438e-05,-4.215475336e-06,1.128572095e-06,5.773392747e-06,2.009427526e-06,4.612911280e-06,3.038186209e-06,-8.723253300e-06,-8.495379598e-07,9.617116571e-06,5.819904891e-06,-1.070589376e-05
2.818000000e+01,-1.119533797e-05,-7.301645945e-07,-2.697302130e-07,-4.117827376e-06,-8.353100346e-06,-1.295228662e-05,-6.137094665e-06,-7.685901199e-06,1.452984148e-06,7.838858394e-08,-7.391169978e-06,-2.797917846e-06
2.819000000e+01,-4.683312685e-06,-4.410143134e-06,-4.290464009e-06,5.242205292e-06,-3.664927526e-06,-1.083535366e-05,-4.003790659e-06,-7.259677276e-07,-1.593049096e-05,-7.726284838e-06,-6.618938154e-06,3.289908181e-06
2.820000000e+01,-6.168689434e-06,-4.803746187e-06,-2.123414984e-05,-7.829495794e-06,-1.159154334e-05,-3.390574591e-06,4.137802752e-06,-1.894781355e-05,-1.719281486e-05,-8.994203476e-06,-1.530630055e-05,7.714589252e-06
2.821000000e+01,-6.236712078e-07,-1.553948101e-06,1.876844807e-06,-3.310006666e-06,-1.334250317e-05,2.103388881e-07,-1.103905110e-06,-7.016288364e-06,-1.831411656e-05,-8.756448612e-06,3.513399542e-06,1.129284193e-06
2.822000000e+01,7.580115675e-06,-5.404349440e-06,-6.969085228e-06,6.238202289e-06,-5.048417468e-07,1.103208081e-05,3.461114761e-06,-1.596059306e-05,-6.114701091e-06,8.697775229e-06,-6.185481609e-06,-9.609143914e-07
2.823000000e+01,-8.206448913e-08,-4.120376283e-06,-2.951097902e-06,6.673056095e-06,5.063948554e-06,1.317875854e-05,-1.394630724e-07,-1.810150466e-06,-2.081529123e-06,1.006219683e-05,-5.981141087e-06,-2.556284905e-06
2.824000000e+01,7.360312053e-06,-1.104100421e-05,5.089579567e-06,4.143974239e-06,6.135989541e-06,6.611864855e-06,4.880488955e-06,-9.171011997e-07,-2.093745021e-06,-2.882717436e-06,7.429617401e-07,-3.176683651e-06
2.825000000e+01,-1.929926542e-06,4.127779574e-06,2.878655975e-06,7.675755546e-06,5.462142380e-06,-4.907405857e-06,9.494696745e-06,3.932292417e-06,2.664503209e-06,-1.339118957e-05,-5.423766319e-08,1.192223953e-05
2.826000000e+01,1.001010916e-06,5.022774944e-06,1.172805975e-06,1.067163523e-05,-3.676968625e-06,-5.805327552e-06,-3.944988437e-06,9.480947805e-06,-2.990207481e-07,5.816484685e-06,6.708898868e-06,9.645610264e-06
2.827000000e+01,7.034988886e-06,1.397705097e-05,1.033178215e-05,1.319563102e-05,-5.475691020e-06,-5.718718418e-06,3.513731576e-06,1.882127791e-06,5.728076403e-06,-2.215280574e-06,-2.427428479e-06,2.633579471e-06
2.828000000e+01,-9.896012956e-06,-1.507258166e-05,5.714673958e-06,-7.637265665e-06,3.405696253e-06,-1.390563844e-05,-3.199552698e-06,-1.428738371e-05,9.739807514e-06,-1.614448845e-07,2.084810453e-06,1.981708158e-06
2.829000000e+01,-2.672168810e-06,3.128664524e-06,-1.142793254e-05,-1.251843731e-05,3.785282507e-06,-9.536173332e-06,-9.834149839e-06,-1.111462823e-05,-1.235625671e-05,-9.455432947e-06,-1.602648599e-06,-1.185170309e-05
2.830000000e+01,-6.189456703e-06,-2.763578598e-06,-6.740479398e-06,-1.379392418e-06,-6.597737985e-06,-1.830508479e-05,1.804674508e-06,8.466840574e-06,4.085118077e-07,6.975790893e-06,-9.296937563e-06,-1.219657068e-05
2.831000000e+01,-1.147721360e-05,-1.589049561e-05,-1.213710375e-06,4.200661409e-07,-1.121508767e-05,-3.116478741e-06,3.401901257e-06,2.353132610e-07,-1.490655638e-05,4.784298364e-07,-4.959266390e-06,-6.478694897e-06
2.832000000e+01,4.343720311e-07,6.889706406e-07,-7.241164588e-06,9.387473870e-07,-2.375182359e-06,-4.091010489e-06,-1.497132311e-05,-5.209537120e-06,-4.782953421e-06,-7.383280336e-06,-1.244390628e-05,3.207674201e-06
2.833000000e+01,8.413897026e-06,1.352642121e-05,-5.973756953e-06,-1.095143583e-06,3.683371632e-06,-6.883376780e-06,1.108283935e-05,2.522210551e-06,-5.714284129e-06,-8.983539473e-06,-4.224751678e-06,-4.096270389e-06
2.834000000e+01,-1.957735491e-06,9.872236119e-06,1.717025512e-06,4.781436615e-06,5.480850810e-06,-5.537495967e-06,5.850924447e-06,4.934641840e-06,2.603644327e-06,4.332866711e-06,1.057343438e-06,1.026187307e-06
2.835000000e+01,3.617569814e-06,-7.739748970e-06,3.102374557e-06,5.326146604e-06,4.547017377e-06,1.309315410e-05,8.592097846e-06,-2.345980315e-06,6.665707400e-06,3.391379817e-06,-5.839139028e-06,4.247117933e-06
2.836000000e+01,-5.252583960e-06,6.805568336e-06,1.117865565e-06,1.120344078e-05,7.686656268e-06,7.123032331e-06,1.250238378e-05,2.096687569e-06,1.814243671e-05,-2.975532143e-07,9.292125207e-06,2.085305229e-05
2.837000000e+01,-1.604683893e-06,1.145049747e-05,1.300102132e-05,3.426811422e-07,1.010681357e-05,-1.928867884e-06,2.619828316e-06,-4.673597255e-06,1.745349341e-06,9.182209304e-06,1.024422496e-05,5.030547110e-06
2.838000000e+01,6.232019294e-07,1.064115554e-05,1.746701212e-05,2.180889225e-06,6.261589536e-06,-5.743862749e-06,-4.365509260e-06,9.002542298e-06,-3.187333793e-06,8.014040821e-06,4.001042219e-06,1.219447787e-05
2.839000000e+01,3.646315316e-06,5.219835915e-06,1.818666085e-05,-3.240203836e-06,2.560849949e-06,1.840847831e-06,-1.745132433e-06,1.021440970e-05,1.185356675e-05,1.112199151e-05,1.476855029e-06,5.377198109e-06
2.840000000e+01,-2.486311330e-06,-6.168393797e-06,-2.558787387e-06,-6.839975733e-06,3.753359326e-06,1.236421098e-05,6.753193153e-07,1.697821296e-05,-4.978923600e-06,-3.043500757e-06,-1.222623529e-05,9.404771597e-06
2.841000000e+01,-4.567053350e-06,5.911473857e-06,2.230232393e-06,-7.866358788e-06,-4.769122754e-06,4.422412624e-06,-1.446426228e-05,1.168994385e-06,8.417620398e-06,-1.159768671e-06,-8.611200548e-06,5.299562409e-06
2.842000000e+01,4.556987484e-06,4.497748483e-06,-1.402529670e-05,3.279106151e-06,4.860021979e-06,8.413959051e-06,-2.129119168e-05,-1.045591124e-05,-5.651139542e-06,-4.827428797e-07,2.299022493e-06,-1.224059288e-05
2.843000000e+01,7.258311897e-06,-4.649603336e-06,-6.925508804e-06,-1.212066220e-05,-1.246867266e-05,4.411603088e-06,6.084913422e-06,-1.643049464e-05,-3.469095510e-06,-6.526408939e-07,-1.535769115e-05,-6.862087664e-06
2.844000000e+01,2.001327713e-06,1.115592560e-05,6.833856568e-06,-5.571551209e-06,-4.650578365e-06,1.284589264e-05,-4.873936358e-06,1.977457547e-06,1.076325884e-05,1.775153124e-06,3.890842722e-06,-2.336352741e-06
2.845000000e+01,1.246569015e-06,-2.322567616e-06,6.167329472e-06,9.415835420e-06,4.616056461e-06,9.171900351e-06,2.811513583e-06,7.324118580e-07,9.724062960e-07,-1.109267781e-05,3.956864859e-06,1.071614767e-05
2.846000000e+01,8.199132415e-06,1.370729338e-07,6.203501776e-07,9.809016471e-06,-3.627684244e-06,-1.297013873e-06,1.579874960e-05,7.481837191e-06,-3.220181396e-06,2.260300254e-06,1.594491506e-05,-4.488101026e-07
2.847000000e+01,6.532034196e-06,4.935367403e-06,6.764716186e-06,1.286224369e-05,7.067496895e-06,7.355270613e-06,2.110228018e-05,1.281181638e-05,1.733103909e-05,1.748764439e-05,-3.002360260e-06,1.943749633e-06
2.848000000e+01,1.524659434e-05,7.777679701e-06,3.750219205e-06,-2.078872513e-06,1.165757456e-05,7.734720437e-06,8.627490593e-06,1.702056789e-05,8.204913975e-06,1.697487195e-05,1.583935955e-05,-3.151717238e-06
2.849000000e+01,3.320268555e-06,-4.498899908e-06,4.316397558e-06,-1.897854846e-06,4.113985984e-07,5.028708933e-06,2.067463617e-06,1.145982136e-05,1.013711486e-05,3.788857413e-06,5.566591081e-06,-2.533581020e-06
2.850000000e+01,8.842681451e-06,5.402925624e-06,-2.141397129e-06,1.168731906e-05,-1.061897653e-06,2.551472764e-06,-1.355118240e-05,-1.073128019e-05,1.393135230e-06,-2.491230391e-06,9.590675251e-06,-7.439603517e-06
2.851000000e+01,-2.199246766e-06,-1.411532048e-05,-8.249539713e-06,-1.277622995e-05,9.120432347e-06,-1.864201358e-06,-1.145689334e-05,1.242638328e-05,-1.091879776e-05,-9.633865353e-06,-5.282198773e-06,-6.488782263e-06
2.852000000e+01,-4.502138857e-06,-7.122856391e-06,-2.951610497e-06,6.716174312e-06,-8.612691121e-06,5.249186012e-06,-1.153359083e-05,-1.038724456e-05,-6.818682349e-06,-1.194467473e-05,-1.923680737e-05,-2.510193828e-05
2.853000000e+01,-2.213719782e-05,-1.269435706e-05,-3.560784385e-07,-1.461335021e-05,-8.467379898e-06,-5.907219069e-06,-5.086015557e-06,-1.522019699e-05,-1.705383602e-05,-4.558236181e-06,-9.863787442e-06,-1.158991147e-05
2.854000000e+01,-1.560601831e-05,-1.141490237e-06,-7.383708764e-07,-1.798751863e-05,3.155703533e-07,1.181263033e-06,-2.097521381e-06,8.461836594e-07,5.633947429e-06,-1.154869740e-06,-1.288855619e-05,-8.067551702e-06
2.855000000e+01,8.172814985e-06,-4.469978216e-06,-1.651720520e-05,4.202302491e-06,-1.292666443e-05,-1.255510738e-05,-1.129959795e-05,-1.467427567e-05,-9.959999114e-06,4.396836747e-06,-3.545415986e-06,-8.732898511e-06
2.856000000e+01,1.257871534e-05,7.557182898e-06,2.093517115e-06,2.071482711e-06,3.902842466e-06,3.968183129e-06,5.593617243e-06,-3.584600098e-06,9.156928686e-06,-6.097517888e-06,-3.763895588e-06,3.124945322e-06
2.857000000e+01,-6.510513874e-06,-7.400398719e-06,9.929075702e-07,5.895207435e-06,3.892229528e-06,5.489914476e-06,3.368010755e-06,-9.239205980e-06,-5.121243817e-06,5.634935452e-06,5.080804975e-06,-1.312340198e-05
2.858000000e+01,-6.806390599e-06,1.241801767e-05,9.491104493e-06,1.280449971e-06,3.303438686e-07,2.958233726e-06,-4.501092547e-06,5.881575644e-06,5.089859456e-06,7.955866097e-06,-6.890115845e-06,3.728948969e-06
2.859000000e+01,-1.123101253e-05,-2.299676753e-06,6.431790841e-06,5.697695134e-06,1.373616481e-05,-6.313951547e-06,2.534288621e-06,-3.723897829e-07,-2.041530721e-06,6.734373378e-06,3.411911607e-07,1.441159661e-05
2.860000000e+01,-8.637508506e-06,1.702726770e-06,-3.662931707e-06,3.268712227e-06,-5.988077237e-06,9.062357800e-06,-1.905118742e-06,-4.621845987e-06,-1.304255079e-06,8.079129603e-07,-2.886986324e-06,-5.724370720e-06
2.861000000e+01,-3.966370374e-06,-5.478171598e-07,-1.513639844e-05,-2.078300338e-08,7.871427632e-06,-1.577040998e-08,-1.166994273e-05,5.033822571e-06,1.350968498e-05,1.419841023e-05,1.769234439e-07,-3.025397156e-06
2.862000000e+01,-1.244241937e-05,-3.256416369e-06,-9.881453778e-06,-1.460637814e-05,-9.763631966e-06,-7.301101233e-06,7.045707723e-07,-2.401111348e-06,-1.956212577e-06,-6.421516215e-07,-6.859172161e-06,-2.113446928e-06
2.863000000e+01,-2.150529406e-06,-1.161925145e-05,-1.111850144e-06,3.255623918e-06,-4.988299448e-06,-1.023484782e-06,-7.134319605e-06,-5.410116726e-06,-4.821457306e-06,-1.457044739e-06,2.298204106e-06,-1.336496452e-05
2.864000000e+01,-6.149968582e-06,-9.277149804e-06,-5.366899623e-06,-8.444378251e-06,-5.903779435e-06,-5.200127159e-07,-5.959921185e-06,-1.500537496e-05,-2.744695573e-06,-1.548027200e-06,-2.135115154e-06,-8.367604048e-06
2.865000000e+01,-9.548734652e-07,-1.509387858e-05,3.383975095e-06,4.201605815e-06,-5.576230915e-06,-8.488040036e-06,1.242353034e-06,-1.838437922e-05,2.006802635e-06,-4.998612231e-06,-3.908288998e-06,-8.406210739e-06
2.866000000e+01,-1.898164205e-07,1.135439600e-05,-3.632356996e-06,-2.189472631e-07,-3.700747245e-06,3.611021333e-06,-6.456044937e-06,-7.440164284e-07,4.955995644e-06,-4.407849145e-06,8.389451525e-06,-1.828293802e-06
2.867000000e+01,6.552060601e-06,-4.135441751e-09,5.384623834e-06,-1.794479550e-06,2.404033592e-06,-2.685151695e-06,1.044898514e-05,-4.319120496e-06,-6.500263527e-06,2.418150293e-06,6.726901278e-06,7.173668414e-06
2.868000000e+01,3.616240255e-06,2.069559999e-06,1.335344024e-05,1.672521488e-05,1.096243198e-05,3.790475527e-06,1.114478249e-06,7.490677809e-06,5.699603401e-06,-6.214489685e-07,1.049527494e-06,-1.314611092e-06
2.869000000e+01,3.268219919e-06,-2.500667016e-06,3.994838539e-06,3.136826081e-06,3.996801191e-06,6.889257520e-06,2.046883935e-06,1.478080929e-05,-4.390093799e-06,-7.419019759e-07,1.610213573e-05,4.483538815e-06
2.870000000e+01,1.910122746e-05,5.103510840e-06,1.441414120e-06,9.765553885e-06,-7.643183490e-06,-1.115673783e-06,9.449837841e-06,5.061274667e-06,-8.699411619e-06,3.220918226e-06,5.400132829e-06,8.974760740e-06
2.871000000e+01,8.963388151e-06,1.105474094e-05,2.777014609e-06,1.066412948e-05,-9.939249377e-08,2.690439035e-06,1.266140514e-05,8.937272795e-06,1.221189037e-05,1.254059533e-05,1.255380843e-06,6.464806800e-06
2.872000000e+01,3.418518670e-06,1.478485129e-05,1.490002175e-05,2.091510004e-05,-2.162247840e-06,2.080416280e-06,1.110561447e-08,8.847920399e-07,-8.480950457e-08,3.990999627e-06,8.710841690e-07,7.633292167e-06
2.873000000e+01,1.071123446e-05,-3.600945023e-07,-1.363426762e-08,-9.934668505e-07,-3.173778323e-07,-6.483682075e-06,-4.532491413e-06,2.570605209e-06,1.028396522e-05,-9.534834456e-07,2.654943257e-06,-1.190986329e-06
2.874000000e+01,1.330116965e-06,-1.067195999e-05,-1.907313683e-06,-1.397949574e-05,-2.878019864e-06,1.307162328e-06,2.808617374e-06,-1.146268648e-05,4.085643855e-06,-1.063265437e-06,5.653869595e-06,-7.461298069e-06
2.875000000e+01,3.494900858e-06,5.382756696e-06,-3.687408814e-06,9.819202326e-06,-2.757352091e-06,4.582361562e-06,-2.060674934e-06,6.337525324e-06,4.908724392e-06,1.397210355e-05,-4.536555868e-06,8.231226436e-06
2.876000000e+01,-1.289698662e-05,-1.489862744e-05,1.979942580e-05,-3.836857773e-06,1.329337430e-05,1.746354306e-05,7.401784250e-06,-1.935718597e-05,3.235139871e-06,1.422696663e-06,1.465341043e-05,-6.207341422e-06
2.877000000e+01,-1.799029922e-06,-7.880186740e-06,-2.387429667e-06,-8.069192607e-06,-4.238792463e-06,7.779714851e-06,3.600162097e-06,2.099010748e-06,-7.666505589e-06,-4.884569909e-08,-2.508958599e-06,-8.408258245e-06
2.878000000e+01,5.711821691e-07,6.249250487e-06,-4.325141838e-08,1.686176066e-06,-9.519734888e-07,-8.391531287e-06,-4.892838738e-06,6.434707654e-07,6.761227441e-06,-8.818860398e-06,9.545847505e-06,4.220543788e-06
2.879000000e+01,1.334430753e-05,4.247929600e-06,6.099427039e-06,7.235832651e-06,2.263032771e-07,3.637290630e-06,1.812753939e-06,-6.731890965e-06,1.039947331e-05,1.417617203e-06,1.457769698e-05,9.821908862e-06
2.880000000e+01,7.557640763e-06,1.702051081e-05,1.053818892e-05,1.818505521e-05,1.307532808e-05,1.504280696e-06,6.787517189e-06,-2.945882814e-06,6.104052154e-06,5.811163792e-06,1.066069030e-05,1.332393618e-05
2.881000000e+01,3.922243821e-06,-8.923637602e-07,1.806846287e-05,1.328451442e-05,1.571292460e-05,7.935387845e-06,7.100447083e-06,1.336180308e-05,9.145236586e-06,4.542021522e-06,4.469238099e-06,-2.224166564e-06
2.882000000e+01,1.043247029e-06,-5.449090781e-07,3.553084551e-06,2.057522566e-06,5.263769630e-06,1.067512194e-05,-5.152643836e-08,4.890448429e-06,3.690415621e-06,8.793674143e-06,2.342272565e-06,1.200488627e-07
2.883000000e+01,3.042672758e-06,-1.721942979e-05,-5.448687182e-06,-8.863245881e-07,4.680955823e-06,-4.391588304e-06,-2.518399380e-06,1.345880492e-05,5.660441242e-06,-2.812417167e-06,1.280501857e-05,-7.051723810e-07
2.884000000e+01,-1.781401115e-06,-6.184640906e-06,-7.029823764e-06,-7.532710371e-06,-1.290541696e-06,-2.449654813e-06,-4.123047490e-06,5.933788104e-06,-1.165816998e-05,-3.912754736e-07,-8.660309078e-07,-9.606084800e-06
2.885000000e+01,-1.011991919e-05,2.174797533e-06,-4.439753733e-06,-1.270448341e-05,-7.400398043e-06,6.308483699e-06,-3.430648145e-06,-5.499964567e-06,-1.419754227e-05,-1.393457176e-06,-5.694205535e-06,-8.088604325e-07
2.886000000e+01,-1.382729781e-05,7.159074684e-06,-1.355875043e-06,-1.324976749e-05,-1.423882402e-05,-4.562970212e-06,-3.993991950e-06,-1.769097498e-05,-1.380243585e-05,8.456773846e-06,-7.697508977e-06,-3.721059887e-06
2.887000000e+01,-2.135756506e-06,-3.888130703e-06,1.656183007e-05,-9.166046962e-06,1.350286230e-06,-5.006573833e-06,-3.526944101e-06,-7.170017587e-06,5.337105336e-06,4.091074525e-06,-2.282052850e-07,-1.142261885e-05
2.888000000e+01,-6.012301345e-06,-7.954476961e-06,2.830812658e-06,-6.118792884e-06,-3.326094944e-06,7.637878621e-07,-1.453691069e-05,-1.406416909e-05,-2.784408346e-06,-8.713478129e-06,-2.421218816e-05,-1.018903499e-05
2.889000000e+01,6.062110225e-07,8.083277114e-06,-8.997822071e-06,-6.620368245e-06,-7.545014939e-06,2.936130559e-06,-1.340453321e-05,1.298513811e-06,-8.134225636e-06,-5.418386116e-06,1.241291861e-05,-4.852586310e-06
2.890000000e+01,9.128190161e-07,-4.271831598e-06,-1.219103156e-05,5.389800692e-06,-1.359539957e-05,5.503292773e-06,-2.123566997e-06,1.409391752e-05,-5.855005230e-06,3.969813326e-06,-1.665119815e-05,1.068485469e-05
2.891000000e+01,2.500655538e-06,1.737498606e-05,6.853452019e-06,-6.163924442e-06,-1.452327406e-05,-3.345487948e-06,-1.269867722e-07,4.449337265e-06,3.563655548e-06,-8.395210952e-06,5.494800886e-06,5.936095381e-07
2.892000000e+01,-1.246049343e-05,2.218387892e-06,3.806699046e-06,-1.527384021e-06,1.007624810e-05,-6.340854587e-07,1.506041498e-05,5.139255813e-08,6.105905110e-06,1.080286940e-05,9.020557915e-07,9.391520812e-06
2.893000000e+01,5.632946478e-06,6.944063985e-06,4.714093222e-07,-4.598434270e-07,-1.091871351e-05,-1.716984353e-06,3.863302259e-07,3.660902970e-06,-7.609116493e-06,5.862296647e-06,-7.496081327e-06,2.090119293e-06
2.894000000e+01,-9.858105719e-06,5.213551612e-06,1.245655305e-05,9.513138578e-06,-3.624944352e-06,-9.849221125e-06,-3.795147058e-06,3.009484804e-06,1.902552833e-06,-4.890988193e-06,-2.349895937e-06,-1.278638823e-05
2.895000000e+01,-4.755903466e-06,-8.307432188e-06,-5.292763907e-06,-3.608609939e-06,-1.002668118e-05,-1.745435371e-06,-6.936503704e-06,-7.585587547e-07,-8.344170295e-06,3.882875532e-06,-9.229952255e-06,-8.301676738e-06
2.896000000e+01,-9.289773531e-07,9.444443384e-06,1.020159939e-05,1.060513615e-06,-1.315479163e-06,-5.736458701e-06,-6.678983230e-07,-2.477364653e-06,-1.482124603e-05,-1.302737717e-05,-1.695500222e-06,-3.001847588e-06
2.897000000e+01,-1.683858803e-05,-1.629048059e-06,-5.975804691e-06,6.404745516e-06,-6.000074053e-06,-2.119522425e-06,-1.175232503e-05,-1.881472269e-05,1.775949765e-07,-2.719677907e-06,-1.629795205e-06,-1.791071941e-05
2.898000000e+01,-5.334884579e-06,-4.520474811e-06,-3.744428492e-06,-7.413707572e-06,-3.908774590e-06,-6.432167863e-06,3.827247916e-06,4.964433469e-06,-8.038378305e-06,-5.248677631e-06,2.565355620e-06,-4.595731449e-07
2.899000000e+01,-3.861911876e-07,-1.106162287e-05,-1.248012500e-05,-9.001203330e-06,7.642667320e-06,3.670430718e-06,-1.196725998e-06,-4.330849329e-06,4.676770094e-06,1.433237581e-06,2.801893221e-06,1.826236757e-06
2.900000000e+01,-2.093106324e-06,-4.853818160e-06,-6.626918522e-06,-3.851304448e-07,5.273346164e-06,-4.817221028e-06,-1.504458256e-05,-3.790489637e-07,-1.418206885e-06,-6.287969860e-07,1.237052168e-05,4.595528335e-06
2.901000000e+01,-9.054795290e-06,7.681907015e-07,2.204716919e-06,7.220459688e-06,-7.423173201e-06,1.027862693e-05,1.013992871e-05,1.180700890e-06,-8.896709361e-08,-1.115833696e-06,6.614420029e-06,8.338998567e-06
2.902000000e+01,2.432907937e-06,2.302740715e-06,6.696139513e-06,1.734492785e-06,4.003132122e-06,-1.793719822e-06,2.688429896e-06,3.677381537e-06,2.830775419e-06,6.936904831e-06,5.278261111e-06,9.566156996e-06
2.903000000e+01,1.665726463e-05,-4.560400826e-06,8.461813210e-06,-2.330321521e-06,7.498496628e-06,-7.592039050e-06,-4.999042424e-06,1.493673371e-05,8.993416664e-06,1.383867842e-05,9.412319146e-06,3.634299063e-06
2.904000000e+01,-4.019624281e-07,7.892648221e-06,8.635731128e-06,-5.381148575e-07,-2.423731692e-06,1.703787767e-05,-2.040592816e-06,1.075599672e-05,6.619800312e-06,9.838695156e-07,1.405155968e-05,1.211400061e-05
2.905000000e+01,1.882806126e-06,1.686953326e-05,-9.083362645e-06,3.046818365e-06,3.691606332e-06,-1.578488468e-07,-8.204901541e-07,5.288431101e-06,2.809057201e-06,7.625261540e-06,9.881259165e-06,8.091276976e-06
2.906000000e+01,-5.079727004e-06,1.068408948e-05,3.706137286e-06,-1.754715897e-05,1.421054856e-05,-3.423689721e-06,-5.071440082e-06,9.913213361e-06,2.599028672e-06,-1.061244697e-05,-2.659866430e-06,9.486010974e-06
2.907000000e+01,-5.172338247e-06,-2.740289258e-06,7.992143911e-06,-1.886487269e-05,-5.824940666e-06,-6.596022230e-06,-5.570106190e-06,-6.955980514e-06,2.958032499e-06,-3.688181731e-06,-1.258873941e-06,1.713368119e-06
2.908000000e+01,6.418879685e-07,-1.143649169e-05,1.023825512e-05,2.898129502e-06,-7.461187087e-06,-1.223448019e-06,-1.310376785e-05,1.414274416e-06,-1.480257225e-05,5.331151659e-06,-1.065669666e-06,-3.464463588e-08
2.909000000e+01,-8.786377194e-06,3.230625595e-06,1.438297288e-06,-8.366839752e-06,2.953775809e-06,-8.559660069e-06,-2.349377280e-06,-2.682602991e-07,-2.802206216e-06,3.243050906e-06,9.283687299e-07,-8.619116990e-06
2.910000000e+01,-5.827282188e-06,2.285835599e-05,-5.528028794e-06,1.359109228e-06,-3.875841215e-06,-7.164266643e-06,5.433058241e-06,-1.715553660e-06,4.244504371e-06,-1.321459596e-05,6.271083824e-06,-2.860953400e-06
2.911000000e+01,1.393860249e-06,5.660030926e-06,3.753803820e-06,-3.709620498e-06,-4.919508445e-06,-6.569211338e-06,-4.277240980e-06,2.838278985e-06,1.701937423e-05,-1.083691719e-06,3.082424369e-06,6.541847863e-06
2.912000000e+01,1.579804541e-05,6.745717639e-07,1.046660801e-05,1.854391846e-05,7.225627422e-06,1.008124776e-05,1.076561871e-05,1.084721048e-05,1.502232067e-06,5.827003118e-07,8.243957234e-07,5.423690617e-06
2.913000000e+01,6.877090261e-06,-2.156747030e-06,6.001004907e-06,4.960535361e-06,2.420528759e-06,1.948673972e-05,1.031708953e-05,1.464552228e-05,3.450247709e-06,8.542855345e-06,1.536256076e-05,1.129870257e-05
2.914000000e+01,7.456421330e-06,4.173110964e-06,1.562848677e-05,4.975708931e-06,1.698103343e-05,1.262889682e-05,3.813039320e-06,8.787053287e-06,1.539172928e-05,7.965471121e-06,9.947040452e-06,5.038957717e-06
2.915000000e+01,6.252551721e-06,1.471035284e-05,-3.191732511e-06,4.910221858e-06,1.027530795e-05,-1.775386107e-06,2.122385196e-06,-2.663192661e-06,-3.155195182e-06,4.280654933e-06,6.202008350e-06,8.394827187e-07
2.916000000e+01,1.441486791e-05,-6.674665118e-06,4.257406678e-06,-1.505241567e-06,-1.395918143e-05,-1.230876127e-05,4.605897339e-06,-9.698571291e-07,-6.772970990e-06,1.252240531e-05,1.976610172e-06,-6.011976191e-06
2.917000000e+01,3.679961249e-06,2.244602140e-06,-1.881868830e-06,-8.533340023e-06,-9.468783857e-07,2.559769439e-07,-3.458044902e-06,-5.326676881e-06,-5.861651838e-06,1.200995082e-05,-1.145065890e-06,-3.126230032e-06
2.918000000e+01,-2.842825866e-06,3.063872874e-06,-9.485144104e-06,-9.804297078e-06,9.444399041e-06,-4.360351010e-07,-9.308004989e-06,-2.408957237e-06,-1.141480646e-05,-5.689687136e-06,3.146949287e-06,-2.240461587e-06
2.919000000e+01,-9.690956827e-06,-9.687056631e-06,-8.670553212e-06,-1.119961767e-05,-1.086605330e-05,-8.036408405e-06,-1.239838474e-05,-7.246158627e-06,-1.543325772e-05,6.874194027e-07,-1.607724479e-05,-2.266490105e-05
2.920000000e+01,7.322740869e-07,8.686381113e-07,-1.499943793e-05,-1.118206386e-05,-5.663276745e-06,-6.350830517e-06,-5.561302889e-06,-7.468646014e-06,-1.762298148e-05,-1.247807397e-06,1.740706699e-06,-6.195942143e-06
2.921000000e+01,-1.245357807e-05,-8.656503221e-06,-2.649555015e-06,-1.452107110e-05,-4.729689456e-06,9.417375974e-08,-1.445646403e-05,-1.306292843e-05,-9.503038974e-06,4.372790096e-06,-4.283019366e-08,-6.764184872e-06
2.922000000e+01,4.316478144e-06,4.395411673e-06,4.816619228e-07,-4.551441251e-06,2.734826179e-06,-4.233915859e-06,-3.978886453e-06,-1.291614453e-05,-1.893721541e-05,-5.698844522e-06,-5.986789887e-07,7.559773225e-07
2.923000000e+01,-5.988256341e-07,-9.658036193e-06,-5.553463776e-07,-7.592718348e-06,-2.357154187e-06,4.779442046e-06,-1.191589293e-05,9.769976992e-06,-5.750069619e-06,4.279041766e-06,8.539229865e-06,8.570233169e-06
2.924000000e+01,-1.131266660e-05,1.289100711e-05,1.096440440e-06,2.810091091e-06,4.589878661e-06,3.619528329e-06,5.644235130e-06,-2.222073666e-06,3.409202130e-07,-1.181080114e-05,-8.725180000e-07,-3.178266217e-06
2.925000000e+01,-2.277540151e-06,8.403373159e-06,2.128224226e-05,-1.825119842e-07,-7.861258552e-06,-1.712575951e-05,6.832545937e-07,7.573034205e-06,4.137424152e-06,8.291699271e-06,1.258979298e-05,1.083372033e-05
2.926000000e+01,6.638585912e-06,-1.482526263e-05,2.613917938e-06,-9.453165011e-07,-1.779864336e-06,3.713592507e-06,-7.593100970e-06,-1.737045189e-06,1.226660859e-05,-9.979968411e-07,1.045554564e-05,-4.825795545e-06
2.927000000e+01,2.850945676e-06,-1.118925042e-06,-3.885680323e-06,8.576607471e-06,-4.514278212e-06,7.289453375e-06,-2.662340798e-07,-7.499892761e-06,-4.157133509e-06,-1.106750969e-05,3.440925720e-06,-2.746936877e-06
2.928000000e+01,-1.018636550e-05,3.841564311e-06,3.289931253e-06,4.855933830e-06,3.407601625e-06,-1.219572641e-05,-7.935787517e-06,3.240612373e-07,-1.071694444e-05,-2.035110745e-06,-6.398817016e-06,-1.029316087e-05
2.929000000e+01,-2.081777470e-05,-1.036652506e-06,-1.696534786e-05,-5.364318001e-06,-2.104194460e-05,4.081944187e-06,-2.231678656e-05,7.454140283e-06,-2.065344833e-06,-1.525273467e-06,-8.461757090e-06,-8.609520428e-06
2.930000000e+01,7.364082392e-07,-1.546132754e-05,-4.339729538e-06,-1.624138454e-07,-2.450687839e-06,-6.144531182e-06,1.427393178e-06,1.265111475e-06,-1.371865803e-05,-1.712669596e-05,-5.976097960e-06,-1.018496616e-05
2.931000000e+01,1.093346340e-06,-9.623566500e-06,-1.319137827e-05,-2.844588740e-06,-1.000601856e-05,-4.370020208e-06,-1.497320275e-05,-5.395305784e-06,4.004287309e-06,-2.495144412e-06,-5.980498523e-06,-1.289391730e-05
2.932000000e+01,-7.307213964e-06,-7.031678208e-06,-6.905824963e-07,1.077067581e-06,-8.187350842e-06,-7.722751108e-06,1.558974978e-07,-7.518986532e-07,1.454166072e-05,-7.585289794e-06,-6.799084014e-06,-7.787898012e-06
2.933000000e+01,5.280519379e-06,-4.115573801e-06,6.156694879e-06,6.866999731e-06,4.672925304e-06,1.367105140e-07,2.764488601e-06,-2.009643372e-05,3.017071815e-06,-5.501066227e-06,4.191596710e-06,-6.725091333e-06
2.934000000e+01,-2.968894935e-06,8.455303927e-06,6.993737073e-06,-6.624224593e-07,8.990755492e-06,6.003778512e-06,2.779922445e-06,1.453698847e-06,1.059883964e-05,-5.797202380e-06,8.690567807e-07,2.154820146e-06
2.935000000e+01,7.360437895e-06,5.115046755e-06,1.136857238e-05,1.337107825e-05,-6.858090675e-06,8.894992377e-06,1.593665496e-05,1.310960119e-05,-1.890845239e-06,-8.185483908e-06,-6.869425946e-06,4.032277596e-06
2.936000000e+01,1.464181236e-06,8.950273943e-06,6.681382063e-06,1.993764715e-05,6.710969152e-06,1.275844602e-05,1.050008900e-06,8.682849856e-06,1.785953947e-06,4.436199234e-06,3.352154126e-06,1.182585122e-05
2.937000000e+01,5.684804271e-07,-2.404139654e-06,7.171202869e-06,2.232816861e-06,5.620358228e-06,1.393188994e-05,2.007411591e-06,1.202949925e-05,4.922630114e-06,1.201614911e-05,1.305435542e-05,7.171636387e-06
2.938000000e+01,-4.559815113e-06,1.987495090e-05,4.895561867e-06,3.279470142e-06,3.759608483e-06,1.471035851e-05,-7.081382041e-06,1.777996317e-06,-4.294392808e-06,-9.679277821e-07,-1.070120510e-06,9.540994540e-06
2.939000000e+01,1.360498363e-05,6.601301571e-06,-9.036965796e-07,5.688848130e-06,5.669531977e-06,-4.903279857e-06,-2.906392739e-06,2.708564151e-06,7.852946886e-06,1.122369201e-05,8.821949165e-06,-9.507538760e-07
2.940000000e+01,1.655904500e-05,5.514261830e-06,7.637572686e-06,-2.719991642e-05,4.063288815e-06,-2.137503109e-06,1.706348060e-05,6.891496110e-07,-4.508615400e-06,-1.361027865e-06,-4.865739666e-06,6.918444449e-06
2.941000000e+01,-3.726312192e-06,-5.439097543e-06,-4.449263873e-06,1.355736856e-05,-6.967800704e-08,-5.856820877e-06,7.542458717e-07,-2.505520868e-06,-2.819146775e-06,1.627226886e-06,6.546635315e-06,-8.615715408e-06
2.942000000e+01,-4.746638757e-06,-2.067057636e-06,6.617266480e-06,-5.291222679e-06,-8.674230478e-06,-6.430578781e-06,6.129695625e-06,-1.713972093e-05,-2.371514874e-06,-1.241280510e-06,-3.299607241e-06,5.570888909e-06
2.943000000e+01,4.451866276e-06,4.357130962e-06,-9.098102505e-06,-7.183489381e-06,4.241440106e-07,1.181798302e-05,3.029603627e-06,3.942050509e-06,2.887312761e-06,-7.139593368e-06,-3.924839892e-07,2.827782091e-06
2.944000000e+01,1.014848597e-05,1.277935128e-05,3.371410087e-06,-8.043575341e-06,7.588109216e-06,2.220707847e-07,7.558414652e-06,-5.246209924e-07,3.676019687e-08,5.833516202e-07,-8.140645348e-07,-1.799279305e-07
2.945000000e+01,1.222850022e-06,-7.122269342e-06,1.020715902e-05,2.531020806e-06,8.163392170e-06,7.350999128e-06,-7.388619567e-06,9.626075071e-08,1.169420943e-06,-4.306781277e-06,4.748777444e-06,7.991565007e-06
2.946000000e+01,1.841557610e-06,1.235279748e-06,4.920843361e-06,9.353439717e-06,1.617810067e-05,-3.907415015e-07,1.177631842e-05,2.207290685e-06,9.577015071e-06,1.018832023e-05,1.683287924e-05,9.286081320e-06
2.947000000e+01,-1.296270160e-07,9.527931122e-06,-1.576240666e-07,1.271138524e-05,-1.630115298e-06,7.274590473e-06,1.455924255e-05,5.098340294e-06,1.152170082e-05,1.750396156e-05,7.563002414e-06,-6.978858644e-06
2.948000000e+01,-1.065350771e-07,1.419479141e-05,8.623267386e-06,-8.773186886e-07,1.132919166e-05,1.658701690e-05,1.226310455e-05,2.717596147e-06,1.072217795e-05,8.055580088e-06,3.755586991e-06,1.305047054e-05
2.949000000e+01,1.822117289e-06,-1.139418118e-05,3.944891756e-06,4.392170006e-06,1.470071800e-05,1.166730422e-05,8.563031221e-06,4.742749769e-06,-2.167593734e-06,4.630106736e-06,4.719123887e-06,9.554919985e-06
2.950000000e+01,8.788130866e-06,1.643631906e-06,-1.475265152e-05,1.307995483e-07,5.441344874e-06,7.670505996e-06,1.729945190e-06,-9.045517448e-06,9.873550213e-06,-2.640410767e-06,-7.084336725e-06,-1.247367136e-05
2.951000000e+01,-9.514889765e-06,4.733523540e-06,-6.899708616e-07,-2.736551614e-06,-1.162412907e-05,3.064361064e-06,-6.886118145e-06,-1.232895988e-05,-2.523178804e-06,4.415440096e-06,-1.217426197e-05,-7.195456345e-07
2.952000000e+01,-2.121823930e-06,-1.149615013e-05,5.284285865e-06,-6.974483118e-06,-5.743744148e-06,-6.641410968e-06,-8.546058506e-06,-1.281329977e-06,4.435483725e-06,-8.312176632e-06,-3.092111368e-06,-5.735232918e-06
2.953000000e+01,-2.025192921e-05,-9.754135686e-06,-1.726069136e-06,-1.106330063e-05,-1.354201525e-05,-8.124669340e-06,-1.150891780e-05,5.829557784e-06,-2.438915636e-05,3.201593293e-07,-1.138599909e-05,-1.310451211e-05
2.954000000e+01,-5.247890714e-06,8.720582567e-07,-7.718798365e-06,1.274442516e-06,-8.411168553e-06,-1.218727649e-05,-8.029439772e-06,-5.788365254e-07,-1.784616930e-05,-1.143965960e-05,-3.678931932e-06,-6.842933564e-06
2.955000000e+01,-5.190516222e-06,2.164806092e-06,3.901988111e-06,1.614784669e-05,-4.517377931e-07,-8.056770117e-06,1.755032515e-05,-1.103896792e-05,-1.566612462e-05,9.122691283e-06,-6.321979239e-07,-7.374572389e-06
2.956000000e+01,-1.366387476e-06,-4.405538453e-06,-6.751519317e-06,-2.497185340e-07,-1.335530050e-05,-1.993396102e-06,3.622338921e-06,-3.620578876e-06,-7.289443251e-06,-1.168284607e-07,-5.767528905e-07,-2.860922434e-06
2.957000000e+01,3.893698558e-06,-1.500236947e-05,3.571496363e-06,-3.370746670e-06,8.125323479e-06,8.087890095e-06,-1.130660693e-05,5.696473501e-07,1.193774202e-05,2.218698904e-08,4.553954085e-06,-4.933569727e-07
2.958000000e+01,-1.133108642e-06,4.447884633e-06,1.369561887e-05,3.364330309e-06,4.661214225e-06,-5.594924358e-07,5.882172479e-06,2.221572022e-06,1.311591538e-07,1.248153628e-05,-7.112771809e-06,-6.056570683e-06
2.959000000e+01,-4.036986447e-06,4.933565718e-06,-5.478321314e-06,6.671809213e-06,9.470572613e-06,1.242630756e-06,3.858977253e-08,-4.881950064e-06,1.027240912e-05,-9.971721612e-07,-2.050769437e-06,7.348641932e-06
2.960000000e+01,-1.188206822e-05,-2.440755299e-06,3.390410543e-06,1.187359431e-05,-4.905288967e-06,-3.864881482e-06,9.892799820e-06,-3.408277766e-06,-9.527223483e-06,6.140131781e-07,-1.549977467e-05,3.047257331e-06
2.961000000e+01,-7.292648258e-06,3.044772971e-06,-3.458558109e-06,7.275557175e-07,-2.880298385e-06,1.284011287e-05,-4.336692989e-06,1.723364597e-05,4.450865587e-06,4.523111637e-06,-2.018116513e-05,8.802791532e-07
2.962000000e+01,-1.030788000e-05,-7.437056311e-06,4.841029483e-06,-9.803117015e-06,-1.423650017e-06,-3.278851597e-06,-1.006189381e-06,-5.278072608e-07,-1.202155490e-05,7.027023470e-06,7.937749902e-06,-6.384117547e-06
2.963000000e+01,-1.842347953e-05,2.227418197e-07,-5.863546636e-06,-1.633668324e-05,-8.079434227e-06,-1.136078635e-05,-8.321008465e-06,-2.935428037e-06,6.411037147e-06,-5.450612141e-06,-4.966759083e-06,-7.890752639e-06
2.964000000e+01,-1.500134983e-05,-7.800493700e-06,-1.225349447e-05,-1.106143289e-05,-1.404147997e-05,-6.700455755e-06,-2.229864121e-06,-4.382671115e-06,8.963420915e-06,-1.028672843e-05,-1.538817506e-07,-1.374645493e-05
2.965000000e+01,-1.048136096e-05,-1.047584787e-05,-9.395381248e-06,-9.019674936e-07,-2.813513499e-07,-1.047664062e-05,1.584349228e-06,-1.796262846e-05,-3.554893013e-06,-7.170789156e-06,3.582925070e-06,-5.585269617e-07
2.966000000e+01,8.809830417e-06,4.517904818e-06,2.369416858e-06,-7.975834350e-06,-9.451308421e-06,-8.152053893e-06,-8.809710830e-06,-1.017701595e-05,-9.897696690e-06,6.286535612e-06,-4.918361978e-06,1.351055102e-06
2.967000000e+01,2.958651297e-07,5.443130796e-07,-1.897478389e-05,1.757772258e-06,-1.140403814e-05,-4.363475380e-06,4.141098451e-06,8.996895593e-07,-2.144021831e-06,-2.706091426e-06,7.281650684e-06,-3.972840205e-06
2.968000000e+01,-1.959050930e-06,-1.035878004e-06,7.852610654e-06,2.608727437e-06,1.869424278e-05,4.185283995e-06,6.069508591e-06,-7.402091402e-07,6.111083288e-07,-3.593664618e-06,1.145762597e-05,5.013863811e-06
2.969000000e+01,1.028736715e-05,3.715558927e-06,2.449672406e-05,1.073954037e-05,-3.014572877e-06,4.575300458e-06,2.722511511e-06,1.115723276e-05,-7.374197508e-06,7.077752521e-07,-6.877894084e-07,-1.546592486e-06
2.970000000e+01,8.264578506e-06,-2.672959854e-06,-3.060032214e-06,6.080611126e-06,9.945063515e-06,9.316045029e-06,8.157564368e-06,7.664327770e-06,5.252329011e-06,4.708497654e-07,3.983629178e-06,2.685368794e-06
2.971000000e+01,1.168678087e-05,1.616836229e-05,-2.710346816e-06,4.458055519e-06,6.346278825e-08,-3.148208024e-06,3.102170271e-06,1.532603023e-05,8.668550751e-06,1.433552009e-07,7.286733334e-06,-2.669090857e-06
2.972000000e+01,1.098604362e-05,7.197970508e-06,-4.352797315e-06,2.313270304e-06,5.305391725e-06,4.061454638e-06,7.892205489e-06,6.753852540e-06,4.522320176e-06,3.103470712e-06,4.004636082e-06,5.968956242e-06
2.973000000e+01,1.557834117e-06,3.484526453e-06,1.647731715e-06,-2.489080337e-06,1.152914050e-05,1.327159277e-05,6.542916118e-06,4.843751868e-06,1.910561990e-05,-5.349088079e-07,1.025823377e-05,6.164435105e-06
2.974000000e+01,-1.334396240e-05,1.965091419e-06,-7.926484176e-06,7.665089480e-06,1.134411496e-06,-7.750840439e-06,-5.789237329e-06,-2.423994282e-05,-1.084764078e-05,-2.108006102e-06,-6.632373810e-06,-3.569328039e-06
2.975000000e+01,-3.635704316e-06,-1.861121152e-05,1.084707441e-05,-1.463463163e-06,4.516373470e-06,-2.467179583e-06,-8.237367603e-07,-1.008446302e-05,1.012818888e-05,8.862821372e-06,8.436829626e-06,1.076892526e-06
2.976000000e+01,-6.315531207e-06,1.473075879e-06,-1.582184184e-06,8.455735792e-07,4.396945701e-06,-1.157258855e-05,2.653641781e-06,-1.008516667e-05,-3.656849054e-06,-9.213237931e-06,3.717188680e-06,-1.037831754e-07
2.977000000e+01,1.775586110e-06,1.816377384e-06,-1.597228777e-06,-1.385840136e-05,-4.218245240e-06,3.446176305e-06,-1.329914127e-05,7.809717157e-06,8.567513069e-06,3.853697581e-06,9.922025167e-06,-3.654421950e-06
2.978000000e+01,3.007025873e-06,3.658552522e-06,-2.896906767e-06,2.194882901e-07,-2.734438348e-06,1.100293010e-06,3.565047173e-07,-2.042259364e-05,9.529861151e-06,2.155887988e-06,2.597955409e-06,-3.441481229e-06
2.979000000e+01,1.369100652e-05,7.611816084e-06,2.250436901e-06,8.077909873e-06,1.271759345e-05,-1.174332636e-06,7.598789942e-06,-3.657577757e-06,2.403926130e-05,-6.878425830e-06,1.599621199e-05,8.152840850e-06
2.980000000e+01,1.049565154e-05,5.359358490e-06,8.171954585e-06,1.721119671e-06,1.119249857e-05,2.150477207e-06,2.795888990e-06,5.935051372e-06,7.879328556e-06,-1.279698038e-06,8.211462824e-06,8.199947188e-06
2.981000000e+01,8.441493990e-06,3.104946579e-06,7.048810800e-06,2.374885609e-06,-3.004094827e-07,5.979143771e-06,8.738779968e-06,2.706893849e-07,1.438367235e-05,5.580018226e-06,5.947616451e-06,-1.260070112e-06
2.982000000e+01,6.811999712e-06,-7.855344225e-06,8.163392274e-06,1.840285171e-06,-6.473259556e-07,1.058356445e-06,-5.580645644e-06,1.167312482e-05,-5.384860752e-08,4.286881579e-07,1.917604326e-06,1.054857117e-05
2.983000000e+01,1.157358464e-05,1.192203365e-05,9.758447547e-06,-9.767578304e-07,-3.746564087e-06,-6.497289566e-06,1.734201048e-06,5.299371557e-06,7.916832566e-06,-4.586319279e-06,5.844178280e-06,2.819594790e-06
2.984000000e+01,7.557639034e-07,1.561417029e-06,-4.240921973e-06,5.132504689e-06,-9.894989831e-06,-1.254466963e-05,-4.857790273e-06,-5.417214031e-06,-1.965509990e-05,-1.165568367e-05,-1.219005505e-05,3.295908066e-06
2.985000000e+01,4.898979302e-06,-5.426349985e-06,-7.949285051e-06,-8.927686352e-06,-1.109710900e-05,-2.622408802e-06,-6.640964422e-06,-5.157692868e-06,-1.062000520e-05,-1.269080810e-05,-5.329672354e-06,-2.554586409e-07
2.986000000e+01,-4.068125882e-06,-4.352553996e-06,-1.431843401e-05,5.856452431e-06,1.533803464e-06,-1.677191349e-05,-1.024907645e-05,-1.143817460e-05,-1.227804280e-05,-7.797662303e-07,-1.363900164e-05,-6.210992313e-08
2.987000000e+01,-9.479755348e-06,-7.705105872e-07,7.264478959e-06,-1.535404629e-05,3.084180513e-06,-4.646717816e-06,5.839068304e-06,-1.206630737e-05,-1.760330991e-05,-9.077926841e-06,-2.474554798e-06,-2.422876211e-06
2.988000000e+01,-8.350020004e-06,-1.172064208e-05,-2.262168235e-06,-5.612238315e-07,-6.556859431e-07,6.040083787e-06,-1.536176175e-05,7.162610679e-07,1.394700363e-06,-2.131450522e-05,-4.646157589e-06,-7.044086946e-06
2.989000000e+01,-3.886009978e-06,-4.261532014e-06,-1.974409755e-06,3.033369625e-06,3.022416167e-06,-1.773412083e-06,-1.508088632e-05,-3.853777146e-06,-3.243541349e-06,-3.640763133e-06,-3.975914329e-07,1.014131318e-05
2.990000000e+01,-5.204396593e-06,-4.889168157e-06,8.122623311e-07,1.230393957e-05,5.609576662e-06,-1.788270524e-06,1.343879436e-05,8.597517589e-07,4.611303429e-06,-7.220215797e-06,9.219383699e-06,1.816057469e-09
2.991000000e+01,9.866076442e-06,-8.207902301e-07,7.526556459e-06,-5.820367635e-07,-5.753714543e-06,4.117121615e-06,2.311724209e-06,2.974700092e-06,-3.465838529e-06,1.207297308e-05,8.443968175e-06,-2.382828987e-06
2.992000000e+01,6.071741310e-06,1.359174321e-05,8.123127830e-06,2.748857421e-06,5.753297829e-06,6.272349284e-06,8.280635125e-06,-5.237332373e-06,7.541758888e-06,1.259274897e-05,-1.256181384e-06,5.513753718e-07
2.993000000e+01,4.809675747e-06,4.260385022e-06,-1.100357002e-05,-9.559470540e-06,-1.187165556e-05,3.497910258e-06,5.384109385e-06,3.324996627e-06,-9.614127413e-06,9.381717486e-06,4.772703211e-06,5.043044368e-06
2.994000000e+01,8.178448500e-06,-2.049432384e-06,-1.216915897e-05,-4.696723256e-06,2.439201326e-06,-1.258098556e-06,-4.177679588e-06,-4.854559082e-06,-2.642676882e-07,-1.587383428e-05,-2.693864619e-06,7.432131057e-07
2.995000000e+01,-2.900601499e-06,8.387934132e-06,-1.019839522e-05,-1.427000251e-05,-1.064254376e-05,7.655995073e-07,-4.235387199e-06,1.671282252e-06,-8.500148965e-06,-5.978508436e-06,-1.456211766e-05,4.815045345e-06
2.996000000e+01,-2.687464648e-06,-3.579736031e-06,-9.072855484e-06,8.791985321e-07,4.553333674e-06,-1.011749051e-05,-3.461544400e-06,3.746121466e-06,-1.084338604e-05,-2.862413095e-06,1.074014045e-06,-1.862272143e-05
2.997000000e+01,-3.847633841e-06,-1.064467417e-05,-1.017769754e-05,-2.350771563e-06,-1.901826948e-05,-7.764651251e-06,-2.146754659e-05,-3.576135411e-06,-2.527483788e-06,-8.771353048e-07,-5.370758537e-06,-8.595362835e-06
2.998000000e+01,-1.202429740e-05,-1.472634191e-05,5.161909124e-06,1.343291652e-06,-1.002796755e-05,-9.212819946e-06,-1.551835009e-05,-4.182170124e-06,-7.741679810e-06,1.153593311e-06,1.571442892e-06,-1.737050554e-05
2.999000000e+01,-1.976985277e-06,-3.204233177e-06,1.377467414e-06,-3.566553477e-06,7.778641496e-06,1.519660108e-06,-6.920125185e-06,2.187081470e-07,-1.393120589e-05,5.206537364e-06,-4.457676745e-06,-6.061462490e-06
